{
    "": [],
    "ajio": [],
    "trends.ajio": [
        {
            "product-id": "441120341",
            "avg-rating": "",
            "img-url": "https://assets.ajio.com/medias/sys_master/root/20220120/K9wk/61e98226aeb2695cdd2245fa/-78Wx98H-441120341-teal-MODEL.jpg",
            "price": 1499,
            "was-price": 1499,
            "name": "Panelled Zip-Front Training Tracksuit Jacket",
            "url": "/performax-panelled-zip-front-training-tracksuit-jacket/p/441120341_teal",
            "offer-price": 280.3,
            "rating-count": 0,
            "cat1": "Men",
            "cat2": "Western Wear",
            "cat3": "Jackets & Coats",
            "brand": "performax"
        },
        {
            "product-id": "441098729",
            "avg-rating": "",
            "img-url": "https://assets.ajio.com/medias/sys_master/root/20210611/Zb1L/60c3826baeb269a9e3e506a2/-78Wx98H-441098729-yellow-MODEL.jpg",
            "price": 448,
            "was-price": 1599,
            "name": "Round-Neck Straight Kurta with Placement Floral Print",
            "url": "/w-round-neck-straight-kurta-with-placement-floral-print/p/441098729_yellow",
            "offer-price": 334.87,
            "rating-count": 0,
            "cat1": "Women",
            "cat2": "Ethnic Wear",
            "cat3": "Kurtas",
            "brand": "w"
        },
        {
            "product-id": "441120348",
            "avg-rating": "",
            "img-url": "https://assets.ajio.com/medias/sys_master/root/20220120/ULKC/61e98248aeb2695cdd22484e/-78Wx98H-441120348-darkgrey-MODEL.jpg",
            "price": 1499,
            "was-price": 1499,
            "name": "Quickdry Double-Layered Shorts with Insert Pockets",
            "url": "/performax-quickdry-double-layered-shorts-with-insert-pockets/p/441120348_darkgrey",
            "offer-price": 280.3,
            "rating-count": 0,
            "cat1": "Men",
            "cat2": "Western Wear",
            "cat3": "Shorts & 3/4ths",
            "brand": "performax"
        },
        {
            "product-id": "441122968",
            "avg-rating": "",
            "img-url": "https://assets.ajio.com/medias/sys_master/root/20210607/Lfoj/60be37b5aeb269a9e3da99d8/-78Wx98H-441122968-jetblack-MODEL.jpg",
            "price": 300,
            "was-price": 999,
            "name": "Striped Straight Kurta with Godet",
            "url": "/fusion-striped-straight-kurta-with-godet/p/441122968_jetblack",
            "offer-price": 299.62,
            "rating-count": 0,
            "cat1": "Women",
            "cat2": "Ethnic Wear",
            "cat3": "Kurtas",
            "brand": "fusion"
        },
        {
            "product-id": "441123511",
            "avg-rating": "",
            "img-url": "https://assets.ajio.com/medias/sys_master/root/20210602/7b64/60b7a63bf997ddb312b53913/-78Wx98H-441123511-navy-MODEL.jpg",
            "price": 1299,
            "was-price": 1299,
            "name": "Printed Flared Kurta with Waist Tie-Up",
            "url": "/avaasa-mix-n-match-printed-flared-kurta-with-waist-tie-up/p/441123511_navy",
            "offer-price": 389.51,
            "rating-count": 0,
            "cat1": "Women",
            "cat2": "Ethnic Wear",
            "cat3": "Kurtas",
            "brand": "avaasa-mix-n-match"
        },
        {
            "product-id": "441123511",
            "avg-rating": "",
            "img-url": "https://assets.ajio.com/medias/sys_master/root/20210602/YAln/60b7a36ff997ddb312b52e23/-78Wx98H-441123511-magntafusha-MODEL.jpg",
            "price": 1299,
            "was-price": 1299,
            "name": "Printed Flared Kurta with Waist Tie-Up",
            "url": "/avaasa-mix-n-match-printed-flared-kurta-with-waist-tie-up/p/441123511_magntafusha",
            "offer-price": 389.51,
            "rating-count": 0,
            "cat1": "Women",
            "cat2": "Ethnic Wear",
            "cat3": "Kurtas",
            "brand": "avaasa-mix-n-match"
        },
        {
            "product-id": "441026310",
            "avg-rating": "",
            "img-url": "https://assets.ajio.com/medias/sys_master/root/20210610/vT0R/60c23345f997ddb312c4e9bd/-78Wx98H-441026310-green-MODEL.jpg",
            "price": 999,
            "was-price": 999,
            "name": "Straight Kurta with Embroidered Yoke",
            "url": "/aurelia-straight-kurta-with-embroidered-yoke/p/441026310_green",
            "offer-price": 417.84,
            "rating-count": 0,
            "cat1": "Women",
            "cat2": "Ethnic Wear",
            "cat3": "Kurtas",
            "brand": "aurelia"
        },
        {
            "product-id": "441098733",
            "avg-rating": "",
            "img-url": "https://assets.ajio.com/medias/sys_master/root/20210611/Hovd/60c381ebaeb269a9e3e50532/-78Wx98H-441098733-grey-MODEL.jpg",
            "price": 1299,
            "was-price": 1299,
            "name": "Printed Straight Kurta with Keyhole Neckline",
            "url": "/w-printed-straight-kurta-with-keyhole-neckline/p/441098733_grey",
            "offer-price": 485.86,
            "rating-count": 0,
            "cat1": "Women",
            "cat2": "Ethnic Wear",
            "cat3": "Kurtas",
            "brand": "w"
        },
        {
            "product-id": "441169557",
            "avg-rating": "",
            "img-url": "https://assets.ajio.com/medias/sys_master/root/20210609/ooWu/60bfba5daeb269a9e3dfbdca/-78Wx98H-441169557-indigoblue-MODEL.jpg",
            "price": 1899,
            "was-price": 1899,
            "name": "Striped Slim Fit Shirt with Patch Pocket",
            "url": "/monte-carlo-striped-slim-fit-shirt-with-patch-pocket/p/441169557_indigoblue",
            "offer-price": 1421.86,
            "rating-count": 0,
            "cat1": "Men",
            "cat2": "Western Wear",
            "cat3": "Shirts",
            "brand": "monte-carlo"
        },
        {
            "product-id": "441164256",
            "avg-rating": "",
            "img-url": "https://assets.ajio.com/medias/sys_master/root/20210609/DyIR/60c0d84baeb269a9e3e25253/-78Wx98H-441164256-offwhite-MODEL.jpg",
            "price": 1599,
            "was-price": 1599,
            "name": "Printed Straight Kurta with Mask",
            "url": "/juniper-printed-straight-kurta-with-mask/p/441164256_offwhite",
            "offer-price": 597.98,
            "rating-count": 0,
            "cat1": "Women",
            "cat2": "Ethnic Wear",
            "cat3": "Kurtas",
            "brand": "juniper"
        },
        {
            "product-id": "441164263",
            "avg-rating": "",
            "img-url": "https://assets.ajio.com/medias/sys_master/root/20231226/YIPq/658a8fa4ddf7791519ea976f/-78Wx98H-441164263-coral-MODEL.jpg",
            "price": 1259,
            "was-price": 2098,
            "name": "Floral Printed Pleated Jumpsuit with Mask",
            "url": "/juniper-floral-printed-pleated-jumpsuit-with-mask/p/441164263_coral",
            "offer-price": 942.67,
            "rating-count": 0,
            "cat1": "Women",
            "cat2": "Fusion Wear",
            "cat3": "Jumpsuit & Playsuits",
            "brand": "juniper"
        },
        {
            "product-id": "441121804",
            "avg-rating": "",
            "img-url": "https://assets.ajio.com/medias/sys_master/root/20210609/za1g/60bfb907aeb269a9e3dfb9fe/-78Wx98H-441121804-ecru-MODEL.jpg",
            "price": 999,
            "was-price": 999,
            "name": "Round-Neck Full-Sleeve Pullover",
            "url": "/teamspirit-round-neck-full-sleeve-pullover/p/441121804_ecru",
            "offer-price": 299.62,
            "rating-count": 0,
            "cat1": "Men",
            "cat2": "Western Wear",
            "cat3": "Sweaters & Cardigans",
            "brand": "teamspirit"
        },
        {
            "product-id": "441153314",
            "avg-rating": "",
            "img-url": "https://assets.ajio.com/medias/sys_master/root/20210610/8WaP/60c10af9f997ddb312c3ffa8/-78Wx98H-441153314-red-MODEL.jpg",
            "price": 1499,
            "was-price": 1499,
            "name": "Striped Polo T-shirt",
            "url": "/indian-terrain-striped-polo-t-shirt/p/441153314_red",
            "offer-price": 448.48,
            "rating-count": 0,
            "cat1": "Men",
            "cat2": "Western Wear",
            "cat3": "Tshirts",
            "brand": "indian-terrain"
        },
        {
            "product-id": "441156819",
            "avg-rating": "",
            "img-url": "https://assets.ajio.com/medias/sys_master/root/20210608/Azdl/60bf8fa3aeb269a9e3df7c3b/-78Wx98H-441156819-yellow-MODEL.jpg",
            "price": 854,
            "was-price": 1499,
            "name": "Embroidered Straight Kurta with Mandarin Collar",
            "url": "/aurelia-embroidered-straight-kurta-with-mandarin-collar/p/441156819_yellow",
            "offer-price": 638.34,
            "rating-count": 0,
            "cat1": "Women",
            "cat2": "Ethnic Wear",
            "cat3": "Kurtas",
            "brand": "aurelia"
        },
        {
            "product-id": "441164279",
            "avg-rating": "",
            "img-url": "https://assets.ajio.com/medias/sys_master/root/20210610/3Yve/60c22ef8f997ddb312c4d717/-78Wx98H-441164279-green-MODEL.jpg",
            "price": 883,
            "was-price": 1699,
            "name": "Printed Straight Kurta with Mask",
            "url": "/juniper-printed-straight-kurta-with-mask/p/441164279_green",
            "offer-price": 660.02,
            "rating-count": 0,
            "cat1": "Women",
            "cat2": "Ethnic Wear",
            "cat3": "Kurtas",
            "brand": "juniper"
        },
        {
            "product-id": "441121719",
            "avg-rating": "",
            "img-url": "https://assets.ajio.com/medias/sys_master/root/20210609/uM62/60bfba5df997ddb312c0cf4f/-78Wx98H-441121719-darkgrey-MODEL.jpg",
            "price": 1299,
            "was-price": 1299,
            "name": "Athleisure PC Heathered Quickdry Joggers",
            "url": "/performax-athleisure-pc-heathered-quickdry-joggers/p/441121719_darkgrey",
            "offer-price": 242.93,
            "rating-count": 0,
            "cat1": "Men",
            "cat2": "Western Wear",
            "cat3": "Track Pants",
            "brand": "performax"
        },
        {
            "product-id": "441117969",
            "avg-rating": "",
            "img-url": "https://assets.ajio.com/medias/sys_master/root/20210608/maRa/60bf91a3f997ddb312c0b8ab/-78Wx98H-441117969-rosegold-MODEL.jpg",
            "price": 1499,
            "was-price": 1499,
            "name": "Zip-Front Hoodie with Insert Pockets",
            "url": "/performax-zip-front-hoodie-with-insert-pockets/p/441117969_rosegold",
            "offer-price": 280.3,
            "rating-count": 0,
            "cat1": "Women",
            "cat2": "Western Wear",
            "cat3": "Sweatshirt & Hoodies",
            "brand": "performax"
        },
        {
            "product-id": "441164298",
            "avg-rating": "",
            "img-url": "https://assets.ajio.com/medias/sys_master/root/20210609/PNJM/60c0db1daeb269a9e3e25c22/-78Wx98H-441164298-black-MODEL.jpg",
            "price": 3299,
            "was-price": 3299,
            "name": "Floral Print A-line Maxi Dress",
            "url": "/juniper-floral-print-a-line-maxi-dress/p/441164298_black",
            "offer-price": 1235.43,
            "rating-count": 0,
            "cat1": "Women",
            "cat2": "Fusion Wear",
            "cat3": "Dresses & Gowns",
            "brand": "juniper"
        },
        {
            "product-id": "441164258",
            "avg-rating": "",
            "img-url": "https://assets.ajio.com/medias/sys_master/root/20210609/yKO2/60c0f047aeb269a9e3e2a969/-78Wx98H-441164258-black-MODEL.jpg",
            "price": 450,
            "was-price": 1499,
            "name": "Striped Straight Kurta with Mask",
            "url": "/juniper-striped-straight-kurta-with-mask/p/441164258_black",
            "offer-price": 336.36,
            "rating-count": 0,
            "cat1": "Women",
            "cat2": "Ethnic Wear",
            "cat3": "Kurtas",
            "brand": "juniper"
        },
        {
            "product-id": "441152993",
            "avg-rating": "",
            "img-url": "https://assets.ajio.com/medias/sys_master/root/20210609/sEB1/60c0e930f997ddb312c3cbcf/-78Wx98H-441152993-wine-MODEL.jpg",
            "price": 4999,
            "was-price": 4999,
            "name": "Embellished Kalidar Lehenga Choli Set",
            "url": "/juniper-embellished-kalidar-lehenga-choli-set/p/441152993_wine",
            "offer-price": 1498.75,
            "rating-count": 0,
            "cat1": "Women",
            "cat2": "Ethnic Wear",
            "cat3": "Lehenga Choli Sets",
            "brand": "juniper"
        },
        {
            "product-id": "441164268",
            "avg-rating": "",
            "img-url": "https://assets.ajio.com/medias/sys_master/root/20210609/9GHu/60c0ec75f997ddb312c3da49/-78Wx98H-441164268-black-MODEL.jpg",
            "price": 1699,
            "was-price": 1699,
            "name": "Palazzo Pants with Insert Pockets",
            "url": "/juniper-palazzo-pants-with-insert-pockets/p/441164268_black",
            "offer-price": 1272.12,
            "rating-count": 0,
            "cat1": "Women",
            "cat2": "Fusion Wear",
            "cat3": "Pants",
            "brand": "juniper"
        },
        {
            "product-id": "441164251",
            "avg-rating": "",
            "img-url": "https://assets.ajio.com/medias/sys_master/root/20210609/U3w4/60c0e1abf997ddb312c3ab5a/-78Wx98H-441164251-skyblue-MODEL.jpg",
            "price": 1299,
            "was-price": 1299,
            "name": "Printed Round-Neck Flared Tunic with Mask",
            "url": "/juniper-printed-round-neck-flared-tunic-with-mask/p/441164251_skyblue",
            "offer-price": 972.62,
            "rating-count": 0,
            "cat1": "Women",
            "cat2": "Ethnic Wear",
            "cat3": "Kurtis & Tunics",
            "brand": "juniper"
        },
        {
            "product-id": "440746473",
            "avg-rating": "",
            "img-url": "https://assets.ajio.com/medias/sys_master/root/20210609/QNf6/60c0dee0aeb269a9e3e26a13/-78Wx98H-440746473-brown-MODEL.jpg",
            "price": 669,
            "was-price": 669,
            "name": "1250 Wirefree Non-Padded Super Combed Cotton Elastane Stretch Full Coverage Everyday Bra with Contoured Shaper Panel and Adjustable Straps",
            "url": "/jockey-1250-wirefree-non-padded-super-combed-cotton-elastane-stretch-full-coverage-everyday-bra-with-contoured-shaper-panel-and-adjustable-straps/p/440746473_brown",
            "offer-price": 608.79,
            "rating-count": 0,
            "cat1": "Women",
            "cat2": "Lingerie & Innerwear",
            "cat3": "Bras",
            "brand": "jockey"
        },
        {
            "product-id": "441152985",
            "avg-rating": "",
            "img-url": "https://assets.ajio.com/medias/sys_master/root/20210609/6tk4/60c0e22baeb269a9e3e27616/-78Wx98H-441152985-black-MODEL.jpg",
            "price": 1710,
            "was-price": 4499,
            "name": "Embellished V-neck Saree-Style Dress",
            "url": "/juniper-embellished-v-neck-saree-style-dress/p/441152985_black",
            "offer-price": 1280.35,
            "rating-count": 0,
            "cat1": "Women",
            "cat2": "Fusion Wear",
            "cat3": "Dresses & Gowns",
            "brand": "juniper"
        },
        {
            "product-id": "441164257",
            "avg-rating": "",
            "img-url": "https://assets.ajio.com/medias/sys_master/root/20231226/s9EB/658a9364afa4cf41f5eb5dff/-78Wx98H-441164257-offwhite-MODEL.jpg",
            "price": 1799,
            "was-price": 2999,
            "name": "Printed Layered Dress with Mask",
            "url": "/juniper-printed-layered-dress-with-mask/p/441164257_offwhite",
            "offer-price": 1346.99,
            "rating-count": 0,
            "cat1": "Women",
            "cat2": "Fusion Wear",
            "cat3": "Dresses & Gowns",
            "brand": "juniper"
        },
        {
            "product-id": "441164296",
            "avg-rating": "",
            "img-url": "https://assets.ajio.com/medias/sys_master/root/20210610/wgtx/60c2405af997ddb312c51f96/-78Wx98H-441164296-pink-MODEL.jpg",
            "price": 3599,
            "was-price": 3599,
            "name": "Mirror-Work Layered Tiered Dress with Mask",
            "url": "/juniper-mirror-work-layered-tiered-dress-with-mask/p/441164296_pink",
            "offer-price": 2696.99,
            "rating-count": 0,
            "cat1": "Women",
            "cat2": "Fusion Wear",
            "cat3": "Dresses & Gowns",
            "brand": "juniper"
        },
        {
            "product-id": "441153315",
            "avg-rating": "",
            "img-url": "https://assets.ajio.com/medias/sys_master/root/20210610/Vxiv/60c10c58f997ddb312c40518/-78Wx98H-441153315-navy-MODEL.jpg",
            "price": 1499,
            "was-price": 1499,
            "name": "Striped Polo T-shirt",
            "url": "/indian-terrain-striped-polo-t-shirt/p/441153315_navy",
            "offer-price": 448.48,
            "rating-count": 0,
            "cat1": "Men",
            "cat2": "Western Wear",
            "cat3": "Tshirts",
            "brand": "indian-terrain"
        },
        {
            "product-id": "441114433",
            "avg-rating": "",
            "img-url": "https://assets.ajio.com/medias/sys_master/root/20210609/KCQI/60bfb79baeb269a9e3dfb33d/-78Wx98H-441114433-blue-MODEL.jpg",
            "price": 639,
            "was-price": 799,
            "name": "City Shorts with Elasticated Drawstring Waist",
            "url": "/dnmx-city-shorts-with-elasticated-drawstring-waist/p/441114433_blue",
            "offer-price": 477.64,
            "rating-count": 0,
            "cat1": "Men",
            "cat2": "Western Wear",
            "cat3": "Shorts & 3/4ths",
            "brand": "dnmx"
        },
        {
            "product-id": "440791970",
            "avg-rating": "",
            "img-url": "https://assets.ajio.com/medias/sys_master/root/20210609/sOQf/60c0ec81f997ddb312c3dacd/-78Wx98H-440791970-ltgrey-MODEL.jpg",
            "price": 799,
            "was-price": 799,
            "name": "1723 Wirefree Padded Super Combed Cotton Elastane Stretch Medium Coverage Lace Styling T-Shirt Bra with Adjustable Straps",
            "url": "/jockey-1723-wirefree-padded-super-combed-cotton-elastane-stretch-medium-coverage-lace-styling-t-shirt-bra-with-adjustable-straps/p/440791970_ltgrey",
            "offer-price": 727.09,
            "rating-count": 0,
            "cat1": "Women",
            "cat2": "Lingerie & Innerwear",
            "cat3": "Bras",
            "brand": "jockey"
        },
        {
            "product-id": "441116155",
            "avg-rating": "",
            "img-url": "https://assets.ajio.com/medias/sys_master/root/20210607/vwoD/60be3985f997ddb312bbacc5/-78Wx98H-441116155-ltpink-MODEL.jpg",
            "price": 1299,
            "was-price": 1299,
            "name": "Printed Flared Kurta with Mandarin Collar",
            "url": "/avaasa-mix-n-match-printed-flared-kurta-with-mandarin-collar/p/441116155_ltpink",
            "offer-price": 389.51,
            "rating-count": 0,
            "cat1": "Women",
            "cat2": "Ethnic Wear",
            "cat3": "Kurtas",
            "brand": "avaasa-mix-n-match"
        },
        {
            "product-id": "441182808",
            "avg-rating": "",
            "img-url": "https://assets.ajio.com/medias/sys_master/root/20210622/jn1W/60d0e2faf997ddb312e31c2f/-78Wx98H-441182808-darkgrey-MODEL.jpg",
            "price": 1099,
            "was-price": 1099,
            "name": "Slim Fit Polo T-shirt with Contrast Tipping",
            "url": "/produkt-by-jack-jones-slim-fit-polo-t-shirt-with-contrast-tipping/p/441182808_darkgrey",
            "offer-price": 205.56,
            "rating-count": 0,
            "cat1": "Men",
            "cat2": "Western Wear",
            "cat3": "Tshirts",
            "brand": "produkt-by-jack-jones"
        },
        {
            "product-id": "441115700",
            "avg-rating": "",
            "img-url": "https://assets.ajio.com/medias/sys_master/root/20210607/x1O6/60be37bfaeb269a9e3da9a21/-78Wx98H-441115700-turquoise-MODEL.jpg",
            "price": 1499,
            "was-price": 1499,
            "name": "Printed Layered Sleeveless Kurta",
            "url": "/avaasa-mix-n-match-printed-layered-sleeveless-kurta/p/441115700_turquoise",
            "offer-price": 449.44,
            "rating-count": 0,
            "cat1": "Women",
            "cat2": "Ethnic Wear",
            "cat3": "Kurtas",
            "brand": "avaasa-mix-n-match"
        },
        {
            "product-id": "441122525",
            "avg-rating": "",
            "img-url": "https://assets.ajio.com/medias/sys_master/root/20210608/ciEn/60be661bf997ddb312bbb51c/-78Wx98H-441122525-mediumblue-MODEL.jpg",
            "price": 1699,
            "was-price": 1699,
            "name": "Men Heavily Washed Jogger Jeans",
            "url": "/dnmx-men-heavily-washed-jogger-jeans/p/441122525_mediumblue",
            "offer-price": 509.36,
            "rating-count": 0,
            "cat1": "Men",
            "cat2": "Western Wear",
            "cat3": "Jeans",
            "brand": "dnmx"
        },
        {
            "product-id": "440862648",
            "avg-rating": "",
            "img-url": "https://assets.ajio.com/medias/sys_master/root/20210608/pW62/60be6ac8aeb269a9e3dab708/-78Wx98H-440862648-black-MODEL.jpg",
            "price": 999,
            "was-price": 999,
            "name": "Numeric Print Crew-Neck T-shirt",
            "url": "/crimsoune-club-numeric-print-crew-neck-t-shirt/p/440862648_black",
            "offer-price": 747.99,
            "rating-count": 0,
            "cat1": "Men",
            "cat2": "Western Wear",
            "cat3": "Tshirts",
            "brand": "crimsoune-club"
        },
        {
            "product-id": "441182820",
            "avg-rating": "",
            "img-url": "https://assets.ajio.com/medias/sys_master/root/20210608/UFEj/60be660df997ddb312bbb486/-78Wx98H-441182820-navy-MODEL.jpg",
            "price": 1099,
            "was-price": 1099,
            "name": "Slim Fit Polo T-shirt with Contrast Tipping",
            "url": "/produkt-by-jack-jones-slim-fit-polo-t-shirt-with-contrast-tipping/p/441182820_navy",
            "offer-price": 205.56,
            "rating-count": 0,
            "cat1": "Men",
            "cat2": "Western Wear",
            "cat3": "Tshirts",
            "brand": "produkt-by-jack-jones"
        },
        {
            "product-id": "441182791",
            "avg-rating": "",
            "img-url": "https://assets.ajio.com/medias/sys_master/root/20210622/VkxP/60d0df4ff997ddb312e30c9e/-78Wx98H-441182791-peach-MODEL.jpg",
            "price": 525,
            "was-price": 1499,
            "name": "Slim Fit Cotton Shirt",
            "url": "/produkt-by-jack-jones-slim-fit-cotton-shirt/p/441182791_peach",
            "offer-price": 392.42,
            "rating-count": 0,
            "cat1": "Men",
            "cat2": "Western Wear",
            "cat3": "Shirts",
            "brand": "produkt-by-jack-jones"
        },
        {
            "product-id": "441121530",
            "avg-rating": "",
            "img-url": "https://assets.ajio.com/medias/sys_master/root/20210609/1rpO/60bfc75aaeb269a9e3dfe7fb/-78Wx98H-441121530-khaki-MODEL.jpg",
            "price": 1999,
            "was-price": 1999,
            "name": "Slim Fit High-Neck Bomber Jacket",
            "url": "/john-players-slim-fit-high-neck-bomber-jacket/p/441121530_khaki",
            "offer-price": 679.66,
            "rating-count": 0,
            "cat1": "Men",
            "cat2": "Western Wear",
            "cat3": "Jackets & Coats",
            "brand": "john-players"
        },
        {
            "product-id": "441169585",
            "avg-rating": "",
            "img-url": "https://assets.ajio.com/medias/sys_master/root/20210609/9uN4/60bfc0fef997ddb312c0ec72/-78Wx98H-441169585-orange-MODEL.jpg",
            "price": 1499,
            "was-price": 1499,
            "name": "Shirt with Patch Pocket",
            "url": "/monte-carlo-shirt-with-patch-pocket/p/441169585_orange",
            "offer-price": 671.98,
            "rating-count": 0,
            "cat1": "Men",
            "cat2": "Western Wear",
            "cat3": "Shirts",
            "brand": "monte-carlo"
        },
        {
            "product-id": "441121709",
            "avg-rating": "",
            "img-url": "https://assets.ajio.com/medias/sys_master/root/20210609/U346/60bfbe2ef997ddb312c0e085/-78Wx98H-441121709-darkgrey-MODEL.jpg",
            "price": 1299,
            "was-price": 1299,
            "name": "Athleisure PC Quickdry Heathered Joggers",
            "url": "/performax-athleisure-pc-quickdry-heathered-joggers/p/441121709_darkgrey",
            "offer-price": 242.93,
            "rating-count": 0,
            "cat1": "Men",
            "cat2": "Western Wear",
            "cat3": "Track Pants",
            "brand": "performax"
        },
        {
            "product-id": "441156796",
            "avg-rating": "",
            "img-url": "https://assets.ajio.com/medias/sys_master/root/20210608/G8mY/60bf9210aeb269a9e3dfa1c2/-78Wx98H-441156796-green-MODEL.jpg",
            "price": 833,
            "was-price": 1699,
            "name": "Straight Kurta with Embroidered Yoke",
            "url": "/aurelia-straight-kurta-with-embroidered-yoke/p/441156796_green",
            "offer-price": 622.65,
            "rating-count": 0,
            "cat1": "Women",
            "cat2": "Ethnic Wear",
            "cat3": "Kurtas",
            "brand": "aurelia"
        },
        {
            "product-id": "441117969",
            "avg-rating": "",
            "img-url": "https://assets.ajio.com/medias/sys_master/root/20210608/M5Ia/60bf91c9aeb269a9e3df9da0/-78Wx98H-441117969-darkgreen-MODEL.jpg",
            "price": 1499,
            "was-price": 1499,
            "name": "Quickdry Zip-Front Hoodie with Insert Pockets",
            "url": "/performax-quickdry-zip-front-hoodie-with-insert-pockets/p/441117969_darkgreen",
            "offer-price": 280.3,
            "rating-count": 0,
            "cat1": "Women",
            "cat2": "Western Wear",
            "cat3": "Sweatshirt & Hoodies",
            "brand": "performax"
        },
        {
            "product-id": "441115752",
            "avg-rating": "",
            "img-url": "https://assets.ajio.com/medias/sys_master/root/20210608/Q2qu/60bf91cbf997ddb312c0bb04/-78Wx98H-441115752-olive-MODEL.jpg",
            "price": 1299,
            "was-price": 1299,
            "name": "Floral Print Flared Dress with Waist Belt",
            "url": "/fig-floral-print-flared-dress-with-waist-belt/p/441115752_olive",
            "offer-price": 389.51,
            "rating-count": 0,
            "cat1": "Women",
            "cat2": "Western Wear",
            "cat3": "Dresses",
            "brand": "fig"
        },
        {
            "product-id": "441169585",
            "avg-rating": "",
            "img-url": "https://assets.ajio.com/medias/sys_master/root/20210609/ojXc/60bfc0f5f997ddb312c0ebbb/-78Wx98H-441169585-pink-MODEL.jpg",
            "price": 1499,
            "was-price": 1499,
            "name": "Shirt with Button-Down Collar",
            "url": "/monte-carlo-shirt-with-button-down-collar/p/441169585_pink",
            "offer-price": 1122.37,
            "rating-count": 0,
            "cat1": "Men",
            "cat2": "Western Wear",
            "cat3": "Shirts",
            "brand": "monte-carlo"
        },
        {
            "product-id": "441124483",
            "avg-rating": "",
            "img-url": "https://assets.ajio.com/medias/sys_master/root/20210609/rMKi/60bfbae5f997ddb312c0d1ef/-78Wx98H-441124483-aqua-MODEL.jpg",
            "price": 999,
            "was-price": 999,
            "name": "Self-Striped Shirt with Mandarin Collar",
            "url": "/netplay-self-striped-shirt-with-mandarin-collar/p/441124483_aqua",
            "offer-price": 299.62,
            "rating-count": 0,
            "cat1": "Men",
            "cat2": "Western Wear",
            "cat3": "Shirts",
            "brand": "netplay"
        },
        {
            "product-id": "441164278",
            "avg-rating": "",
            "img-url": "https://assets.ajio.com/medias/sys_master/root/20210609/ZdfM/60c0ebfcf997ddb312c3d7fe/-78Wx98H-441164278-green-MODEL.jpg",
            "price": 765,
            "was-price": 1699,
            "name": "Printed Straight Kurta with Mask",
            "url": "/juniper-printed-straight-kurta-with-mask/p/441164278_green",
            "offer-price": 571.82,
            "rating-count": 0,
            "cat1": "Women",
            "cat2": "Ethnic Wear",
            "cat3": "Kurtas",
            "brand": "juniper"
        },
        {
            "product-id": "441120431",
            "avg-rating": "",
            "img-url": "https://assets.ajio.com/medias/sys_master/root/20210609/1VBk/60bfc7a0aeb269a9e3dfea00/-78Wx98H-441120431-mediumblue-MODEL.jpg",
            "price": 699,
            "was-price": 699,
            "name": "Checked Slim Fit Polo T-shirt",
            "url": "/netplay-checked-slim-fit-polo-t-shirt/p/441120431_mediumblue",
            "offer-price": 279.6,
            "rating-count": 0,
            "cat1": "Men",
            "cat2": "Western Wear",
            "cat3": "Tshirts",
            "brand": "netplay"
        },
        {
            "product-id": "441164254",
            "avg-rating": "",
            "img-url": "https://assets.ajio.com/medias/sys_master/root/20210611/Gazp/60c3a669aeb269a9e3e57e0d/-78Wx98H-441164254-navy-MODEL.jpg",
            "price": 3499,
            "was-price": 3499,
            "name": "Printed Layered Flared Dress with Side Tie-Ups",
            "url": "/juniper-printed-layered-flared-dress-with-side-tie-ups/p/441164254_navy",
            "offer-price": 2622.06,
            "rating-count": 0,
            "cat1": "Women",
            "cat2": "Fusion Wear",
            "cat3": "Dresses & Gowns",
            "brand": "juniper"
        },
        {
            "product-id": "441164260",
            "avg-rating": "",
            "img-url": "https://assets.ajio.com/medias/sys_master/root/20210609/Csny/60c0ddebaeb269a9e3e26606/-78Wx98H-441164260-grey-MODEL.jpg",
            "price": 1799,
            "was-price": 1799,
            "name": "Floral Print Straight Kurta with Mask",
            "url": "/juniper-floral-print-straight-kurta-with-mask/p/441164260_grey",
            "offer-price": 672.73,
            "rating-count": 0,
            "cat1": "Women",
            "cat2": "Ethnic Wear",
            "cat3": "Kurtas",
            "brand": "juniper"
        },
        {
            "product-id": "441152984",
            "avg-rating": "",
            "img-url": "https://assets.ajio.com/medias/sys_master/root/20210611/cjlq/60c38bb6aeb269a9e3e5251b/-78Wx98H-441152984-brown-MODEL.jpg",
            "price": 3499,
            "was-price": 3499,
            "name": "Floral Foil Print Layered Flared Maxi Dress",
            "url": "/juniper-floral-foil-print-layered-flared-maxi-dress/p/441152984_brown",
            "offer-price": 732.53,
            "rating-count": 0,
            "cat1": "Women",
            "cat2": "Fusion Wear",
            "cat3": "Dresses & Gowns",
            "brand": "juniper"
        },
        {
            "product-id": "441164261",
            "avg-rating": "",
            "img-url": "https://assets.ajio.com/medias/sys_master/root/20210609/BIrS/60c0f28faeb269a9e3e2b122/-78Wx98H-441164261-beige-MODEL.jpg",
            "price": 1799,
            "was-price": 1799,
            "name": "Floral Print Straight Kurta with Mask",
            "url": "/juniper-floral-print-straight-kurta-with-mask/p/441164261_beige",
            "offer-price": 538.18,
            "rating-count": 0,
            "cat1": "Women",
            "cat2": "Ethnic Wear",
            "cat3": "Kurtas",
            "brand": "juniper"
        },
        {
            "product-id": "440929744",
            "avg-rating": "",
            "img-url": "https://assets.ajio.com/medias/sys_master/root/20240125/aq5k/65b2489a16fd2c6e6ac0e211/-78Wx98H-440929744-red-MODEL.jpg",
            "price": 449,
            "was-price": 449,
            "name": "SS12 Wirefree Non-Padded Super Combed Cotton Elastane Stretch Full Coverage Beginners Bra with Adjustable Straps",
            "url": "/jockey-ss12-wirefree-non-padded-super-combed-cotton-elastane-stretch-full-coverage-beginners-bra-with-adjustable-straps/p/440929744_red",
            "offer-price": 408.59,
            "rating-count": 0,
            "cat1": "Women",
            "cat2": "Lingerie & Innerwear",
            "cat3": "Bras",
            "brand": "jockey"
        },
        {
            "product-id": "441164279",
            "avg-rating": "",
            "img-url": "https://assets.ajio.com/medias/sys_master/root/20231226/QtQU/658a926eddf7791519eaa51a/-78Wx98H-441164279-maroon-MODEL.jpg",
            "price": 850,
            "was-price": 1699,
            "name": "Printed Straight Kurta with Mask",
            "url": "/juniper-printed-straight-kurta-with-mask/p/441164279_maroon",
            "offer-price": 635.35,
            "rating-count": 0,
            "cat1": "Women",
            "cat2": "Ethnic Wear",
            "cat3": "Kurtas",
            "brand": "juniper"
        },
        {
            "product-id": "441071600",
            "avg-rating": "",
            "img-url": "https://assets.ajio.com/medias/sys_master/root/20210610/5zdt/60c10b68aeb269a9e3e2bc7a/-78Wx98H-441071600-red-MODEL.jpg",
            "price": 1499,
            "was-price": 1499,
            "name": "Striped Polo T-shirt with Vented Hemline",
            "url": "/indian-terrain-striped-polo-t-shirt-with-vented-hemline/p/441071600_red",
            "offer-price": 448.48,
            "rating-count": 0,
            "cat1": "Men",
            "cat2": "Western Wear",
            "cat3": "Tshirts",
            "brand": "indian-terrain"
        },
        {
            "product-id": "441182819",
            "avg-rating": "",
            "img-url": "https://assets.ajio.com/medias/sys_master/root/20210622/5Mz5/60d0eb6daeb269a9e30138f2/-78Wx98H-441182819-darkred-MODEL.jpg",
            "price": 245,
            "was-price": 699,
            "name": "Typographic Print Slim Fit Crew-Neck T-shirt",
            "url": "/produkt-by-jack-jones-typographic-print-slim-fit-crew-neck-t-shirt/p/441182819_darkred",
            "offer-price": 244.51,
            "rating-count": 0,
            "cat1": "Men",
            "cat2": "Western Wear",
            "cat3": "Tshirts",
            "brand": "produkt-by-jack-jones"
        },
        {
            "product-id": "450127079",
            "avg-rating": "",
            "img-url": "https://assets.ajio.com/medias/sys_master/root/20210602/LoLE/60b68940f997ddb312b2ba76/-78Wx98H-450127079-tan-MODEL.jpg",
            "price": 2699,
            "was-price": 4499,
            "name": "Valor Shade Toe-Ring Sandals",
            "url": "/clarks-valor-shade-toe-ring-sandals/p/450127079_tan",
            "offer-price": 2022.56,
            "rating-count": 0,
            "cat1": "Men",
            "cat2": "Footwear",
            "cat3": "Sandals",
            "brand": "clarks"
        },
        {
            "product-id": "450127083",
            "avg-rating": "",
            "img-url": "https://assets.ajio.com/medias/sys_master/root/20210602/V36c/60b694fcaeb269a9e3d2242c/-78Wx98H-450127083-sage-MODEL.jpg",
            "price": 2799,
            "was-price": 2799,
            "name": "Rembo T-strap Sandals",
            "url": "/clarks-rembo-t-strap-sandals/p/450127083_sage",
            "offer-price": 1257.14,
            "rating-count": 0,
            "cat1": "Men",
            "cat2": "Footwear",
            "cat3": "Sandals",
            "brand": "clarks"
        },
        {
            "product-id": "441017990",
            "avg-rating": "",
            "img-url": "https://assets.ajio.com/medias/sys_master/root/20210514/tdPU/609d710cf997ddb3129d6389/-78Wx98H-441017990-olive-MODEL.jpg",
            "price": 1599,
            "was-price": 1599,
            "name": "Striped Round-Neck Pullover",
            "url": "/lee-cooper-striped-round-neck-pullover/p/441017990_olive",
            "offer-price": 543,
            "rating-count": 0,
            "cat1": "Women",
            "cat2": "Western Wear",
            "cat3": "Sweaters & Cardigans",
            "brand": "lee-cooper"
        },
        {
            "product-id": "441182814",
            "avg-rating": "",
            "img-url": "https://assets.ajio.com/medias/sys_master/root/20210605/pRcs/60ba76c3f997ddb312b6bbd2/-78Wx98H-441182814-aquablue-MODEL.jpg",
            "price": 499,
            "was-price": 499,
            "name": "Heathered Crew-Neck T-shirt",
            "url": "/produkt-by-jack-jones-heathered-crew-neck-t-shirt/p/441182814_aquablue",
            "offer-price": 174.65,
            "rating-count": 0,
            "cat1": "Men",
            "cat2": "Western Wear",
            "cat3": "Tshirts",
            "brand": "produkt-by-jack-jones"
        },
        {
            "product-id": "441036595",
            "avg-rating": "",
            "img-url": "https://assets.ajio.com/medias/sys_master/root/20210601/9gFy/60b52cf3f997ddb312af01b7/-78Wx98H-441036595-blue-MODEL.jpg",
            "price": 1199,
            "was-price": 1199,
            "name": "Checked Shirt with Patch Pocket",
            "url": "/dnmx-checked-shirt-with-patch-pocket/p/441036595_blue",
            "offer-price": 452.22,
            "rating-count": 0,
            "cat1": "Men",
            "cat2": "Western Wear",
            "cat3": "Shirts",
            "brand": "dnmx"
        },
        {
            "product-id": "441027004",
            "avg-rating": "",
            "img-url": "https://assets.ajio.com/medias/sys_master/root/20210602/gSv4/60b68e79aeb269a9e3d20eb4/-78Wx98H-441027004-yellow-MODEL.jpg",
            "price": 1250,
            "was-price": 2499,
            "name": "Printed Flared Kurta",
            "url": "/w-printed-flared-kurta/p/441027004_yellow",
            "offer-price": 935.93,
            "rating-count": 0,
            "cat1": "Women",
            "cat2": "Fusion Wear",
            "cat3": "Kurtas & Kurtis",
            "brand": "w"
        },
        {
            "product-id": "450127114",
            "avg-rating": "",
            "img-url": "https://assets.ajio.com/medias/sys_master/root/20210602/0b1D/60b690c5f997ddb312b2dcb3/-78Wx98H-450127114-black-MODEL.jpg",
            "price": 4999,
            "was-price": 4999,
            "name": "Lester Leather Slip-On Formal Shoes",
            "url": "/clarks-lester-leather-slip-on-formal-shoes/p/450127114_black",
            "offer-price": 3499.3,
            "rating-count": 0,
            "cat1": "Men",
            "cat2": "Footwear",
            "cat3": "Formal Shoes",
            "brand": "clarks"
        },
        {
            "product-id": "441026210",
            "avg-rating": "",
            "img-url": "https://assets.ajio.com/medias/sys_master/root/20210602/7wDk/60b67d0eaeb269a9e3d1d343/-78Wx98H-441026210-red-MODEL.jpg",
            "price": 1199,
            "was-price": 1199,
            "name": "Printed Straight Kurta",
            "url": "/aurelia-printed-straight-kurta/p/441026210_red",
            "offer-price": 358.79,
            "rating-count": 0,
            "cat1": "Women",
            "cat2": "Ethnic Wear",
            "cat3": "Kurtas",
            "brand": "aurelia"
        },
        {
            "product-id": "441026992",
            "avg-rating": "",
            "img-url": "https://assets.ajio.com/medias/sys_master/root/20210602/1YIP/60b68fe1aeb269a9e3d21405/-78Wx98H-441026992-blue-MODEL.jpg",
            "price": 1699,
            "was-price": 1699,
            "name": "Printed Straight Kurta",
            "url": "/w-printed-straight-kurta/p/441026992_blue",
            "offer-price": 317.68,
            "rating-count": 0,
            "cat1": "Women",
            "cat2": "Ethnic Wear",
            "cat3": "Kurtas",
            "brand": "w"
        },
        {
            "product-id": "441182779",
            "avg-rating": "",
            "img-url": "https://assets.ajio.com/medias/sys_master/root/20210622/E3jU/60d0e9b1aeb269a9e3013322/-78Wx98H-441182779-ltgrey-MODEL.jpg",
            "price": 1999,
            "was-price": 1999,
            "name": "Panelled Fitted Track Pants with Insert Pockets",
            "url": "/produkt-by-jack-jones-panelled-fitted-track-pants-with-insert-pockets/p/441182779_ltgrey",
            "offer-price": 373.74,
            "rating-count": 0,
            "cat1": "Men",
            "cat2": "Western Wear",
            "cat3": "Track Pants",
            "brand": "produkt-by-jack-jones"
        },
        {
            "product-id": "441063897",
            "avg-rating": "",
            "img-url": "https://assets.ajio.com/medias/sys_master/root/20210514/weDB/609d7c48f997ddb3129d9ff7/-78Wx98H-441063897-pink-MODEL.jpg",
            "price": 272,
            "was-price": 799,
            "name": "V-neck Top with Tie-Up",
            "url": "/lee-cooper-v-neck-top-with-tie-up/p/441063897_pink",
            "offer-price": 271.45,
            "rating-count": 0,
            "cat1": "Women",
            "cat2": "Western Wear",
            "cat3": "Tops",
            "brand": "lee-cooper"
        },
        {
            "product-id": "441182810",
            "avg-rating": "",
            "img-url": "https://assets.ajio.com/medias/sys_master/root/20210622/eJed/60d0e9b8f997ddb312e338ac/-78Wx98H-441182810-navy-MODEL.jpg",
            "price": 245,
            "was-price": 699,
            "name": "Graphic Print Slim Fit Crew-Neck T-shirt",
            "url": "/produkt-by-jack-jones-graphic-print-slim-fit-crew-neck-t-shirt/p/441182810_navy",
            "offer-price": 244.51,
            "rating-count": 0,
            "cat1": "Men",
            "cat2": "Western Wear",
            "cat3": "Tshirts",
            "brand": "produkt-by-jack-jones"
        },
        {
            "product-id": "441182781",
            "avg-rating": "",
            "img-url": "https://assets.ajio.com/medias/sys_master/root/20210622/dKN4/60d0e9acf997ddb312e3380c/-78Wx98H-441182781-navy-MODEL.jpg",
            "price": 700,
            "was-price": 1999,
            "name": "Men Cotton Joggers with Insert Pockets",
            "url": "/produkt-by-jack-jones-men-cotton-joggers-with-insert-pockets/p/441182781_navy",
            "offer-price": 523.23,
            "rating-count": 0,
            "cat1": "Men",
            "cat2": "Western Wear",
            "cat3": "Track Pants",
            "brand": "produkt-by-jack-jones"
        },
        {
            "product-id": "441159522",
            "avg-rating": "",
            "img-url": "https://assets.ajio.com/medias/sys_master/root/20210602/ovsI/60b6957aaeb269a9e3d22624/-78Wx98H-441159522-black-MODEL.jpg",
            "price": 1000,
            "was-price": 1999,
            "name": "Printed Straight Kurta",
            "url": "/aurelia-printed-straight-kurta/p/441159522_black",
            "offer-price": 748.74,
            "rating-count": 0,
            "cat1": "Women",
            "cat2": "Ethnic Wear",
            "cat3": "Kurtas",
            "brand": "aurelia"
        },
        {
            "product-id": "441119184",
            "avg-rating": "",
            "img-url": "https://assets.ajio.com/medias/sys_master/root/20210601/50vn/60b54553aeb269a9e3cee2da/-78Wx98H-441119184-teal-MODEL.jpg",
            "price": 1299,
            "was-price": 1299,
            "name": "Fit & Flare Phulkari Dress with Embroidery",
            "url": "/fusion-fit-flare-phulkari-dress-with-embroidery/p/441119184_teal",
            "offer-price": 389.51,
            "rating-count": 0,
            "cat1": "Women",
            "cat2": "Fusion Wear",
            "cat3": "Dresses & Gowns",
            "brand": "fusion"
        },
        {
            "product-id": "441159532",
            "avg-rating": "",
            "img-url": "https://assets.ajio.com/medias/sys_master/root/20210602/8HZe/60b68aa5f997ddb312b2c111/-78Wx98H-441159532-white-MODEL.jpg",
            "price": 1699,
            "was-price": 1699,
            "name": "Heathered Straight Kurta with Printed Trims",
            "url": "/aurelia-heathered-straight-kurta-with-printed-trims/p/441159532_white",
            "offer-price": 1004.81,
            "rating-count": 0,
            "cat1": "Women",
            "cat2": "Ethnic Wear",
            "cat3": "Kurtas",
            "brand": "aurelia"
        },
        {
            "product-id": "450138229",
            "avg-rating": "",
            "img-url": "https://assets.ajio.com/medias/sys_master/root/20210602/E5S3/60b695f0f997ddb312b2f18b/-78Wx98H-450138229-black-MODEL.jpg",
            "price": 3999,
            "was-price": 3999,
            "name": "Step June Tide Slip-On Casual Sandals",
            "url": "/clarks-step-june-tide-slip-on-casual-sandals/p/450138229_black",
            "offer-price": 2799.3,
            "rating-count": 0,
            "cat1": "Women",
            "cat2": "Footwear",
            "cat3": "Flat Sandals",
            "brand": "clarks"
        },
        {
            "product-id": "450139269",
            "avg-rating": "",
            "img-url": "https://assets.ajio.com/medias/sys_master/root/20210604/SiKc/60ba4497aeb269a9e3d57bbd/-78Wx98H-450139269-blue-MODEL.jpg",
            "price": 1013,
            "was-price": 2895,
            "name": "Round-Toe Slingback Sandals",
            "url": "/catwalk-round-toe-slingback-sandals/p/450139269_blue",
            "offer-price": 1012,
            "rating-count": 0,
            "cat1": "Women",
            "cat2": "Footwear",
            "cat3": "Flat Sandals",
            "brand": "catwalk"
        },
        {
            "product-id": "441120436",
            "avg-rating": "",
            "img-url": "https://assets.ajio.com/medias/sys_master/root/20220120/0R8Y/61e98248aeb2695cdd224887/-78Wx98H-441120436-darkgrey-MODEL.jpg",
            "price": 999,
            "was-price": 999,
            "name": "Quickdry Zip-Front Jacket",
            "url": "/performax-quickdry-zip-front-jacket/p/441120436_darkgrey",
            "offer-price": 186.87,
            "rating-count": 0,
            "cat1": "Men",
            "cat2": "Western Wear",
            "cat3": "Jackets & Coats",
            "brand": "performax"
        },
        {
            "product-id": "441073594",
            "avg-rating": "",
            "img-url": "https://assets.ajio.com/medias/sys_master/root/20210514/ZR9p/609d7361aeb269a9e3be6141/-78Wx98H-441073594-peach-MODEL.jpg",
            "price": 1399,
            "was-price": 1399,
            "name": "Mid-Rise Ankle-Length Pants",
            "url": "/lee-cooper-mid-rise-ankle-length-pants/p/441073594_peach",
            "offer-price": 475.05,
            "rating-count": 0,
            "cat1": "Women",
            "cat2": "Western Wear",
            "cat3": "Trousers & Pants",
            "brand": "lee-cooper"
        },
        {
            "product-id": "441182792",
            "avg-rating": "",
            "img-url": "https://assets.ajio.com/medias/sys_master/root/20210622/eJjk/60d0e7baf997ddb312e3308c/-78Wx98H-441182792-ltbrown-MODEL.jpg",
            "price": 525,
            "was-price": 1499,
            "name": "Slim Fit Cotton Shirt with Button-Down Collar",
            "url": "/produkt-by-jack-jones-slim-fit-cotton-shirt-with-button-down-collar/p/441182792_ltbrown",
            "offer-price": 392.42,
            "rating-count": 0,
            "cat1": "Men",
            "cat2": "Western Wear",
            "cat3": "Shirts",
            "brand": "produkt-by-jack-jones"
        },
        {
            "product-id": "441119919",
            "avg-rating": "",
            "img-url": "https://assets.ajio.com/medias/sys_master/root/20210602/FRbx/60b79f31aeb269a9e3d44b89/-78Wx98H-441119919-peach-MODEL.jpg",
            "price": 999,
            "was-price": 999,
            "name": "Floral Print A-line Kurta",
            "url": "/siyahi-floral-print-a-line-kurta/p/441119919_peach",
            "offer-price": 299.62,
            "rating-count": 0,
            "cat1": "Women",
            "cat2": "Ethnic Wear",
            "cat3": "Kurtas",
            "brand": "siyahi"
        },
        {
            "product-id": "441182792",
            "avg-rating": "",
            "img-url": "https://assets.ajio.com/medias/sys_master/root/20210622/2c1Z/60d0e82caeb269a9e3012e34/-78Wx98H-441182792-stone-MODEL.jpg",
            "price": 1499,
            "was-price": 1499,
            "name": "Slim Fit Cotton Shirt with Button-Down Collar",
            "url": "/produkt-by-jack-jones-slim-fit-cotton-shirt-with-button-down-collar/p/441182792_stone",
            "offer-price": 280.3,
            "rating-count": 0,
            "cat1": "Men",
            "cat2": "Western Wear",
            "cat3": "Shirts",
            "brand": "produkt-by-jack-jones"
        },
        {
            "product-id": "441063911",
            "avg-rating": "",
            "img-url": "https://assets.ajio.com/medias/sys_master/root/20210514/lZTk/609d7361aeb269a9e3be612c/-78Wx98H-441063911-peach-MODEL.jpg",
            "price": 442,
            "was-price": 1299,
            "name": "Lace Embroidered Top with Tiered Flounce Sleeves",
            "url": "/lee-cooper-lace-embroidered-top-with-tiered-flounce-sleeves/p/441063911_peach",
            "offer-price": 441.11,
            "rating-count": 0,
            "cat1": "Women",
            "cat2": "Western Wear",
            "cat3": "Tops",
            "brand": "lee-cooper"
        },
        {
            "product-id": "441080425",
            "avg-rating": "",
            "img-url": "https://assets.ajio.com/medias/sys_master/root/20210602/gnUe/60b68d14aeb269a9e3d209f3/-78Wx98H-441080425-maroon-MODEL.jpg",
            "price": 640,
            "was-price": 3999,
            "name": "Embroidered Straight Kurta with Palazzos",
            "url": "/w-embroidered-straight-kurta-with-palazzos/p/441080425_maroon",
            "offer-price": 478.38,
            "rating-count": 0,
            "cat1": "Women",
            "cat2": "Ethnic Wear",
            "cat3": "Kurta Suit Sets",
            "brand": "w"
        },
        {
            "product-id": "441182806",
            "avg-rating": "",
            "img-url": "https://assets.ajio.com/medias/sys_master/root/20210622/JbWf/60d0e6c4aeb269a9e30129a2/-78Wx98H-441182806-darkgrey-MODEL.jpg",
            "price": 315,
            "was-price": 899,
            "name": "Typographic Print Slim Fit Crew-Neck T-shirt",
            "url": "/produkt-by-jack-jones-typographic-print-slim-fit-crew-neck-t-shirt/p/441182806_darkgrey",
            "offer-price": 235.45,
            "rating-count": 0,
            "cat1": "Men",
            "cat2": "Western Wear",
            "cat3": "Tshirts",
            "brand": "produkt-by-jack-jones"
        },
        {
            "product-id": "441182798",
            "avg-rating": "",
            "img-url": "https://assets.ajio.com/medias/sys_master/root/20210622/kNsJ/60d0eb21aeb269a9e301385b/-78Wx98H-441182798-darkblue-MODEL.jpg",
            "price": 999,
            "was-price": 999,
            "name": "City Shorts with Insert Pockets",
            "url": "/produkt-by-jack-jones-city-shorts-with-insert-pockets/p/441182798_darkblue",
            "offer-price": 261.62,
            "rating-count": 0,
            "cat1": "Men",
            "cat2": "Western Wear",
            "cat3": "Shorts & 3/4ths",
            "brand": "produkt-by-jack-jones"
        },
        {
            "product-id": "441080354",
            "avg-rating": "",
            "img-url": "https://assets.ajio.com/medias/sys_master/root/20210602/ApBb/60b68d75f997ddb312b2cd1e/-78Wx98H-441080354-darkgreen-MODEL.jpg",
            "price": 1500,
            "was-price": 2999,
            "name": "Printed A-line Kurta",
            "url": "/w-printed-a-line-kurta/p/441080354_darkgreen",
            "offer-price": 1123.12,
            "rating-count": 0,
            "cat1": "Women",
            "cat2": "Ethnic Wear",
            "cat3": "Kurtas",
            "brand": "w"
        },
        {
            "product-id": "441120029",
            "avg-rating": "",
            "img-url": "https://assets.ajio.com/medias/sys_master/root/20211012/B57y/6165bcbdf997dd3ed46cd346/-78Wx98H-441120029-black-MODEL.jpg",
            "price": 300,
            "was-price": 999,
            "name": "Printed A-line Tunic with Assymetric Hem",
            "url": "/fusion-printed-a-line-tunic-with-assymetric-hem/p/441120029_black",
            "offer-price": 299.62,
            "rating-count": 0,
            "cat1": "Women",
            "cat2": "Ethnic Wear",
            "cat3": "Kurtis & Tunics",
            "brand": "fusion"
        },
        {
            "product-id": "441073614",
            "avg-rating": "",
            "img-url": "https://assets.ajio.com/medias/sys_master/root/20210514/UWRg/609d7724aeb269a9e3be731f/-78Wx98H-441073614-black-MODEL.jpg",
            "price": 578,
            "was-price": 1699,
            "name": "Checked Round-Neck Top",
            "url": "/lee-cooper-checked-round-neck-top/p/441073614_black",
            "offer-price": 577,
            "rating-count": 0,
            "cat1": "Women",
            "cat2": "Western Wear",
            "cat3": "Tops",
            "brand": "lee-cooper"
        },
        {
            "product-id": "441080352",
            "avg-rating": "",
            "img-url": "https://assets.ajio.com/medias/sys_master/root/20210602/GMCW/60b6974daeb269a9e3d22b4c/-78Wx98H-441080352-yellow-MODEL.jpg",
            "price": 2499,
            "was-price": 2499,
            "name": "Printed A-line Dress with Embroidery",
            "url": "/w-printed-a-line-dress-with-embroidery/p/441080352_yellow",
            "offer-price": 935.93,
            "rating-count": 0,
            "cat1": "Women",
            "cat2": "Ethnic Wear",
            "cat3": "Kurtas",
            "brand": "w"
        },
        {
            "product-id": "441119762",
            "avg-rating": "",
            "img-url": "https://assets.ajio.com/medias/sys_master/root/20210601/aIig/60b52d7eaeb269a9e3ce8ca5/-78Wx98H-441119762-blue-MODEL.jpg",
            "price": 300,
            "was-price": 999,
            "name": "Flat-Front Shorts with Tie-Up",
            "url": "/dnmx-flat-front-shorts-with-tie-up/p/441119762_blue",
            "offer-price": 299.62,
            "rating-count": 0,
            "cat1": "Men",
            "cat2": "Western Wear",
            "cat3": "Shorts & 3/4ths",
            "brand": "dnmx"
        },
        {
            "product-id": "441182773",
            "avg-rating": "",
            "img-url": "https://assets.ajio.com/medias/sys_master/root/20210608/x3gB/60be6da6f997ddb312bbd4ee/-78Wx98H-441182773-darkblue-MODEL.jpg",
            "price": 805,
            "was-price": 2299,
            "name": "Washed Low-Rise Slim Fit Jeans",
            "url": "/produkt-by-jack-jones-washed-low-rise-slim-fit-jeans/p/441182773_darkblue",
            "offer-price": 601.72,
            "rating-count": 0,
            "cat1": "Men",
            "cat2": "Western Wear",
            "cat3": "Jeans",
            "brand": "produkt-by-jack-jones"
        }
    ]
}