{
    "": [],
    "ajio": [],
    "luxe.ajio": [
        {
            "product-id": "464402318",
            "avg-rating": "",
            "img-url": "https://assets.ajio.com/medias/sys_master/root/20220530/fwgK/6294dd0faeb26921aff4c266/-78Wx98H-464402318-gold-MODEL.jpg",
            "price": 3450,
            "was-price": 3450,
            "name": "Drop Earrings",
            "url": "/vasundhara-drop-earrings/p/464402318_gold",
            "offer-price": 2585.34,
            "rating-count": 0,
            "cat1": "Women",
            "cat2": "Fashion Jewellery",
            "cat3": "Earrings",
            "brand": "vasundhara"
        },
        {
            "product-id": "464414107",
            "avg-rating": "",
            "img-url": "https://assets.ajio.com/medias/sys_master/root/20220531/0HMb/629536e0aeb26921aff91805/-78Wx98H-464414107-gold-MODEL.jpg",
            "price": 10500,
            "was-price": 10500,
            "name": "925 Sterling Silver Gold-Plated Ruby Dangler Earrings",
            "url": "/neeta-boochra-jewellery-925-sterling-silver-gold-plated-ruby-dangler-earrings/p/464414107_gold",
            "offer-price": 9500,
            "rating-count": 0,
            "cat1": "Women",
            "cat2": "Fashion Jewellery",
            "cat3": "Earrings",
            "brand": "neeta-boochra-jewellery"
        },
        {
            "product-id": "464414009",
            "avg-rating": "",
            "img-url": "https://assets.ajio.com/medias/sys_master/root/20220531/rmmM/629536e3f997dd03e24bd51f/-78Wx98H-464414009-gold-MODEL.jpg",
            "price": 5500,
            "was-price": 5500,
            "name": "925 Sterling Silver Gold-Plated Chitai Drop Earrings",
            "url": "/neeta-boochra-jewellery-925-sterling-silver-gold-plated-chitai-drop-earrings/p/464414009_gold",
            "offer-price": 4500,
            "rating-count": 0,
            "cat1": "Women",
            "cat2": "Fashion Jewellery",
            "cat3": "Earrings",
            "brand": "neeta-boochra-jewellery"
        },
        {
            "product-id": "464412646",
            "avg-rating": "",
            "img-url": "https://assets.ajio.com/medias/sys_master/root/20220531/Hepy/62952e76aeb26921aff86271/-78Wx98H-464412646-blue-MODEL.jpg",
            "price": 63500,
            "was-price": 63500,
            "name": "Floral Embroidered Slim Fit Nehru Jacket",
            "url": "/jatin-malik-floral-embroidered-slim-fit-nehru-jacket/p/464412646_blue",
            "offer-price": 62500,
            "rating-count": 0,
            "cat1": "Men",
            "cat2": "Ethnic Wear",
            "cat3": "3-Piece Ethnic Suit",
            "brand": "jatin-malik"
        },
        {
            "product-id": "464402151",
            "avg-rating": "",
            "img-url": "https://assets.ajio.com/medias/sys_master/root/20220530/HLXb/6294dbf3f997dd03e24747a6/-78Wx98H-464402151-blue-MODEL.jpg",
            "price": 8000,
            "was-price": 8000,
            "name": "Colour-block Jumpsuit",
            "url": "/studio-moda-india-colour-block-jumpsuit/p/464402151_blue",
            "offer-price": 7000,
            "rating-count": 0,
            "cat1": "Women",
            "cat2": "Western Wear",
            "cat3": "Jumpsuits &Playsuits",
            "brand": "studio-moda-india"
        },
        {
            "product-id": "464228842",
            "avg-rating": "",
            "img-url": "https://assets.ajio.com/medias/sys_master/root/20240430/cPgM/6630df4705ac7d77bb340ccb/-78Wx98H-464228842-black-MODEL.jpg",
            "price": 3913,
            "was-price": 5590,
            "name": "Full-Rim Rectangular Frame ",
            "url": "/web-full-rim-rectangular-frame/p/464228842_black",
            "offer-price": 2932.3,
            "rating-count": 0,
            "cat1": "Men",
            "cat2": "Eyewear",
            "cat3": "Frames",
            "brand": "web"
        },
        {
            "product-id": "464402238",
            "avg-rating": "",
            "img-url": "https://assets.ajio.com/medias/sys_master/root/20220530/qx7O/6294dd15aeb26921aff4c341/-78Wx98H-464402238-black-MODEL.jpg",
            "price": 14000,
            "was-price": 14000,
            "name": "Solid Handbag",
            "url": "/perona-solid-handbag/p/464402238_black",
            "offer-price": 13000,
            "rating-count": 0,
            "cat1": "Women",
            "cat2": "Bags, Belts & Wallets",
            "cat3": "Handbags",
            "brand": "perona"
        },
        {
            "product-id": "464412694",
            "avg-rating": "",
            "img-url": "https://assets.ajio.com/medias/sys_master/root/20220531/VS2i/62952dfcaeb26921aff85443/-78Wx98H-464412694-green-MODEL.jpg",
            "price": 92500,
            "was-price": 92500,
            "name": "Embroidered Slim Fit Jacket",
            "url": "/jatin-malik-embroidered-slim-fit-jacket/p/464412694_green",
            "offer-price": 91500,
            "rating-count": 0,
            "cat1": "Men",
            "cat2": "Ethnic Wear",
            "cat3": "3-Piece Ethnic Suit",
            "brand": "jatin-malik"
        },
        {
            "product-id": "464412506",
            "avg-rating": "",
            "img-url": "https://assets.ajio.com/medias/sys_master/root/20220531/d0kN/62952db7aeb26921aff84c27/-78Wx98H-464412506-brown-MODEL.jpg",
            "price": 115500,
            "was-price": 115500,
            "name": "Floral Embroidered Slim Fit Jacket",
            "url": "/jatin-malik-floral-embroidered-slim-fit-jacket/p/464412506_brown",
            "offer-price": 114500,
            "rating-count": 0,
            "cat1": "Men",
            "cat2": "Ethnic Wear",
            "cat3": "3-Piece Ethnic Suit",
            "brand": "jatin-malik"
        },
        {
            "product-id": "464414025",
            "avg-rating": "",
            "img-url": "https://assets.ajio.com/medias/sys_master/root/20220531/jENm/6295397faeb26921aff92d5d/-78Wx98H-464414025-gold-MODEL.jpg",
            "price": 7800,
            "was-price": 7800,
            "name": "925 Sterling Silver Gold-Plated Checker Drop Earrings",
            "url": "/neeta-boochra-jewellery-925-sterling-silver-gold-plated-checker-drop-earrings/p/464414025_gold",
            "offer-price": 6800,
            "rating-count": 0,
            "cat1": "Women",
            "cat2": "Fashion Jewellery",
            "cat3": "Earrings",
            "brand": "neeta-boochra-jewellery"
        },
        {
            "product-id": "464398312",
            "avg-rating": "",
            "img-url": "https://assets.ajio.com/medias/sys_master/root/20230623/FKXD/6494bfd8d55b7d0c63a42dda/-78Wx98H-464398312-black-MODEL.jpg",
            "price": 6790,
            "was-price": 6790,
            "name": "High-Rise Pants Insert Pockets",
            "url": "/the-dapper-lady-high-rise-pants-insert-pockets/p/464398312_black",
            "offer-price": 5790,
            "rating-count": 0,
            "cat1": "Women",
            "cat2": "Western Wear",
            "cat3": "Trousers & Pants",
            "brand": "the-dapper-lady"
        },
        {
            "product-id": "464411947",
            "avg-rating": "",
            "img-url": "https://assets.ajio.com/medias/sys_master/root/20220531/CPC2/62952afeaeb26921aff7f4dc/-78Wx98H-464411947-purple-MODEL.jpg",
            "price": 11800,
            "was-price": 11800,
            "name": "Purple Printed Silkmul Kaftan",
            "url": "/ps-pret-by-payal-singhal-purple-printed-silkmul-kaftan/p/464411947_purple",
            "offer-price": 10620,
            "rating-count": 0,
            "cat1": "Women",
            "cat2": "Western Wear",
            "cat3": "Dresses",
            "brand": "ps-pret-by-payal-singhal"
        },
        {
            "product-id": "464413910",
            "avg-rating": "",
            "img-url": "https://assets.ajio.com/medias/sys_master/root/20220531/WqFH/629531d6f997dd03e24b7812/-78Wx98H-464413910-blue-MODEL.jpg",
            "price": 26500,
            "was-price": 26500,
            "name": "Art Georgette Embroidered High-Slit Kaftan",
            "url": "/payal-singhal-art-georgette-embroidered-high-slit-kaftan/p/464413910_blue",
            "offer-price": 23850,
            "rating-count": 0,
            "cat1": "Women",
            "cat2": "Western Wear",
            "cat3": "Dresses",
            "brand": "payal-singhal"
        },
        {
            "product-id": "464291773",
            "avg-rating": "",
            "img-url": "https://assets.ajio.com/medias/sys_master/root/20220523/F1Jm/628b6375aeb26921afc696bf/-78Wx98H-464291773-black-MODEL.jpg",
            "price": 3913,
            "was-price": 5590,
            "name": "Acetate Oval Full Rim Frames",
            "url": "/web-acetate-oval-full-rim-frames/p/464291773_black",
            "offer-price": 2932.3,
            "rating-count": 0,
            "cat1": "Men",
            "cat2": "Eyewear",
            "cat3": "Frames",
            "brand": "web"
        },
        {
            "product-id": "469103181",
            "avg-rating": "",
            "img-url": "https://assets.ajio.com/medias/sys_master/root/20230118/JJqo/63c7dfc3f997dd708e11603b/-78Wx98H-469103181-multi-MODEL.jpg",
            "price": 13320,
            "was-price": 14800,
            "name": "PCBJ22 Water-Resistant Analogue Watch",
            "url": "/d1-milano-pcbj22-water-resistant-analogue-watch/p/469103181_multi",
            "offer-price": 12320,
            "rating-count": 0,
            "cat1": "Men",
            "cat2": "Timewear",
            "cat3": "Watches",
            "brand": "d1-milano"
        },
        {
            "product-id": "463677319",
            "avg-rating": "",
            "img-url": "https://assets.ajio.com/medias/sys_master/root/20220118/DT9y/61e5dc37f997dd66232753d7/-78Wx98H-463677319-yellow-MODEL.jpg",
            "price": 5999,
            "was-price": 5999,
            "name": "Aviator Sunglasses with Top Bar",
            "url": "/numi-paris-aviator-sunglasses-with-top-bar/p/463677319_yellow",
            "offer-price": 5699.05,
            "rating-count": 0,
            "cat1": "Men",
            "cat2": "Eyewear",
            "cat3": "Sunglasses",
            "brand": "numi-paris"
        },
        {
            "product-id": "469103186",
            "avg-rating": "",
            "img-url": "https://assets.ajio.com/medias/sys_master/root/20230118/2YVr/63c7d944f997dd708e113602/-78Wx98H-469103186-multi-MODEL.jpg",
            "price": 58000,
            "was-price": 58000,
            "name": "SKRJ10 Water-Resistant Skeleton Dial Watch",
            "url": "/d1-milano-skrj10-water-resistant-skeleton-dial-watch/p/469103186_multi",
            "offer-price": 51040,
            "rating-count": 0,
            "cat1": "Men",
            "cat2": "Timewear",
            "cat3": "Watches",
            "brand": "d1-milano"
        },
        {
            "product-id": "464401236",
            "avg-rating": "",
            "img-url": "https://assets.ajio.com/medias/sys_master/root/20220530/95ou/6294db8caeb26921aff49679/-78Wx98H-464401236-black-MODEL.jpg",
            "price": 14950,
            "was-price": 14950,
            "name": "Solid Bucket Bag",
            "url": "/ampm-solid-bucket-bag/p/464401236_black",
            "offer-price": 13950,
            "rating-count": 0,
            "cat1": "Women",
            "cat2": "Bags, Belts & Wallets",
            "cat3": "Handbags",
            "brand": "ampm"
        },
        {
            "product-id": "464402284",
            "avg-rating": "",
            "img-url": "https://assets.ajio.com/medias/sys_master/root/20220530/36e7/6294ddccf997dd03e24780d7/-78Wx98H-464402284-olive-MODEL.jpg",
            "price": 6800,
            "was-price": 6800,
            "name": "Solid Handbag",
            "url": "/perona-solid-handbag/p/464402284_olive",
            "offer-price": 5800,
            "rating-count": 0,
            "cat1": "Women",
            "cat2": "Bags, Belts & Wallets",
            "cat3": "Handbags",
            "brand": "perona"
        },
        {
            "product-id": "464411380",
            "avg-rating": "",
            "img-url": "https://assets.ajio.com/medias/sys_master/root/20220531/xRAe/62952b37f997dd03e24ab758/-78Wx98H-464411380-multi-MODEL.jpg",
            "price": 35500,
            "was-price": 35500,
            "name": "Ikat Print Dress with Asymmetric Hem",
            "url": "/nikita-mhaisalkar-ikat-print-dress-with-asymmetric-hem/p/464411380_multi",
            "offer-price": 31950,
            "rating-count": 0,
            "cat1": "Women",
            "cat2": "Western Wear",
            "cat3": "Dresses",
            "brand": "nikita-mhaisalkar"
        },
        {
            "product-id": "464420152",
            "avg-rating": "",
            "img-url": "https://assets.ajio.com/medias/sys_master/root/20220602/NUcZ/6297ce2baeb26921af05efc5/-78Wx98H-464420152-grey-MODEL.jpg",
            "price": 2990,
            "was-price": 2990,
            "name": "Striped Knot Detail Top",
            "url": "/the-dapper-lady-striped-knot-detail-top/p/464420152_grey",
            "offer-price": 2240.63,
            "rating-count": 0,
            "cat1": "Women",
            "cat2": "Western Wear",
            "cat3": "Tops",
            "brand": "the-dapper-lady"
        },
        {
            "product-id": "469093572",
            "avg-rating": "",
            "img-url": "https://assets.ajio.com/medias/sys_master/root/20220601/jgkQ/6297430cf997dd03e258c2d1/-78Wx98H-469093572-white-MODEL.jpg",
            "price": 20999,
            "was-price": 20999,
            "name": "DSQ2 Sweat And Tears Cotton Regular Fit T-Shirt",
            "url": "/dsquared2-dsq2-sweat-and-tears-cotton-regular-fit-t-shirt/p/469093572_white",
            "offer-price": 18899.1,
            "rating-count": 0,
            "cat1": "Men",
            "cat2": "Western Wear",
            "cat3": "Tshirts",
            "brand": "dsquared2"
        },
        {
            "product-id": "464414923",
            "avg-rating": "",
            "img-url": "https://assets.ajio.com/medias/sys_master/root/20230525/CBVf/646eb65f42f9e729d7b58053/-78Wx98H-464414923-gold-MODEL.jpg",
            "price": 1999,
            "was-price": 1999,
            "name": "Windsor Brass Cake Knives Set",
            "url": "/consciousco-windsor-brass-cake-knives-set/p/464414923_gold",
            "offer-price": 1498,
            "rating-count": 0,
            "cat1": "Home & Kitchen",
            "cat2": "Kitchen & Dining",
            "cat3": "Kitchen Tools",
            "brand": "consciousco"
        },
        {
            "product-id": "464415189",
            "avg-rating": "",
            "img-url": "https://assets.ajio.com/medias/sys_master/root/20220601/OfWd/62968113f997dd03e252a95d/-78Wx98H-464415189-pink-MODEL.jpg",
            "price": 29500,
            "was-price": 29500,
            "name": "Velvet Kurta with Soft Net Churidar",
            "url": "/payal-singhal-velvet-kurta-with-soft-net-churidar/p/464415189_pink",
            "offer-price": 28500,
            "rating-count": 0,
            "cat1": "Women",
            "cat2": "Ethnic Wear",
            "cat3": "Kurta Suit Sets",
            "brand": "payal-singhal"
        },
        {
            "product-id": "464416054",
            "avg-rating": "",
            "img-url": "https://assets.ajio.com/medias/sys_master/root/20220601/F8aG/629682bff997dd03e252e140/-78Wx98H-464416054-white-MODEL.jpg",
            "price": 25500,
            "was-price": 25500,
            "name": "Printed Crepe High-Slit Kaftan with Belt",
            "url": "/payal-singhal-printed-crepe-high-slit-kaftan-with-belt/p/464416054_white",
            "offer-price": 22950,
            "rating-count": 0,
            "cat1": "Women",
            "cat2": "Western Wear",
            "cat3": "Dresses",
            "brand": "payal-singhal"
        },
        {
            "product-id": "464416657",
            "avg-rating": "",
            "img-url": "https://assets.ajio.com/medias/sys_master/root/20230525/XDrm/646e98a442f9e729d7b19b55/-78Wx98H-464416657-gold-MODEL.jpg",
            "price": 4200,
            "was-price": 4200,
            "name": "6-piece Alfa Tea Spoon Set",
            "url": "/herdmar-6-piece-alfa-tea-spoon-set/p/464416657_gold",
            "offer-price": 3200,
            "rating-count": 0,
            "cat1": "Home & Kitchen",
            "cat2": "Kitchen & Dining",
            "cat3": "Cutlery",
            "brand": "herdmar"
        },
        {
            "product-id": "464413897",
            "avg-rating": "",
            "img-url": "https://assets.ajio.com/medias/sys_master/root/20220531/dEHn/62953924aeb26921aff92943/-78Wx98H-464413897-gold-MODEL.jpg",
            "price": 7400,
            "was-price": 7400,
            "name": "925 Sterling Silver Two-Tone Floral Studs",
            "url": "/neeta-boochra-jewellery-925-sterling-silver-two-tone-floral-studs/p/464413897_gold",
            "offer-price": 6400,
            "rating-count": 0,
            "cat1": "Women",
            "cat2": "Fashion Jewellery",
            "cat3": "Earrings",
            "brand": "neeta-boochra-jewellery"
        },
        {
            "product-id": "464236037",
            "avg-rating": "",
            "img-url": "https://assets.ajio.com/medias/sys_master/root/20220523/AAaD/628b5e57f997dd03e213a78e/-78Wx98H-464236037-grey-MODEL.jpg",
            "price": 5775,
            "was-price": 8250,
            "name": " UV-Protected Sunglasses",
            "url": "/web-uv-protected-sunglasses/p/464236037_grey",
            "offer-price": 4775,
            "rating-count": 0,
            "cat1": "Men",
            "cat2": "Eyewear",
            "cat3": "Sunglasses",
            "brand": "web"
        },
        {
            "product-id": "464291510",
            "avg-rating": "",
            "img-url": "https://assets.ajio.com/medias/sys_master/root/20220523/Otpa/628b67a4f997dd03e2143395/-78Wx98H-464291510-brown-MODEL.jpg",
            "price": 5590,
            "was-price": 5590,
            "name": "Acetate Rectangular Full Rim Frames",
            "url": "/web-acetate-rectangular-full-rim-frames/p/464291510_brown",
            "offer-price": 2932.3,
            "rating-count": 0,
            "cat1": "Men",
            "cat2": "Eyewear",
            "cat3": "Frames",
            "brand": "web"
        },
        {
            "product-id": "464415588",
            "avg-rating": "",
            "img-url": "https://assets.ajio.com/medias/sys_master/root/20220601/1yZR/62968171f997dd03e252b5f5/-78Wx98H-464415588-purple-MODEL.jpg",
            "price": 29500,
            "was-price": 29500,
            "name": "Printed Crepe Kaftan with Palazzos Pants & Matching Reversible 3 Ply Mask with Hairband & Pouch",
            "url": "/payal-singhal-printed-crepe-kaftan-with-palazzos-pants-matching-reversible-3-ply-mask-with-hairband-pouch/p/464415588_purple",
            "offer-price": 28500,
            "rating-count": 0,
            "cat1": "Women",
            "cat2": "Ethnic Wear",
            "cat3": "Kurta Suit Sets",
            "brand": "payal-singhal"
        },
        {
            "product-id": "464424822",
            "avg-rating": "",
            "img-url": "https://assets.ajio.com/medias/sys_master/root/20231227/tr0E/658bfc6dddf7791519ed841b/-78Wx98H-464424822-black-MODEL.jpg",
            "price": 5450,
            "was-price": 5450,
            "name": " Slim Fit Shirt with Spread Collar",
            "url": "/abkasa-slim-fit-shirt-with-spread-collar/p/464424822_black",
            "offer-price": 4450,
            "rating-count": 0,
            "cat1": "Men",
            "cat2": "Western Wear",
            "cat3": "Shirts",
            "brand": "abkasa"
        },
        {
            "product-id": "464212237",
            "avg-rating": "",
            "img-url": "https://assets.ajio.com/medias/sys_master/root/20220523/T6jn/628b55e4aeb26921afc58ea6/-78Wx98H-464212237-blue-MODEL.jpg",
            "price": 4949,
            "was-price": 7070,
            "name": "Half-Rim Oversized Sunglasses",
            "url": "/web-half-rim-oversized-sunglasses/p/464212237_blue",
            "offer-price": 3949,
            "rating-count": 0,
            "cat1": "Men",
            "cat2": "Eyewear",
            "cat3": "Sunglasses",
            "brand": "web"
        },
        {
            "product-id": "464212213",
            "avg-rating": "",
            "img-url": "https://assets.ajio.com/medias/sys_master/root/20220523/srwd/628b4ec2f997dd03e212690b/-78Wx98H-464212213-maroon-MODEL.jpg",
            "price": 5590,
            "was-price": 5590,
            "name": "Full-Rim Round Frame",
            "url": "/web-full-rim-round-frame/p/464212213_maroon",
            "offer-price": 2932.3,
            "rating-count": 0,
            "cat1": "Men",
            "cat2": "Eyewear",
            "cat3": "Frames",
            "brand": "web"
        },
        {
            "product-id": "464414027",
            "avg-rating": "",
            "img-url": "https://assets.ajio.com/medias/sys_master/root/20220531/8XQk/6295397aaeb26921aff92d17/-78Wx98H-464414027-gold-MODEL.jpg",
            "price": 9000,
            "was-price": 9000,
            "name": "925 Sterling Silver Two Tone Drop Earrings",
            "url": "/neeta-boochra-jewellery-925-sterling-silver-two-tone-drop-earrings/p/464414027_gold",
            "offer-price": 8000,
            "rating-count": 0,
            "cat1": "Women",
            "cat2": "Fashion Jewellery",
            "cat3": "Earrings",
            "brand": "neeta-boochra-jewellery"
        },
        {
            "product-id": "464415898",
            "avg-rating": "",
            "img-url": "https://assets.ajio.com/medias/sys_master/root/20220601/z6Od/629680fcaeb26921afff1718/-78Wx98H-464415898-white-MODEL.jpg",
            "price": 22500,
            "was-price": 22500,
            "name": "Printed Crepe Kaftan",
            "url": "/payal-singhal-printed-crepe-kaftan/p/464415898_white",
            "offer-price": 20250,
            "rating-count": 0,
            "cat1": "Women",
            "cat2": "Western Wear",
            "cat3": "Dresses",
            "brand": "payal-singhal"
        },
        {
            "product-id": "464414034",
            "avg-rating": "",
            "img-url": "https://assets.ajio.com/medias/sys_master/root/20220531/QOpo/62953981f997dd03e24beaff/-78Wx98H-464414034-gold-MODEL.jpg",
            "price": 10700,
            "was-price": 10700,
            "name": "925 Sterling Silver Gold-Plated Chandbali Earrings",
            "url": "/neeta-boochra-jewellery-925-sterling-silver-gold-plated-chandbali-earrings/p/464414034_gold",
            "offer-price": 9700,
            "rating-count": 0,
            "cat1": "Women",
            "cat2": "Fashion Jewellery",
            "cat3": "Earrings",
            "brand": "neeta-boochra-jewellery"
        },
        {
            "product-id": "464420241",
            "avg-rating": "",
            "img-url": "https://assets.ajio.com/medias/sys_master/root/20231227/9TQt/658bfc86ddf7791519ed86eb/-78Wx98H-464420241-white-MODEL.jpg",
            "price": 5450,
            "was-price": 5450,
            "name": "Colourblock Slim Fit Shirt",
            "url": "/abkasa-colourblock-slim-fit-shirt/p/464420241_white",
            "offer-price": 4450,
            "rating-count": 0,
            "cat1": "Men",
            "cat2": "Western Wear",
            "cat3": "Shirts",
            "brand": "abkasa"
        },
        {
            "product-id": "464414056",
            "avg-rating": "",
            "img-url": "https://assets.ajio.com/medias/sys_master/root/20220531/YKMs/629536ecaeb26921aff91895/-78Wx98H-464414056-gold-MODEL.jpg",
            "price": 13000,
            "was-price": 13000,
            "name": "925 Sterling Silver Gold-Plated Jhumka Earrings",
            "url": "/neeta-boochra-jewellery-925-sterling-silver-gold-plated-jhumka-earrings/p/464414056_gold",
            "offer-price": 12000,
            "rating-count": 0,
            "cat1": "Women",
            "cat2": "Fashion Jewellery",
            "cat3": "Earrings",
            "brand": "neeta-boochra-jewellery"
        },
        {
            "product-id": "464420216",
            "avg-rating": "",
            "img-url": "https://assets.ajio.com/medias/sys_master/root/20220602/a9zd/6297cf1af997dd03e25a7a81/-78Wx98H-464420216-yellow-MODEL.jpg",
            "price": 6290,
            "was-price": 6290,
            "name": "Mid-Rise Straight-Fit Pants",
            "url": "/the-dapper-lady-mid-rise-straight-fit-pants/p/464420216_yellow",
            "offer-price": 5290,
            "rating-count": 0,
            "cat1": "Women",
            "cat2": "Western Wear",
            "cat3": "Trousers & Pants",
            "brand": "the-dapper-lady"
        },
        {
            "product-id": "464414086",
            "avg-rating": "",
            "img-url": "https://assets.ajio.com/medias/sys_master/root/20220531/2cLH/62953714aeb26921aff91b99/-78Wx98H-464414086-gold-MODEL.jpg",
            "price": 4500,
            "was-price": 4500,
            "name": "925 Sterling Silver Signature Kundan Drop Earrings",
            "url": "/neeta-boochra-jewellery-925-sterling-silver-signature-kundan-drop-earrings/p/464414086_gold",
            "offer-price": 3500,
            "rating-count": 0,
            "cat1": "Women",
            "cat2": "Fashion Jewellery",
            "cat3": "Earrings",
            "brand": "neeta-boochra-jewellery"
        },
        {
            "product-id": "469103178",
            "avg-rating": "",
            "img-url": "https://assets.ajio.com/medias/sys_master/root/20230216/tjVc/63ee492ff997dde6f4abd645/-78Wx98H-469103178-multi-MODEL.jpg",
            "price": 15120,
            "was-price": 16800,
            "name": "PCBJ13 Water-Resistant Analogue Watch",
            "url": "/d1-milano-pcbj13-water-resistant-analogue-watch/p/469103178_multi",
            "offer-price": 14120,
            "rating-count": 0,
            "cat1": "Men",
            "cat2": "Timewear",
            "cat3": "Watches",
            "brand": "d1-milano"
        },
        {
            "product-id": "463617332",
            "avg-rating": "",
            "img-url": "https://assets.ajio.com/medias/sys_master/root/20220118/d1xO/61e67f49aeb2695cdd1b47dd/-78Wx98H-463617332-yellow-MODEL.jpg",
            "price": 2350,
            "was-price": 2350,
            "name": "Luminous Skin Clearing Face Elixir ",
            "url": "/ras-luxury-oils-luminous-skin-clearing-face-elixir/p/463617332_yellow",
            "offer-price": 1761.03,
            "rating-count": 0,
            "cat1": "Women",
            "cat2": "Personal Care",
            "cat3": "Face Care",
            "brand": "ras-luxury-oils"
        },
        {
            "product-id": "469155271",
            "avg-rating": "",
            "img-url": "https://assets.ajio.com/medias/sys_master/root/20220528/C021/629185f1f997dd03e2418b57/-78Wx98H-469155271-black-MODEL.jpg",
            "price": 51999,
            "was-price": 51999,
            "name": "Round-Toe Slip-On Mules",
            "url": "/dsquared2-round-toe-slip-on-mules/p/469155271_black",
            "offer-price": 50999,
            "rating-count": 0,
            "cat1": "Men",
            "cat2": "Footwear",
            "cat3": "Casual Sandals",
            "brand": "dsquared2"
        },
        {
            "product-id": "464416740",
            "avg-rating": "",
            "img-url": "https://assets.ajio.com/medias/sys_master/root/20220601/mIJw/62968209aeb26921afff3943/-78Wx98H-464416740-silver-MODEL.jpg",
            "price": 1100,
            "was-price": 1100,
            "name": "3-piece Animals Cutlery Set",
            "url": "/herdmar-3-piece-animals-cutlery-set/p/464416740_silver",
            "offer-price": 823.62,
            "rating-count": 0,
            "cat1": "Home & Kitchen",
            "cat2": "Kitchen & Dining",
            "cat3": "Cutlery",
            "brand": "herdmar"
        },
        {
            "product-id": "464419975",
            "avg-rating": "",
            "img-url": "https://assets.ajio.com/medias/sys_master/root/20220602/DedA/6297ce2ff997dd03e25a5b86/-78Wx98H-464419975-white-MODEL.jpg",
            "price": 6990,
            "was-price": 6990,
            "name": "Mid-Rise Flared Pants",
            "url": "/the-dapper-lady-mid-rise-flared-pants/p/464419975_white",
            "offer-price": 5990,
            "rating-count": 0,
            "cat1": "Women",
            "cat2": "Western Wear",
            "cat3": "Trousers & Pants",
            "brand": "the-dapper-lady"
        },
        {
            "product-id": "464414889",
            "avg-rating": "",
            "img-url": "https://assets.ajio.com/medias/sys_master/root/20220601/p9PR/62967f4aaeb26921afff04f2/-78Wx98H-464414889-gold-MODEL.jpg",
            "price": 899,
            "was-price": 899,
            "name": "Hexagonal Brass Tea Strainer",
            "url": "/consciousco-hexagonal-brass-tea-strainer/p/464414889_gold",
            "offer-price": 671.98,
            "rating-count": 0,
            "cat1": "Home & Kitchen",
            "cat2": "Kitchen & Dining",
            "cat3": "Kitchen Tools",
            "brand": "consciousco"
        },
        {
            "product-id": "464352669",
            "avg-rating": "",
            "img-url": "https://assets.ajio.com/medias/sys_master/root/20220523/9gkF/628b5921f997dd03e2134a8d/-78Wx98H-464352669-silver-MODEL.jpg",
            "price": 3913,
            "was-price": 5590,
            "name": " WE5194 54 016 Rectangular Frames",
            "url": "/web-we5194-54-016-rectangular-frames/p/464352669_silver",
            "offer-price": 2932.3,
            "rating-count": 0,
            "cat1": "Men",
            "cat2": "Eyewear",
            "cat3": "Frames",
            "brand": "web"
        },
        {
            "product-id": "464414904",
            "avg-rating": "",
            "img-url": "https://assets.ajio.com/medias/sys_master/root/20220601/gJWp/62967c33aeb26921affec016/-78Wx98H-464414904-pink-MODEL.jpg",
            "price": 26500,
            "was-price": 26500,
            "name": "Printed Art Crepe Bomber Jacket with Jogger Pants",
            "url": "/payal-singhal-printed-art-crepe-bomber-jacket-with-jogger-pants/p/464414904_pink",
            "offer-price": 25500,
            "rating-count": 0,
            "cat1": "Women",
            "cat2": "Western Wear",
            "cat3": "Suit Sets",
            "brand": "payal-singhal"
        },
        {
            "product-id": "464416131",
            "avg-rating": "",
            "img-url": "https://assets.ajio.com/medias/sys_master/root/20230824/5KsA/64e6ebdaafa4cf41f57456e9/-78Wx98H-464416131-navy-MODEL.jpg",
            "price": 15725,
            "was-price": 18500,
            "name": "Slim Fit Flat Front Trousers",
            "url": "/s-n-by-shantnu-nikhil-slim-fit-flat-front-trousers/p/464416131_navy",
            "offer-price": 14725,
            "rating-count": 0,
            "cat1": "Men",
            "cat2": "Western Wear",
            "cat3": "Trousers & Pants",
            "brand": "s-n-by-shantnu-nikhil"
        },
        {
            "product-id": "464415971",
            "avg-rating": "",
            "img-url": "https://assets.ajio.com/medias/sys_master/root/20220601/OAwB/62967edaaeb26921affef68e/-78Wx98H-464415971-pink-MODEL.jpg",
            "price": 25500,
            "was-price": 25500,
            "name": "Printed Crepe High-Slit Kaftan with Belt",
            "url": "/payal-singhal-printed-crepe-high-slit-kaftan-with-belt/p/464415971_pink",
            "offer-price": 22950,
            "rating-count": 0,
            "cat1": "Women",
            "cat2": "Western Wear",
            "cat3": "Dresses",
            "brand": "payal-singhal"
        },
        {
            "product-id": "464415373",
            "avg-rating": "",
            "img-url": "https://assets.ajio.com/medias/sys_master/root/20220601/hFE9/62967f71aeb26921afff08d0/-78Wx98H-464415373-cream-MODEL.jpg",
            "price": 29800,
            "was-price": 29800,
            "name": "Banarasi Silk Kurta with Palazzos with Net Dupatta & Matching Structured 3 Ply Mask",
            "url": "/payal-singhal-banarasi-silk-kurta-with-palazzos-with-net-dupatta-matching-structured-3-ply-mask/p/464415373_cream",
            "offer-price": 28800,
            "rating-count": 0,
            "cat1": "Women",
            "cat2": "Ethnic Wear",
            "cat3": "Kurta Suit Sets",
            "brand": "payal-singhal"
        },
        {
            "product-id": "464416885",
            "avg-rating": "",
            "img-url": "https://assets.ajio.com/medias/sys_master/root/20230525/70He/646eb13ad55b7d0c63dff4e3/-78Wx98H-464416885-silver-MODEL.jpg",
            "price": 8400,
            "was-price": 8400,
            "name": "24-piece Cronos Cutlery Set",
            "url": "/herdmar-24-piece-cronos-cutlery-set/p/464416885_silver",
            "offer-price": 7400,
            "rating-count": 0,
            "cat1": "Home & Kitchen",
            "cat2": "Kitchen & Dining",
            "cat3": "Cutlery",
            "brand": "herdmar"
        },
        {
            "product-id": "464352592",
            "avg-rating": "",
            "img-url": "https://assets.ajio.com/medias/sys_master/root/20220523/Dd0X/628b63d2f997dd03e2140e8b/-78Wx98H-464352592-brown-MODEL.jpg",
            "price": 4697,
            "was-price": 6710,
            "name": "WE5122 54 055 Square Frames",
            "url": "/web-we5122-54-055-square-frames/p/464352592_brown",
            "offer-price": 3697,
            "rating-count": 0,
            "cat1": "Men",
            "cat2": "Eyewear",
            "cat3": "Frames",
            "brand": "web"
        },
        {
            "product-id": "464352684",
            "avg-rating": "",
            "img-url": "https://assets.ajio.com/medias/sys_master/root/20220523/tcxX/628b61fef997dd03e213eb9a/-78Wx98H-464352684-brown-MODEL.jpg",
            "price": 3913,
            "was-price": 5590,
            "name": "WE5115 53 052 Square Frames",
            "url": "/web-we5115-53-052-square-frames/p/464352684_brown",
            "offer-price": 2932.3,
            "rating-count": 0,
            "cat1": "Men",
            "cat2": "Eyewear",
            "cat3": "Frames",
            "brand": "web"
        },
        {
            "product-id": "463677278",
            "avg-rating": "",
            "img-url": "https://assets.ajio.com/medias/sys_master/root/20220118/D27b/61e5dd37aeb2695cdd1ab77a/-78Wx98H-463677278-blue-MODEL.jpg",
            "price": 6499,
            "was-price": 6499,
            "name": "Wayfarer Full-Rim Sunglasses",
            "url": "/numi-paris-wayfarer-full-rim-sunglasses/p/463677278_blue",
            "offer-price": 5499,
            "rating-count": 0,
            "cat1": "Men",
            "cat2": "Eyewear",
            "cat3": "Sunglasses",
            "brand": "numi-paris"
        },
        {
            "product-id": "469103182",
            "avg-rating": "",
            "img-url": "https://assets.ajio.com/medias/sys_master/root/20220115/6SgD/61e1d30af997dd662322d961/-78Wx98H-469103182-multi-MODEL.jpg",
            "price": 55000,
            "was-price": 55000,
            "name": "SKBJ03 Water-Resistant Skeleton Dial Watch",
            "url": "/d1-milano-skbj03-water-resistant-skeleton-dial-watch/p/469103182_multi",
            "offer-price": 48400,
            "rating-count": 0,
            "cat1": "Men",
            "cat2": "Timewear",
            "cat3": "Watches",
            "brand": "d1-milano"
        },
        {
            "product-id": "463677342",
            "avg-rating": "",
            "img-url": "https://assets.ajio.com/medias/sys_master/root/20220118/Q2f2/61e5dbc6aeb2695cdd1aa20e/-78Wx98H-463677342-purple-MODEL.jpg",
            "price": 7499,
            "was-price": 7499,
            "name": "Oversized Sunglasses with Top Bar",
            "url": "/numi-paris-oversized-sunglasses-with-top-bar/p/463677342_purple",
            "offer-price": 7124.05,
            "rating-count": 0,
            "cat1": "Men",
            "cat2": "Eyewear",
            "cat3": "Sunglasses",
            "brand": "numi-paris"
        },
        {
            "product-id": "469103223",
            "avg-rating": "",
            "img-url": "https://assets.ajio.com/medias/sys_master/root/20240502/EvSk/66337b9b16fd2c6e6ae2138e/-78Wx98H-469103223-multi-MODEL.jpg",
            "price": 29250,
            "was-price": 32500,
            "name": "UTBJ14 Water-Resistant Analogue Watch",
            "url": "/d1-milano-utbj14-water-resistant-analogue-watch/p/469103223_multi",
            "offer-price": 28250,
            "rating-count": 0,
            "cat1": "Men",
            "cat2": "Timewear",
            "cat3": "Watches",
            "brand": "d1-milano"
        },
        {
            "product-id": "464352722",
            "avg-rating": "",
            "img-url": "https://assets.ajio.com/medias/sys_master/root/20220523/ZRLv/628b6631f997dd03e2142290/-78Wx98H-464352722-brown-MODEL.jpg",
            "price": 3913,
            "was-price": 5590,
            "name": " WE5155 53 052 Rectangular Frames",
            "url": "/web-we5155-53-052-rectangular-frames/p/464352722_brown",
            "offer-price": 2932.3,
            "rating-count": 0,
            "cat1": "Men",
            "cat2": "Eyewear",
            "cat3": "Frames",
            "brand": "web"
        },
        {
            "product-id": "464352704",
            "avg-rating": "",
            "img-url": "https://assets.ajio.com/medias/sys_master/root/20220523/9ERm/628b6834f997dd03e2143a29/-78Wx98H-464352704-bronze-MODEL.jpg",
            "price": 3913,
            "was-price": 5590,
            "name": "WE5194 54 009 Rectangular Frames",
            "url": "/web-we5194-54-009-rectangular-frames/p/464352704_bronze",
            "offer-price": 2932.3,
            "rating-count": 0,
            "cat1": "Men",
            "cat2": "Eyewear",
            "cat3": "Frames",
            "brand": "web"
        },
        {
            "product-id": "464352600",
            "avg-rating": "",
            "img-url": "https://assets.ajio.com/medias/sys_master/root/20220523/67wB/628b6374f997dd03e21407c0/-78Wx98H-464352600-brown-MODEL.jpg",
            "price": 3913,
            "was-price": 5590,
            "name": "WE5129 51 046 Square Frames",
            "url": "/web-we5129-51-046-square-frames/p/464352600_brown",
            "offer-price": 2932.3,
            "rating-count": 0,
            "cat1": "Men",
            "cat2": "Eyewear",
            "cat3": "Frames",
            "brand": "web"
        },
        {
            "product-id": "464352681",
            "avg-rating": "",
            "img-url": "https://assets.ajio.com/medias/sys_master/root/20220523/DTMl/628b62feaeb26921afc68d8b/-78Wx98H-464352681-brown-MODEL.jpg",
            "price": 5590,
            "was-price": 5590,
            "name": "WE5160 54 052 Square Frames",
            "url": "/web-we5160-54-052-square-frames/p/464352681_brown",
            "offer-price": 2932.3,
            "rating-count": 0,
            "cat1": "Men",
            "cat2": "Eyewear",
            "cat3": "Frames",
            "brand": "web"
        },
        {
            "product-id": "464347035",
            "avg-rating": "",
            "img-url": "https://assets.ajio.com/medias/sys_master/root/20220523/FMa6/628b6163aeb26921afc66e50/-78Wx98H-464347035-brown-MODEL.jpg",
            "price": 5590,
            "was-price": 5590,
            "name": "Full-Rim Rectangular Frames",
            "url": "/web-full-rim-rectangular-frames/p/464347035_brown",
            "offer-price": 2932.3,
            "rating-count": 0,
            "cat1": "Men",
            "cat2": "Eyewear",
            "cat3": "Frames",
            "brand": "web"
        },
        {
            "product-id": "464352657",
            "avg-rating": "",
            "img-url": "https://assets.ajio.com/medias/sys_master/root/20220523/HJ05/628b63d2f997dd03e2140e89/-78Wx98H-464352657-brown-MODEL.jpg",
            "price": 4697,
            "was-price": 6710,
            "name": "WE5122 54 056 Square Frames",
            "url": "/web-we5122-54-056-square-frames/p/464352657_brown",
            "offer-price": 3697,
            "rating-count": 0,
            "cat1": "Men",
            "cat2": "Eyewear",
            "cat3": "Frames",
            "brand": "web"
        },
        {
            "product-id": "464352670",
            "avg-rating": "",
            "img-url": "https://assets.ajio.com/medias/sys_master/root/20220523/H970/628b65f8f997dd03e214207a/-78Wx98H-464352670-bronze-MODEL.jpg",
            "price": 3913,
            "was-price": 5590,
            "name": " WE5195 53 009 Rectangular Frames",
            "url": "/web-we5195-53-009-rectangular-frames/p/464352670_bronze",
            "offer-price": 2932.3,
            "rating-count": 0,
            "cat1": "Men",
            "cat2": "Eyewear",
            "cat3": "Frames",
            "brand": "web"
        },
        {
            "product-id": "469093582",
            "avg-rating": "",
            "img-url": "https://assets.ajio.com/medias/sys_master/root/20220601/J7ky/6296ef11f997dd03e2560d4a/-78Wx98H-469093582-white-MODEL.jpg",
            "price": 27999,
            "was-price": 27999,
            "name": "DSQ2 Cotton Regular Fit Polo T-Shirt With Contrast Hem",
            "url": "/dsquared2-dsq2-cotton-regular-fit-polo-t-shirt-with-contrast-hem/p/469093582_white",
            "offer-price": 25199.1,
            "rating-count": 0,
            "cat1": "Men",
            "cat2": "Western Wear",
            "cat3": "Tshirts",
            "brand": "dsquared2"
        },
        {
            "product-id": "464415406",
            "avg-rating": "",
            "img-url": "https://assets.ajio.com/medias/sys_master/root/20220601/oik4/62968103aeb26921afff17f4/-78Wx98H-464415406-peach-MODEL.jpg",
            "price": 22500,
            "was-price": 22500,
            "name": "Chanderi Stripe Kurta with Palazzos & Handpaint Printed Silkmul Dupatta with Matching Structured 3 Ply Mask",
            "url": "/payal-singhal-chanderi-stripe-kurta-with-palazzos-handpaint-printed-silkmul-dupatta-with-matching-structured-3-ply-mask/p/464415406_peach",
            "offer-price": 21500,
            "rating-count": 0,
            "cat1": "Women",
            "cat2": "Ethnic Wear",
            "cat3": "Kurta Suit Sets",
            "brand": "payal-singhal"
        },
        {
            "product-id": "464408286",
            "avg-rating": "",
            "img-url": "https://assets.ajio.com/medias/sys_master/root/20220530/RK01/62950851aeb26921aff6ebc3/-78Wx98H-464408286-silver-MODEL.jpg",
            "price": 2850,
            "was-price": 2850,
            "name": "Silver-Plated Twisted Wire Drop Earrings",
            "url": "/vasundhara-silver-plated-twisted-wire-drop-earrings/p/464408286_silver",
            "offer-price": 2135.71,
            "rating-count": 0,
            "cat1": "Women",
            "cat2": "Fashion Jewellery",
            "cat3": "Earrings",
            "brand": "vasundhara"
        },
        {
            "product-id": "464416087",
            "avg-rating": "",
            "img-url": "https://assets.ajio.com/medias/sys_master/root/20220601/PPAg/629683c1aeb26921afff705e/-78Wx98H-464416087-blue-MODEL.jpg",
            "price": 15500,
            "was-price": 15500,
            "name": "Printed Crepe Frill Dress",
            "url": "/payal-singhal-printed-crepe-frill-dress/p/464416087_blue",
            "offer-price": 13950,
            "rating-count": 0,
            "cat1": "Women",
            "cat2": "Western Wear",
            "cat3": "Dresses",
            "brand": "payal-singhal"
        },
        {
            "product-id": "464415258",
            "avg-rating": "",
            "img-url": "https://assets.ajio.com/medias/sys_master/root/20220601/9zlm/62967c8ff997dd03e252522d/-78Wx98H-464415258-blue-MODEL.jpg",
            "price": 22500,
            "was-price": 22500,
            "name": "Chanderi Stripe Kurta with Palazzos & Silkmul Dupatta with Matching Structured 3 Ply Mask",
            "url": "/payal-singhal-chanderi-stripe-kurta-with-palazzos-silkmul-dupatta-with-matching-structured-3-ply-mask/p/464415258_blue",
            "offer-price": 21500,
            "rating-count": 0,
            "cat1": "Women",
            "cat2": "Ethnic Wear",
            "cat3": "Kurta Suit Sets",
            "brand": "payal-singhal"
        },
        {
            "product-id": "469103188",
            "avg-rating": "",
            "img-url": "https://assets.ajio.com/medias/sys_master/root/20230317/osJJ/64140912f997dde6f403c709/-78Wx98H-469103188-multi-MODEL.jpg",
            "price": 52200,
            "was-price": 58000,
            "name": "SKRJ12 Water-Resistant Skeleton Dial Watch",
            "url": "/d1-milano-skrj12-water-resistant-skeleton-dial-watch/p/469103188_multi",
            "offer-price": 51040,
            "rating-count": 0,
            "cat1": "Men",
            "cat2": "Timewear",
            "cat3": "Watches",
            "brand": "d1-milano"
        },
        {
            "product-id": "469103199",
            "avg-rating": "",
            "img-url": "https://assets.ajio.com/medias/sys_master/root/20230317/J4fC/6414090bf997dde6f403c5e7/-78Wx98H-469103199-multi-MODEL.jpg",
            "price": 25500,
            "was-price": 25500,
            "name": "UTLJ02 Water-Resistant Analogue Watch",
            "url": "/d1-milano-utlj02-water-resistant-analogue-watch/p/469103199_multi",
            "offer-price": 21950,
            "rating-count": 0,
            "cat1": "Men",
            "cat2": "Timewear",
            "cat3": "Watches",
            "brand": "d1-milano"
        },
        {
            "product-id": "410295387",
            "avg-rating": "",
            "img-url": "https://assets.ajio.com/medias/sys_master/root/20220113/PjtZ/61df62a2aeb2695cdd12bbe2/-78Wx98H-410295387-cvr-MODEL.jpg",
            "price": 3495,
            "was-price": 3495,
            "name": "Lace Panelled Bodysuit with Adjustable Straps",
            "url": "/hunkemoller-lace-panelled-bodysuit-with-adjustable-straps/p/410295387_cvr",
            "offer-price": 1439.09,
            "rating-count": 0,
            "cat1": "Women",
            "cat2": "Lingerie & Innerwear",
            "cat3": "Lingerie Sets",
            "brand": "hunkemoller"
        },
        {
            "product-id": "469103163",
            "avg-rating": "",
            "img-url": "https://assets.ajio.com/medias/sys_master/root/20230118/WAGk/63c7dc14f997dd708e1149eb/-78Wx98H-469103163-multi-MODEL.jpg",
            "price": 58050,
            "was-price": 64500,
            "name": "ATBJ11 Analogue Watch with Stainless Steel Strap",
            "url": "/d1-milano-atbj11-analogue-watch-with-stainless-steel-strap/p/469103163_multi",
            "offer-price": 56760,
            "rating-count": 0,
            "cat1": "Men",
            "cat2": "Timewear",
            "cat3": "Watches",
            "brand": "d1-milano"
        },
        {
            "product-id": "469093602",
            "avg-rating": "",
            "img-url": "https://assets.ajio.com/medias/sys_master/root/20220601/aaPC/6297331bf997dd03e2586999/-78Wx98H-469093602-white-MODEL.jpg",
            "price": 19999,
            "was-price": 19999,
            "name": "Icon Cotton Regular Fit T-Shirt With Contrast Logo",
            "url": "/dsquared2-icon-cotton-regular-fit-t-shirt-with-contrast-logo/p/469093602_white",
            "offer-price": 17999.1,
            "rating-count": 0,
            "cat1": "Men",
            "cat2": "Western Wear",
            "cat3": "Tshirts",
            "brand": "dsquared2"
        },
        {
            "product-id": "464352606",
            "avg-rating": "",
            "img-url": "https://assets.ajio.com/medias/sys_master/root/20220523/R0HW/628b61edaeb26921afc67974/-78Wx98H-464352606-grey-MODEL.jpg",
            "price": 5590,
            "was-price": 5590,
            "name": "WE5113 49 021 Oval Frames",
            "url": "/web-we5113-49-021-oval-frames/p/464352606_grey",
            "offer-price": 2932.3,
            "rating-count": 0,
            "cat1": "Men",
            "cat2": "Eyewear",
            "cat3": "Frames",
            "brand": "web"
        },
        {
            "product-id": "464352700",
            "avg-rating": "",
            "img-url": "https://assets.ajio.com/medias/sys_master/root/20220523/EYky/628b5ca3aeb26921afc612a1/-78Wx98H-464352700-brown-MODEL.jpg",
            "price": 4697,
            "was-price": 6710,
            "name": " WE5123 53 055 Square Frames",
            "url": "/web-we5123-53-055-square-frames/p/464352700_brown",
            "offer-price": 3697,
            "rating-count": 0,
            "cat1": "Men",
            "cat2": "Eyewear",
            "cat3": "Frames",
            "brand": "web"
        },
        {
            "product-id": "464352679",
            "avg-rating": "",
            "img-url": "https://assets.ajio.com/medias/sys_master/root/20220523/1vDa/628b63dcf997dd03e2140f43/-78Wx98H-464352679-brown-MODEL.jpg",
            "price": 5590,
            "was-price": 5590,
            "name": "WE5223 55 052 Rectangular Frames",
            "url": "/web-we5223-55-052-rectangular-frames/p/464352679_brown",
            "offer-price": 2932.3,
            "rating-count": 0,
            "cat1": "Men",
            "cat2": "Eyewear",
            "cat3": "Frames",
            "brand": "web"
        }
    ]
}