{
    "": [],
    "ajio": [],
    "trends.ajio": [
        {
            "product-id": "450141288",
            "avg-rating": "",
            "img-url": "https://assets.ajio.com/medias/sys_master/root/20210303/9HzJ/603e878df997dd5c4001e1d8/-78Wx98H-450141288-bronze-MODEL.jpg",
            "price": 280,
            "was-price": 699,
            "name": "Strappy Slip-On Wedges",
            "url": "/hi-attitude-strappy-slip-on-wedges/p/450141288_bronze",
            "offer-price": 279.44,
            "rating-count": 0,
            "cat1": "Women",
            "cat2": "Footwear",
            "cat3": "Heeled Sandals",
            "brand": "hi-attitude"
        },
        {
            "product-id": "460750960",
            "avg-rating": "",
            "img-url": "https://assets.ajio.com/medias/sys_master/root/20210304/Oa9x/60410f56f997dd5c4004adb8/-78Wx98H-460750960-beige-MODEL.jpg",
            "price": 846,
            "was-price": 1799,
            "name": "Women Striped Shirt Dress with Detachable Waist Tie-Up",
            "url": "/outryt-women-striped-shirt-dress-with-detachable-waist-tie-up/p/460750960_beige",
            "offer-price": 809.55,
            "rating-count": 0,
            "cat1": "Women",
            "cat2": "Western Wear",
            "cat3": "Dresses",
            "brand": "outryt"
        },
        {
            "product-id": "450137570",
            "avg-rating": "",
            "img-url": "https://assets.ajio.com/medias/sys_master/root/20210303/9taB/603e87267cdb8c1f14532abb/-78Wx98H-450137570-camel-MODEL.jpg",
            "price": 449,
            "was-price": 599,
            "name": "Women Slingback Sandals with Buckle Closure",
            "url": "/hi-attitude-women-slingback-sandals-with-buckle-closure/p/450137570_camel",
            "offer-price": 335.62,
            "rating-count": 0,
            "cat1": "Women",
            "cat2": "Footwear",
            "cat3": "Flat Sandals",
            "brand": "hi-attitude"
        },
        {
            "product-id": "460758535",
            "avg-rating": "",
            "img-url": "https://assets.ajio.com/medias/sys_master/root/20210216/HJTU/602aee19f997dd5c40f182aa/-78Wx98H-460758535-darkblue-MODEL.jpg",
            "price": 1999,
            "was-price": 1999,
            "name": "Washed Mid-Rise Slim Tapered Fit Jeans",
            "url": "/altheory-washed-mid-rise-slim-tapered-fit-jeans/p/460758535_darkblue",
            "offer-price": 748.74,
            "rating-count": 0,
            "cat1": "Men",
            "cat2": "Western Wear",
            "cat3": "Jeans",
            "brand": "altheory"
        },
        {
            "product-id": "450141357",
            "avg-rating": "",
            "img-url": "https://assets.ajio.com/medias/sys_master/root/20210222/pyVX/6033e227aeb26969816c1a7f/-78Wx98H-450141357-pewter-MODEL.jpg",
            "price": 400,
            "was-price": 999,
            "name": "Embellished T-strap Heeled Sandals",
            "url": "/hi-attitude-embellished-t-strap-heeled-sandals/p/450141357_pewter",
            "offer-price": 399.2,
            "rating-count": 0,
            "cat1": "Women",
            "cat2": "Footwear",
            "cat3": "Heeled Sandals",
            "brand": "hi-attitude"
        },
        {
            "product-id": "441115864",
            "avg-rating": "",
            "img-url": "https://assets.ajio.com/medias/sys_master/root/20210225/bKC3/6036c6cef997dd5c40f970d4/-78Wx98H-441115864-pink-MODEL.jpg",
            "price": 1299,
            "was-price": 1299,
            "name": "Block Print A-line Kurta with Mandarin Collar",
            "url": "/avaasa-mix-n-match-block-print-a-line-kurta-with-mandarin-collar/p/441115864_pink",
            "offer-price": 389.51,
            "rating-count": 0,
            "cat1": "Women",
            "cat2": "Ethnic Wear",
            "cat3": "Kurtas",
            "brand": "avaasa-mix-n-match"
        },
        {
            "product-id": "450140819",
            "avg-rating": "",
            "img-url": "https://assets.ajio.com/medias/sys_master/root/20210222/BqK5/6033d8727cdb8c1f1446d087/-78Wx98H-450140819-pewter-MODEL.jpg",
            "price": 599,
            "was-price": 599,
            "name": "Croc-Embossed Ballerinas with Bow Accent",
            "url": "/hi-attitude-croc-embossed-ballerinas-with-bow-accent/p/450140819_pewter",
            "offer-price": 239.52,
            "rating-count": 0,
            "cat1": "Women",
            "cat2": "Footwear",
            "cat3": "Flat Shoes",
            "brand": "hi-attitude"
        },
        {
            "product-id": "460537798",
            "avg-rating": "",
            "img-url": "https://assets.ajio.com/medias/sys_master/root/20210223/ekuo/6033ff34aeb26969816d207b/-78Wx98H-460537798-olive-MODEL.jpg",
            "price": 999,
            "was-price": 999,
            "name": "Slim Fit Polo T-shirt",
            "url": "/uniquest-slim-fit-polo-t-shirt/p/460537798_olive",
            "offer-price": 299.62,
            "rating-count": 0,
            "cat1": "Men",
            "cat2": "Western Wear",
            "cat3": "Tshirts",
            "brand": "uniquest"
        },
        {
            "product-id": "460751109",
            "avg-rating": "",
            "img-url": "https://assets.ajio.com/medias/sys_master/root/20210225/XSib/60379ac77cdb8c1f144dacc4/-78Wx98H-460751109-burgundy-MODEL.jpg",
            "price": 705,
            "was-price": 1499,
            "name": "Women Zip-Front Bomber Chiffon Satin Jacket",
            "url": "/outryt-women-zip-front-bomber-chiffon-satin-jacket/p/460751109_burgundy",
            "offer-price": 674.55,
            "rating-count": 0,
            "cat1": "Women",
            "cat2": "Western Wear",
            "cat3": "Jackets & Coats",
            "brand": "outryt"
        },
        {
            "product-id": "450140046",
            "avg-rating": "",
            "img-url": "https://assets.ajio.com/medias/sys_master/root/20210223/TTIC/6033fe47f997dd5c40f860cd/-78Wx98H-450140046-black-MODEL.jpg",
            "price": 799,
            "was-price": 799,
            "name": "Lace-Up Derby Shoes",
            "url": "/schumann-lace-up-derby-shoes/p/450140046_black",
            "offer-price": 319.36,
            "rating-count": 0,
            "cat1": "Men",
            "cat2": "Footwear",
            "cat3": "Formal Shoes",
            "brand": "schumann"
        },
        {
            "product-id": "450140965",
            "avg-rating": "",
            "img-url": "https://assets.ajio.com/medias/sys_master/root/20210223/O4hw/6033fbdfaeb26969816cfe98/-78Wx98H-450140965-tan-MODEL.jpg",
            "price": 2695,
            "was-price": 2695,
            "name": "Panelled Slip-On Shoes",
            "url": "/buckaroo-panelled-slip-on-shoes/p/450140965_tan",
            "offer-price": 2019.56,
            "rating-count": 0,
            "cat1": "Men",
            "cat2": "Footwear",
            "cat3": "Casual Shoes",
            "brand": "buckaroo"
        },
        {
            "product-id": "450140867",
            "avg-rating": "",
            "img-url": "https://assets.ajio.com/medias/sys_master/root/20210222/sPGS/6033d126f997dd5c40f65ad2/-78Wx98H-450140867-pink-MODEL.jpg",
            "price": 100,
            "was-price": 249,
            "name": "Printed Thong-Strap Flip-Flops",
            "url": "/frisbee-printed-thong-strap-flip-flops/p/450140867_pink",
            "offer-price": 99.8,
            "rating-count": 0,
            "cat1": "Women",
            "cat2": "Footwear",
            "cat3": "Flip Flop & Slippers",
            "brand": "frisbee"
        },
        {
            "product-id": "450140871",
            "avg-rating": "",
            "img-url": "https://assets.ajio.com/medias/sys_master/root/20210222/9jjf/6033dfccaeb26969816bf2d1/-78Wx98H-450140871-pink-MODEL.jpg",
            "price": 120,
            "was-price": 299,
            "name": "Women Graphic Print Thong-Strap Flip-Flops",
            "url": "/frisbee-women-graphic-print-thong-strap-flip-flops/p/450140871_pink",
            "offer-price": 119.76,
            "rating-count": 0,
            "cat1": "Women",
            "cat2": "Footwear",
            "cat3": "Flip Flop & Slippers",
            "brand": "frisbee"
        },
        {
            "product-id": "450134566",
            "avg-rating": "",
            "img-url": "https://assets.ajio.com/medias/sys_master/root/20210223/XveW/603407f97cdb8c1f14497769/-78Wx98H-450134566-navy-MODEL.jpg",
            "price": 149,
            "was-price": 149,
            "name": "Printed Thong-Strap Flip-Flops",
            "url": "/frisbee-printed-thong-strap-flip-flops/p/450134566_navy",
            "offer-price": 83.72,
            "rating-count": 0,
            "cat1": "Men",
            "cat2": "Footwear",
            "cat3": "Flip Flop & Slippers",
            "brand": "frisbee"
        },
        {
            "product-id": "450138933",
            "avg-rating": "",
            "img-url": "https://assets.ajio.com/medias/sys_master/root/20210222/99wz/6033f3fd7cdb8c1f1448571f/-78Wx98H-450138933-pink-MODEL.jpg",
            "price": 120,
            "was-price": 299,
            "name": "Tropical Print Thong-Strap Flip-Flops",
            "url": "/frisbee-tropical-print-thong-strap-flip-flops/p/450138933_pink",
            "offer-price": 119.76,
            "rating-count": 0,
            "cat1": "Women",
            "cat2": "Footwear",
            "cat3": "Flip Flop & Slippers",
            "brand": "frisbee"
        },
        {
            "product-id": "420043787",
            "avg-rating": "",
            "img-url": "https://assets.ajio.com/medias/sys_master/root/20210223/RtIk/6033f89baeb26969816cf698/-78Wx98H-420043787-white-MODEL.jpg",
            "price": 999,
            "was-price": 999,
            "name": "Spread-Collar Shirt with Patch Pocket",
            "url": "/john-players-spread-collar-shirt-with-patch-pocket/p/420043787_white",
            "offer-price": 339.66,
            "rating-count": 0,
            "cat1": "Men",
            "cat2": "Western Wear",
            "cat3": "Shirts",
            "brand": "john-players"
        },
        {
            "product-id": "441115874",
            "avg-rating": "",
            "img-url": "https://assets.ajio.com/medias/sys_master/root/20210225/uAm5/60374698f997dd5c40fb4612/-78Wx98H-441115874-grey-MODEL.jpg",
            "price": 999,
            "was-price": 999,
            "name": "Printed A-line Kurta with Handkerchief Hemline",
            "url": "/avaasa-mix-n-match-printed-a-line-kurta-with-handkerchief-hemline/p/441115874_grey",
            "offer-price": 299.62,
            "rating-count": 0,
            "cat1": "Women",
            "cat2": "Ethnic Wear",
            "cat3": "Kurtas",
            "brand": "avaasa-mix-n-match"
        },
        {
            "product-id": "450141169",
            "avg-rating": "",
            "img-url": "https://assets.ajio.com/medias/sys_master/root/20210219/gdOM/602ebd037cdb8c1f1443cf0d/-78Wx98H-450141169-tan-MODEL.jpg",
            "price": 280,
            "was-price": 699,
            "name": "Thong-Strap Sandals with Stitch Accent",
            "url": "/schumann-thong-strap-sandals-with-stitch-accent/p/450141169_tan",
            "offer-price": 279.44,
            "rating-count": 0,
            "cat1": "Men",
            "cat2": "Footwear",
            "cat3": "Sandals",
            "brand": "schumann"
        },
        {
            "product-id": "460528140",
            "avg-rating": "",
            "img-url": "https://assets.ajio.com/medias/sys_master/root/20210225/N7sF/6037c4e07cdb8c1f144e048e/-78Wx98H-460528140-darkindigo-MODEL.jpg",
            "price": 1899,
            "was-price": 1899,
            "name": "Popover Slim Fit Shirt with Short Zip Pocket",
            "url": "/uniquest-popover-slim-fit-shirt-with-short-zip-pocket/p/460528140_darkindigo",
            "offer-price": 716.01,
            "rating-count": 0,
            "cat1": "Men",
            "cat2": "Western Wear",
            "cat3": "Shirts",
            "brand": "uniquest"
        },
        {
            "product-id": "450137563",
            "avg-rating": "",
            "img-url": "https://assets.ajio.com/medias/sys_master/root/20210222/MQWe/6033e7c47cdb8c1f1447a509/-78Wx98H-450137563-nude-MODEL.jpg",
            "price": 699,
            "was-price": 699,
            "name": "Embellished Toe-Ring Wedges",
            "url": "/hi-attitude-embellished-toe-ring-wedges/p/450137563_nude",
            "offer-price": 279.44,
            "rating-count": 0,
            "cat1": "Women",
            "cat2": "Footwear",
            "cat3": "Heeled Sandals",
            "brand": "hi-attitude"
        },
        {
            "product-id": "450133306",
            "avg-rating": "",
            "img-url": "https://assets.ajio.com/medias/sys_master/root/20210223/Injm/60340020aeb26969816d24c4/-78Wx98H-450133306-brown-MODEL.jpg",
            "price": 524,
            "was-price": 699,
            "name": "Criss-Cross Toe-Ring Flat Sandals",
            "url": "/schumann-criss-cross-toe-ring-flat-sandals/p/450133306_brown",
            "offer-price": 391.68,
            "rating-count": 0,
            "cat1": "Men",
            "cat2": "Footwear",
            "cat3": "Sandals",
            "brand": "schumann"
        },
        {
            "product-id": "450140403",
            "avg-rating": "",
            "img-url": "https://assets.ajio.com/medias/sys_master/root/20210223/ZdmK/60340d287cdb8c1f1449c7d3/-78Wx98H-450140403-black-MODEL.jpg",
            "price": 320,
            "was-price": 799,
            "name": "Slip-On Thong-Strap Flat Sandals",
            "url": "/schumann-slip-on-thong-strap-flat-sandals/p/450140403_black",
            "offer-price": 319.36,
            "rating-count": 0,
            "cat1": "Men",
            "cat2": "Footwear",
            "cat3": "Sandals",
            "brand": "schumann"
        },
        {
            "product-id": "450140552",
            "avg-rating": "",
            "img-url": "https://assets.ajio.com/medias/sys_master/root/20210223/aG4o/6033fa0aaeb26969816cfbf4/-78Wx98H-450140552-tan-MODEL.jpg",
            "price": 280,
            "was-price": 699,
            "name": "Thong-Strap Slip-On Flat Sandals",
            "url": "/cristofano-thong-strap-slip-on-flat-sandals/p/450140552_tan",
            "offer-price": 279.44,
            "rating-count": 0,
            "cat1": "Men",
            "cat2": "Footwear",
            "cat3": "Sandals",
            "brand": "cristofano"
        },
        {
            "product-id": "450138928",
            "avg-rating": "",
            "img-url": "https://assets.ajio.com/medias/sys_master/root/20210222/RyYQ/6033e1427cdb8c1f14474b1b/-78Wx98H-450138928-pink-MODEL.jpg",
            "price": 187,
            "was-price": 249,
            "name": "Floral Print Thong-Strap Flip-Flops",
            "url": "/frisbee-floral-print-thong-strap-flip-flops/p/450138928_pink",
            "offer-price": 139.78,
            "rating-count": 0,
            "cat1": "Women",
            "cat2": "Footwear",
            "cat3": "Flip Flop & Slippers",
            "brand": "frisbee"
        },
        {
            "product-id": "460528140",
            "avg-rating": "",
            "img-url": "https://assets.ajio.com/medias/sys_master/root/20210225/Q9Ys/6037c0a57cdb8c1f144df90c/-78Wx98H-460528140-midindigo-MODEL.jpg",
            "price": 1899,
            "was-price": 1899,
            "name": "Popover Slim Fit Shirt with Short Zip Pocket",
            "url": "/uniquest-popover-slim-fit-shirt-with-short-zip-pocket/p/460528140_midindigo",
            "offer-price": 1421.86,
            "rating-count": 0,
            "cat1": "Men",
            "cat2": "Western Wear",
            "cat3": "Shirts",
            "brand": "uniquest"
        },
        {
            "product-id": "460528140",
            "avg-rating": "",
            "img-url": "https://assets.ajio.com/medias/sys_master/root/20210225/qpBF/6037bd5bf997dd5c40fbed0b/-78Wx98H-460528140-lightindigo-MODEL.jpg",
            "price": 1899,
            "was-price": 1899,
            "name": "Popover Slim Fit Shirt with Short Zip Pocket",
            "url": "/uniquest-popover-slim-fit-shirt-with-short-zip-pocket/p/460528140_lightindigo",
            "offer-price": 569.29,
            "rating-count": 0,
            "cat1": "Men",
            "cat2": "Western Wear",
            "cat3": "Shirts",
            "brand": "uniquest"
        },
        {
            "product-id": "450140046",
            "avg-rating": "",
            "img-url": "https://assets.ajio.com/medias/sys_master/root/20210223/ibdw/6033faf6f997dd5c40f84410/-78Wx98H-450140046-brown-MODEL.jpg",
            "price": 320,
            "was-price": 799,
            "name": "Men Lace-Up Derby Shoes",
            "url": "/schumann-men-lace-up-derby-shoes/p/450140046_brown",
            "offer-price": 319.36,
            "rating-count": 0,
            "cat1": "Men",
            "cat2": "Footwear",
            "cat3": "Formal Shoes",
            "brand": "schumann"
        },
        {
            "product-id": "450137626",
            "avg-rating": "",
            "img-url": "https://assets.ajio.com/medias/sys_master/root/20210223/ac25/60340c407cdb8c1f1449b9e9/-78Wx98H-450137626-brown-MODEL.jpg",
            "price": 1799,
            "was-price": 1799,
            "name": "Lace-Up Casual Shoes",
            "url": "/cristofano-lace-up-casual-shoes/p/450137626_brown",
            "offer-price": 1010.06,
            "rating-count": 0,
            "cat1": "Men",
            "cat2": "Footwear",
            "cat3": "Casual Shoes",
            "brand": "cristofano"
        },
        {
            "product-id": "450138854",
            "avg-rating": "",
            "img-url": "https://assets.ajio.com/medias/sys_master/root/20210222/1PgT/6033e7377cdb8c1f14479dba/-78Wx98H-450138854-turquoise-MODEL.jpg",
            "price": 224,
            "was-price": 299,
            "name": "Floral Print Thong-Strap Flip-Flops",
            "url": "/frisbee-floral-print-thong-strap-flip-flops/p/450138854_turquoise",
            "offer-price": 167.43,
            "rating-count": 0,
            "cat1": "Women",
            "cat2": "Footwear",
            "cat3": "Flip Flop & Slippers",
            "brand": "frisbee"
        },
        {
            "product-id": "450140827",
            "avg-rating": "",
            "img-url": "https://assets.ajio.com/medias/sys_master/root/20210222/pryc/6033da11f997dd5c40f6e870/-78Wx98H-450140827-cream-MODEL.jpg",
            "price": 499,
            "was-price": 499,
            "name": "Slip-On Ballerina Shoes",
            "url": "/hi-attitude-slip-on-ballerina-shoes/p/450140827_cream",
            "offer-price": 199.6,
            "rating-count": 0,
            "cat1": "Women",
            "cat2": "Footwear",
            "cat3": "Flat Shoes",
            "brand": "hi-attitude"
        },
        {
            "product-id": "450140049",
            "avg-rating": "",
            "img-url": "https://assets.ajio.com/medias/sys_master/root/20210223/4OPM/60340d8b7cdb8c1f1449cd53/-78Wx98H-450140049-brown-MODEL.jpg",
            "price": 999,
            "was-price": 999,
            "name": "Perforated Slip-On Formal Shoes",
            "url": "/schumann-perforated-slip-on-formal-shoes/p/450140049_brown",
            "offer-price": 559.86,
            "rating-count": 0,
            "cat1": "Men",
            "cat2": "Footwear",
            "cat3": "Formal Shoes",
            "brand": "schumann"
        },
        {
            "product-id": "460751109",
            "avg-rating": "",
            "img-url": "https://assets.ajio.com/medias/sys_master/root/20210225/9NQf/603752507cdb8c1f144d61cc/-78Wx98H-460751109-black-MODEL.jpg",
            "price": 1499,
            "was-price": 1499,
            "name": "Women Zip-Front Bomber Chiffon Satin Jacket",
            "url": "/outryt-women-zip-front-bomber-chiffon-satin-jacket/p/460751109_black",
            "offer-price": 674.55,
            "rating-count": 0,
            "cat1": "Women",
            "cat2": "Western Wear",
            "cat3": "Jackets & Coats",
            "brand": "outryt"
        },
        {
            "product-id": "450140872",
            "avg-rating": "",
            "img-url": "https://assets.ajio.com/medias/sys_master/root/20210222/lCYg/6033d186aeb26969816b0f8f/-78Wx98H-450140872-lavendr-MODEL.jpg",
            "price": 224,
            "was-price": 299,
            "name": "Printed Thong-Strap Flip-Flops",
            "url": "/frisbee-printed-thong-strap-flip-flops/p/450140872_lavendr",
            "offer-price": 167.43,
            "rating-count": 0,
            "cat1": "Women",
            "cat2": "Footwear",
            "cat3": "Flip Flop & Slippers",
            "brand": "frisbee"
        },
        {
            "product-id": "460758562",
            "avg-rating": "",
            "img-url": "https://assets.ajio.com/medias/sys_master/root/20210216/m3Gw/602ae1707cdb8c1f144140ab/-78Wx98H-460758562-lightblue-MODEL.jpg",
            "price": 1081,
            "was-price": 2299,
            "name": "Washed Mid-Rise Slim Fit Jeans",
            "url": "/altheory-washed-mid-rise-slim-fit-jeans/p/460758562_lightblue",
            "offer-price": 1034.55,
            "rating-count": 0,
            "cat1": "Men",
            "cat2": "Western Wear",
            "cat3": "Jeans",
            "brand": "altheory"
        },
        {
            "product-id": "441117947",
            "avg-rating": "",
            "img-url": "https://assets.ajio.com/medias/sys_master/root/20210225/zG8F/603799d6aeb269698170288a/-78Wx98H-441117947-red-MODEL.jpg",
            "price": 300,
            "was-price": 999,
            "name": "Floral Print A-line Dress with Belt",
            "url": "/fig-floral-print-a-line-dress-with-belt/p/441117947_red",
            "offer-price": 299.62,
            "rating-count": 0,
            "cat1": "Women",
            "cat2": "Western Wear",
            "cat3": "Dresses",
            "brand": "fig"
        },
        {
            "product-id": "450139395",
            "avg-rating": "",
            "img-url": "https://assets.ajio.com/medias/sys_master/root/20230303/739s/64021dbdf997dde6f4dc8caf/-78Wx98H-450139395-plum-MODEL.jpg",
            "price": 4699,
            "was-price": 4699,
            "name": "Textured Satchel with Detachable Strap",
            "url": "/caprese-textured-satchel-with-detachable-strap/p/450139395_plum",
            "offer-price": 1690.59,
            "rating-count": 0,
            "cat1": "Women",
            "cat2": "Bags, Belts & Wallets",
            "cat3": "Handbags",
            "brand": "caprese"
        },
        {
            "product-id": "450140872",
            "avg-rating": "",
            "img-url": "https://assets.ajio.com/medias/sys_master/root/20210222/HM4E/6033dd0df997dd5c40f714f1/-78Wx98H-450140872-pink-MODEL.jpg",
            "price": 224,
            "was-price": 299,
            "name": "Printed Thong-Strap Flip-Flops",
            "url": "/frisbee-printed-thong-strap-flip-flops/p/450140872_pink",
            "offer-price": 167.43,
            "rating-count": 0,
            "cat1": "Women",
            "cat2": "Footwear",
            "cat3": "Flip Flop & Slippers",
            "brand": "frisbee"
        },
        {
            "product-id": "450141168",
            "avg-rating": "",
            "img-url": "https://assets.ajio.com/medias/sys_master/root/20210223/vBEE/6033ff40aeb26969816d214c/-78Wx98H-450141168-brown-MODEL.jpg",
            "price": 520,
            "was-price": 1299,
            "name": "Slingback Flat Sandals",
            "url": "/schumann-slingback-flat-sandals/p/450141168_brown",
            "offer-price": 519,
            "rating-count": 0,
            "cat1": "Men",
            "cat2": "Footwear",
            "cat3": "Sandals",
            "brand": "schumann"
        },
        {
            "product-id": "450140839",
            "avg-rating": "",
            "img-url": "https://assets.ajio.com/medias/sys_master/root/20210222/KOUH/6033d11d7cdb8c1f14466466/-78Wx98H-450140839-black-MODEL.jpg",
            "price": 200,
            "was-price": 499,
            "name": "Low-Top Textured Flat Shoes",
            "url": "/hi-attitude-low-top-textured-flat-shoes/p/450140839_black",
            "offer-price": 199.6,
            "rating-count": 0,
            "cat1": "Women",
            "cat2": "Footwear",
            "cat3": "Flat Shoes",
            "brand": "hi-attitude"
        },
        {
            "product-id": "450138071",
            "avg-rating": "",
            "img-url": "https://assets.ajio.com/medias/sys_master/root/20210223/fiO8/603409cc7cdb8c1f144994b5/-78Wx98H-450138071-tan-MODEL.jpg",
            "price": 974,
            "was-price": 1299,
            "name": "Panelled Lace-Up Casual Shoes",
            "url": "/cristofano-panelled-lace-up-casual-shoes/p/450138071_tan",
            "offer-price": 728.04,
            "rating-count": 0,
            "cat1": "Men",
            "cat2": "Footwear",
            "cat3": "Casual Shoes",
            "brand": "cristofano"
        },
        {
            "product-id": "450137608",
            "avg-rating": "",
            "img-url": "https://assets.ajio.com/medias/sys_master/root/20210223/p5VH/60340a9f7cdb8c1f1449a12b/-78Wx98H-450137608-brown-MODEL.jpg",
            "price": 1349,
            "was-price": 1799,
            "name": "Lace-Up Casual Shoes",
            "url": "/cristofano-lace-up-casual-shoes/p/450137608_brown",
            "offer-price": 1010.06,
            "rating-count": 0,
            "cat1": "Men",
            "cat2": "Footwear",
            "cat3": "Casual Shoes",
            "brand": "cristofano"
        },
        {
            "product-id": "450140438",
            "avg-rating": "",
            "img-url": "https://assets.ajio.com/medias/sys_master/root/20210106/Ut4i/5ff4b9def997dd5c40cafa12/-78Wx98H-450140438-brown-MODEL.jpg",
            "price": 400,
            "was-price": 999,
            "name": "Lace-Up Casual Shoes",
            "url": "/cristofano-lace-up-casual-shoes/p/450140438_brown",
            "offer-price": 399.2,
            "rating-count": 0,
            "cat1": "Men",
            "cat2": "Footwear",
            "cat3": "Casual Shoes",
            "brand": "cristofano"
        },
        {
            "product-id": "460526443",
            "avg-rating": "",
            "img-url": "https://assets.ajio.com/medias/sys_master/root/20210904/JkcQ/613272e27cdb8cb82416638b/-78Wx98H-460526443-grey-MODEL.jpg",
            "price": 1999,
            "was-price": 1999,
            "name": "Chinos with Insert Pockets",
            "url": "/uniquest-chinos-with-insert-pockets/p/460526443_grey",
            "offer-price": 399.5,
            "rating-count": 0,
            "cat1": "Men",
            "cat2": "Western Wear",
            "cat3": "Trousers & Pants",
            "brand": "uniquest"
        },
        {
            "product-id": "450140823",
            "avg-rating": "",
            "img-url": "https://assets.ajio.com/medias/sys_master/root/20210222/eZgk/6033f1337cdb8c1f14482f02/-78Wx98H-450140823-black-MODEL.jpg",
            "price": 240,
            "was-price": 599,
            "name": "Pointed-Toe Ballerinas with Buckle Accent",
            "url": "/hi-attitude-pointed-toe-ballerinas-with-buckle-accent/p/450140823_black",
            "offer-price": 239.52,
            "rating-count": 0,
            "cat1": "Women",
            "cat2": "Footwear",
            "cat3": "Flat Shoes",
            "brand": "hi-attitude"
        },
        {
            "product-id": "450140403",
            "avg-rating": "",
            "img-url": "https://assets.ajio.com/medias/sys_master/root/20210223/Xz3U/6033ffaef997dd5c40f87292/-78Wx98H-450140403-brown-MODEL.jpg",
            "price": 799,
            "was-price": 799,
            "name": "Thong-Strap Flat Sandals",
            "url": "/schumann-thong-strap-flat-sandals/p/450140403_brown",
            "offer-price": 319.36,
            "rating-count": 0,
            "cat1": "Men",
            "cat2": "Footwear",
            "cat3": "Sandals",
            "brand": "schumann"
        },
        {
            "product-id": "450140832",
            "avg-rating": "",
            "img-url": "https://assets.ajio.com/medias/sys_master/root/20210222/AXnJ/6033dab27cdb8c1f1446efe4/-78Wx98H-450140832-tan-MODEL.jpg",
            "price": 374,
            "was-price": 499,
            "name": "Low-Top Flat Shoes with Bow Accent",
            "url": "/hi-attitude-low-top-flat-shoes-with-bow-accent/p/450140832_tan",
            "offer-price": 279.56,
            "rating-count": 0,
            "cat1": "Women",
            "cat2": "Footwear",
            "cat3": "Flat Shoes",
            "brand": "hi-attitude"
        },
        {
            "product-id": "450139610",
            "avg-rating": "",
            "img-url": "https://assets.ajio.com/medias/sys_master/root/20210222/1n8r/6033cfbaf997dd5c40f6416d/-78Wx98H-450139610-grey-MODEL.jpg",
            "price": 699,
            "was-price": 699,
            "name": "Hi- ld casual shoe grey 3",
            "url": "/hi-attitude-hi-ld-casual-shoe-grey-3/p/450139610_grey",
            "offer-price": 391.68,
            "rating-count": 0,
            "cat1": "Women",
            "cat2": "Footwear",
            "cat3": "Flat Shoes",
            "brand": "hi-attitude"
        },
        {
            "product-id": "450137794",
            "avg-rating": "",
            "img-url": "https://assets.ajio.com/medias/sys_master/root/20221102/Y06o/63628a2faeb269659c6ba93d/-78Wx98H-450137794-white-MODEL.jpg",
            "price": 1499,
            "was-price": 1499,
            "name": "Lace-Up Sports Shoes",
            "url": "/performax-lace-up-sports-shoes/p/450137794_white",
            "offer-price": 749.5,
            "rating-count": 0,
            "cat1": "Men",
            "cat2": "Footwear",
            "cat3": "Sports Shoes",
            "brand": "performax"
        },
        {
            "product-id": "450140869",
            "avg-rating": "",
            "img-url": "https://assets.ajio.com/medias/sys_master/root/20210222/dcSo/6033dddfaeb26969816bd7cd/-78Wx98H-450140869-pink-MODEL.jpg",
            "price": 224,
            "was-price": 299,
            "name": "Women Printed Thong-Strap Flip-Flops",
            "url": "/frisbee-women-printed-thong-strap-flip-flops/p/450140869_pink",
            "offer-price": 167.43,
            "rating-count": 0,
            "cat1": "Women",
            "cat2": "Footwear",
            "cat3": "Flip Flop & Slippers",
            "brand": "frisbee"
        },
        {
            "product-id": "420073076",
            "avg-rating": "",
            "img-url": "https://assets.ajio.com/medias/sys_master/root/20210216/Rps8/602ae1707cdb8c1f144140b4/-78Wx98H-420073076-orange-MODEL.jpg",
            "price": 1299,
            "was-price": 1299,
            "name": "Slim Fit Shirt with Patch Pocket",
            "url": "/john-players-slim-fit-shirt-with-patch-pocket/p/420073076_orange",
            "offer-price": 441.66,
            "rating-count": 0,
            "cat1": "Men",
            "cat2": "Western Wear",
            "cat3": "Shirts",
            "brand": "john-players"
        },
        {
            "product-id": "450141209",
            "avg-rating": "",
            "img-url": "https://assets.ajio.com/medias/sys_master/root/20210222/tuPi/6033a52daeb269698168b0a9/-78Wx98H-450141209-pink-MODEL.jpg",
            "price": 499,
            "was-price": 499,
            "name": "Knitted Slip-On Casual Shoes",
            "url": "/frendz-knitted-slip-on-casual-shoes/p/450141209_pink",
            "offer-price": 279.56,
            "rating-count": 0,
            "cat1": "Infants",
            "cat2": "Footwear",
            "cat3": "Shoes",
            "brand": "frendz"
        },
        {
            "product-id": "450141247",
            "avg-rating": "",
            "img-url": "https://assets.ajio.com/medias/sys_master/root/20210222/mB4e/6033deb47cdb8c1f14472723/-78Wx98H-450141247-beige-MODEL.jpg",
            "price": 599,
            "was-price": 599,
            "name": "Toe-Ring Flat Sandals",
            "url": "/hi-attitude-toe-ring-flat-sandals/p/450141247_beige",
            "offer-price": 335.62,
            "rating-count": 0,
            "cat1": "Women",
            "cat2": "Footwear",
            "cat3": "Flat Sandals",
            "brand": "hi-attitude"
        },
        {
            "product-id": "450140865",
            "avg-rating": "",
            "img-url": "https://assets.ajio.com/medias/sys_master/root/20210222/bnaG/6033dab27cdb8c1f1446eff0/-78Wx98H-450140865-beige-MODEL.jpg",
            "price": 374,
            "was-price": 499,
            "name": "Pointed-Toe Ballet Flats",
            "url": "/hi-attitude-pointed-toe-ballet-flats/p/450140865_beige",
            "offer-price": 279.56,
            "rating-count": 0,
            "cat1": "Women",
            "cat2": "Footwear",
            "cat3": "Flat Shoes",
            "brand": "hi-attitude"
        },
        {
            "product-id": "450140067",
            "avg-rating": "",
            "img-url": "https://assets.ajio.com/medias/sys_master/root/20210223/MaJu/603409867cdb8c1f1449906e/-78Wx98H-450140067-brown-MODEL.jpg",
            "price": 1499,
            "was-price": 1499,
            "name": "Perforated d Lace-Up Oxford Shoes",
            "url": "/schumann-perforated-d-lace-up-oxford-shoes/p/450140067_brown",
            "offer-price": 599,
            "rating-count": 0,
            "cat1": "Men",
            "cat2": "Footwear",
            "cat3": "Formal Shoes",
            "brand": "schumann"
        },
        {
            "product-id": "441117947",
            "avg-rating": "",
            "img-url": "https://assets.ajio.com/medias/sys_master/root/20210225/iYEQ/60374c377cdb8c1f144d51b4/-78Wx98H-441117947-jetblack-MODEL.jpg",
            "price": 999,
            "was-price": 999,
            "name": "Floral Print A-line Dress with Belt",
            "url": "/fig-floral-print-a-line-dress-with-belt/p/441117947_jetblack",
            "offer-price": 299.62,
            "rating-count": 0,
            "cat1": "Women",
            "cat2": "Western Wear",
            "cat3": "Dresses",
            "brand": "fig"
        },
        {
            "product-id": "450139642",
            "avg-rating": "",
            "img-url": "https://assets.ajio.com/medias/sys_master/root/20210222/5yu7/6033f0997cdb8c1f14482567/-78Wx98H-450139642-tan-MODEL.jpg",
            "price": 320,
            "was-price": 799,
            "name": "Thong-Strap Braided Platform Sandals",
            "url": "/labella-thong-strap-braided-platform-sandals/p/450139642_tan",
            "offer-price": 319.36,
            "rating-count": 0,
            "cat1": "Women",
            "cat2": "Footwear",
            "cat3": "Heeled Sandals",
            "brand": "labella"
        },
        {
            "product-id": "450140828",
            "avg-rating": "",
            "img-url": "https://assets.ajio.com/medias/sys_master/root/20210222/AYn1/6033d2dbaeb26969816b25ee/-78Wx98H-450140828-beige-MODEL.jpg",
            "price": 374,
            "was-price": 499,
            "name": "Low-Top Textured Ballerinas",
            "url": "/hi-attitude-low-top-textured-ballerinas/p/450140828_beige",
            "offer-price": 279.56,
            "rating-count": 0,
            "cat1": "Women",
            "cat2": "Footwear",
            "cat3": "Flat Shoes",
            "brand": "hi-attitude"
        },
        {
            "product-id": "450140025",
            "avg-rating": "",
            "img-url": "https://assets.ajio.com/medias/sys_master/root/20221117/c5yw/63761090f997ddfdbd802457/-78Wx98H-450140025-black-MODEL.jpg",
            "price": 1049,
            "was-price": 1499,
            "name": "Lace-Up Sports Shoes",
            "url": "/performax-lace-up-sports-shoes/p/450140025_black",
            "offer-price": 785.43,
            "rating-count": 0,
            "cat1": "Men",
            "cat2": "Footwear",
            "cat3": "Sports Shoes",
            "brand": "performax"
        },
        {
            "product-id": "450140025",
            "avg-rating": "",
            "img-url": "https://assets.ajio.com/medias/sys_master/root/20221117/go2r/63760e3eaeb269659c9855c6/-78Wx98H-450140025-navy-MODEL.jpg",
            "price": 1049,
            "was-price": 1499,
            "name": "Lace-Up Sports Shoes",
            "url": "/performax-lace-up-sports-shoes/p/450140025_navy",
            "offer-price": 785.43,
            "rating-count": 0,
            "cat1": "Men",
            "cat2": "Footwear",
            "cat3": "Sports Shoes",
            "brand": "performax"
        },
        {
            "product-id": "450137608",
            "avg-rating": "",
            "img-url": "https://assets.ajio.com/medias/sys_master/root/20210106/1Nbr/5ff4b0f2f997dd5c40cadf06/-78Wx98H-450137608-black-MODEL.jpg",
            "price": 720,
            "was-price": 1799,
            "name": "Lace-Up Casual Shoes",
            "url": "/cristofano-lace-up-casual-shoes/p/450137608_black",
            "offer-price": 719,
            "rating-count": 0,
            "cat1": "Men",
            "cat2": "Footwear",
            "cat3": "Casual Shoes",
            "brand": "cristofano"
        },
        {
            "product-id": "450140820",
            "avg-rating": "",
            "img-url": "https://assets.ajio.com/medias/sys_master/root/20210222/GTN5/6033dc6c7cdb8c1f144707f3/-78Wx98H-450140820-navy-MODEL.jpg",
            "price": 499,
            "was-price": 499,
            "name": "Textured Ballet Flats",
            "url": "/hi-attitude-textured-ballet-flats/p/450140820_navy",
            "offer-price": 199.6,
            "rating-count": 0,
            "cat1": "Women",
            "cat2": "Footwear",
            "cat3": "Flat Shoes",
            "brand": "hi-attitude"
        },
        {
            "product-id": "450139579",
            "avg-rating": "",
            "img-url": "https://assets.ajio.com/medias/sys_master/root/20210222/wOQC/6033d2077cdb8c1f1446734f/-78Wx98H-450139579-lemon-MODEL.jpg",
            "price": 100,
            "was-price": 249,
            "name": "Printed Thong-Strap Flip-Flops",
            "url": "/frisbee-printed-thong-strap-flip-flops/p/450139579_lemon",
            "offer-price": 99.8,
            "rating-count": 0,
            "cat1": "Women",
            "cat2": "Footwear",
            "cat3": "Flip Flop & Slippers",
            "brand": "frisbee"
        },
        {
            "product-id": "460758400",
            "avg-rating": "",
            "img-url": "https://assets.ajio.com/medias/sys_master/root/20210225/Nv0V/6037bfbef997dd5c40fbf53d/-78Wx98H-460758400-navy-MODEL.jpg",
            "price": 611,
            "was-price": 1299,
            "name": "Printed Slim Fit Shirt with Patch Pocket",
            "url": "/altheory-printed-slim-fit-shirt-with-patch-pocket/p/460758400_navy",
            "offer-price": 584.55,
            "rating-count": 0,
            "cat1": "Men",
            "cat2": "Western Wear",
            "cat3": "Shirts",
            "brand": "altheory"
        },
        {
            "product-id": "450140829",
            "avg-rating": "",
            "img-url": "https://assets.ajio.com/medias/sys_master/root/20210222/JerS/6033d498f997dd5c40f69476/-78Wx98H-450140829-black-MODEL.jpg",
            "price": 374,
            "was-price": 499,
            "name": "Glossy Pointed-Toe Ballerinas",
            "url": "/hi-attitude-glossy-pointed-toe-ballerinas/p/450140829_black",
            "offer-price": 279.56,
            "rating-count": 0,
            "cat1": "Women",
            "cat2": "Footwear",
            "cat3": "Flat Shoes",
            "brand": "hi-attitude"
        },
        {
            "product-id": "460528138",
            "avg-rating": "",
            "img-url": "https://assets.ajio.com/medias/sys_master/root/20210225/u8ks/6037c64caeb26969817070d0/-78Wx98H-460528138-darkindigo-MODEL.jpg",
            "price": 1899,
            "was-price": 1899,
            "name": "Men Striped Slim Fit Shirt with Button-Down Collar",
            "url": "/uniquest-men-striped-slim-fit-shirt-with-button-down-collar/p/460528138_darkindigo",
            "offer-price": 1421.86,
            "rating-count": 0,
            "cat1": "Men",
            "cat2": "Western Wear",
            "cat3": "Shirts",
            "brand": "uniquest"
        },
        {
            "product-id": "460752854",
            "avg-rating": "",
            "img-url": "https://assets.ajio.com/medias/sys_master/root/20210225/Esdy/6037becc7cdb8c1f144df481/-78Wx98H-460752854-green-MODEL.jpg",
            "price": 1000,
            "was-price": 1999,
            "name": "Women Chanderi Zari-Embroidered Anarkali Kurta with Contrast Hemline",
            "url": "/svrnaa-women-chanderi-zari-embroidered-anarkali-kurta-with-contrast-hemline/p/460752854_green",
            "offer-price": 748.74,
            "rating-count": 0,
            "cat1": "Women",
            "cat2": "Ethnic Wear",
            "cat3": "Kurtas",
            "brand": "svrnaa"
        },
        {
            "product-id": "441115865",
            "avg-rating": "",
            "img-url": "https://assets.ajio.com/medias/sys_master/root/20210225/o23D/603745aaaeb26969816fd0c3/-78Wx98H-441115865-navy-MODEL.jpg",
            "price": 1499,
            "was-price": 1499,
            "name": "Printed A-line Kurta with Embroidered Yoke",
            "url": "/avaasa-mix-n-match-printed-a-line-kurta-with-embroidered-yoke/p/441115865_navy",
            "offer-price": 449.44,
            "rating-count": 0,
            "cat1": "Women",
            "cat2": "Ethnic Wear",
            "cat3": "Kurtas",
            "brand": "avaasa-mix-n-match"
        },
        {
            "product-id": "460758480",
            "avg-rating": "",
            "img-url": "https://assets.ajio.com/medias/sys_master/root/20210225/mCuB/6037becff997dd5c40fbf25b/-78Wx98H-460758480-black-MODEL.jpg",
            "price": 899,
            "was-price": 899,
            "name": "Typographic Print Slim Fit Crew-Neck T-shirt",
            "url": "/altheory-typographic-print-slim-fit-crew-neck-t-shirt/p/460758480_black",
            "offer-price": 336.36,
            "rating-count": 0,
            "cat1": "Men",
            "cat2": "Western Wear",
            "cat3": "Tshirts",
            "brand": "altheory"
        },
        {
            "product-id": "450140817",
            "avg-rating": "",
            "img-url": "https://assets.ajio.com/medias/sys_master/root/20210222/XezL/6033d7a3f997dd5c40f6c5c4/-78Wx98H-450140817-nude-MODEL.jpg",
            "price": 240,
            "was-price": 599,
            "name": "Pointed-Toe Ballerinas with Bow Accent",
            "url": "/hi-attitude-pointed-toe-ballerinas-with-bow-accent/p/450140817_nude",
            "offer-price": 239.52,
            "rating-count": 0,
            "cat1": "Women",
            "cat2": "Footwear",
            "cat3": "Flat Shoes",
            "brand": "hi-attitude"
        },
        {
            "product-id": "450141358",
            "avg-rating": "",
            "img-url": "https://assets.ajio.com/medias/sys_master/root/20210222/GjNC/6033ec587cdb8c1f1447e61a/-78Wx98H-450141358-bronze-MODEL.jpg",
            "price": 520,
            "was-price": 1299,
            "name": "Embellished Shimmery Strappy Block Heels",
            "url": "/hi-attitude-embellished-shimmery-strappy-block-heels/p/450141358_bronze",
            "offer-price": 519,
            "rating-count": 0,
            "cat1": "Women",
            "cat2": "Footwear",
            "cat3": "Heeled Sandals",
            "brand": "hi-attitude"
        },
        {
            "product-id": "450139640",
            "avg-rating": "",
            "img-url": "https://assets.ajio.com/medias/sys_master/root/20210222/dYYc/6033d13daeb26969816b0a9b/-78Wx98H-450139640-black-MODEL.jpg",
            "price": 849,
            "was-price": 849,
            "name": "Laser-Cut T-strap Platform Sandals",
            "url": "/labella-laser-cut-t-strap-platform-sandals/p/450139640_black",
            "offer-price": 339.32,
            "rating-count": 0,
            "cat1": "Women",
            "cat2": "Footwear",
            "cat3": "Heeled Sandals",
            "brand": "labella"
        },
        {
            "product-id": "450141358",
            "avg-rating": "",
            "img-url": "https://assets.ajio.com/medias/sys_master/root/20210222/rTxf/6033f2db7cdb8c1f144846fb/-78Wx98H-450141358-champgold-MODEL.jpg",
            "price": 1299,
            "was-price": 1299,
            "name": "Embellished Shimmery Strappy Block Heels",
            "url": "/hi-attitude-embellished-shimmery-strappy-block-heels/p/450141358_champgold",
            "offer-price": 728.04,
            "rating-count": 0,
            "cat1": "Women",
            "cat2": "Footwear",
            "cat3": "Heeled Sandals",
            "brand": "hi-attitude"
        },
        {
            "product-id": "450140829",
            "avg-rating": "",
            "img-url": "https://assets.ajio.com/medias/sys_master/root/20210222/xmMA/6033e1427cdb8c1f14474b2f/-78Wx98H-450140829-cream-MODEL.jpg",
            "price": 374,
            "was-price": 499,
            "name": "Glossy Pointed-Toe Ballerinas",
            "url": "/hi-attitude-glossy-pointed-toe-ballerinas/p/450140829_cream",
            "offer-price": 279.56,
            "rating-count": 0,
            "cat1": "Women",
            "cat2": "Footwear",
            "cat3": "Flat Shoes",
            "brand": "hi-attitude"
        },
        {
            "product-id": "450137294",
            "avg-rating": "",
            "img-url": "https://assets.ajio.com/medias/sys_master/root/20210222/3cCv/6033d1497cdb8c1f14466744/-78Wx98H-450137294-black-MODEL.jpg",
            "price": 699,
            "was-price": 699,
            "name": "Knitted Pointed-Toe Ballerinas",
            "url": "/hi-attitude-knitted-pointed-toe-ballerinas/p/450137294_black",
            "offer-price": 391.68,
            "rating-count": 0,
            "cat1": "Women",
            "cat2": "Footwear",
            "cat3": "Flat Shoes",
            "brand": "hi-attitude"
        },
        {
            "product-id": "450138862",
            "avg-rating": "",
            "img-url": "https://assets.ajio.com/medias/sys_master/root/20210222/siop/6033a4b97cdb8c1f14440617/-78Wx98H-450138862-grey-MODEL.jpg",
            "price": 149,
            "was-price": 199,
            "name": "Graphic Print Slingback Thong-Strap Flip-Flops",
            "url": "/frisbee-graphic-print-slingback-thong-strap-flip-flops/p/450138862_grey",
            "offer-price": 111.37,
            "rating-count": 0,
            "cat1": "Infants",
            "cat2": "Footwear",
            "cat3": "Sandals",
            "brand": "frisbee"
        },
        {
            "product-id": "450138084",
            "avg-rating": "",
            "img-url": "https://assets.ajio.com/medias/sys_master/root/20210222/ksLb/6033cff5f997dd5c40f645af/-78Wx98H-450138084-peach-MODEL.jpg",
            "price": 699,
            "was-price": 699,
            "name": "Knitted Slip-On Flat Shoes",
            "url": "/hi-attitude-knitted-slip-on-flat-shoes/p/450138084_peach",
            "offer-price": 391.68,
            "rating-count": 0,
            "cat1": "Women",
            "cat2": "Footwear",
            "cat3": "Flat Shoes",
            "brand": "hi-attitude"
        },
        {
            "product-id": "450137794",
            "avg-rating": "",
            "img-url": "https://assets.ajio.com/medias/sys_master/root/20221117/lg7e/63760d51f997ddfdbd800de6/-78Wx98H-450137794-navy-MODEL.jpg",
            "price": 1049,
            "was-price": 1499,
            "name": "Lace-Up Sports Shoes",
            "url": "/performax-lace-up-sports-shoes/p/450137794_navy",
            "offer-price": 749.5,
            "rating-count": 0,
            "cat1": "Men",
            "cat2": "Footwear",
            "cat3": "Sports Shoes",
            "brand": "performax"
        },
        {
            "product-id": "450140109",
            "avg-rating": "",
            "img-url": "https://assets.ajio.com/medias/sys_master/root/20210223/LM1p/6033fd90f997dd5c40f85776/-78Wx98H-450140109-black-MODEL.jpg",
            "price": 320,
            "was-price": 799,
            "name": "Strappy Slip-On Sandals",
            "url": "/schumann-strappy-slip-on-sandals/p/450140109_black",
            "offer-price": 319.36,
            "rating-count": 0,
            "cat1": "Men",
            "cat2": "Footwear",
            "cat3": "Sandals",
            "brand": "schumann"
        },
        {
            "product-id": "450139580",
            "avg-rating": "",
            "img-url": "https://assets.ajio.com/medias/sys_master/root/20210222/xhhM/6033d7a3f997dd5c40f6c5bc/-78Wx98H-450139580-lemon-MODEL.jpg",
            "price": 100,
            "was-price": 249,
            "name": "Women Printed Thong-Strap Flip-Flops",
            "url": "/frisbee-women-printed-thong-strap-flip-flops/p/450139580_lemon",
            "offer-price": 99.8,
            "rating-count": 0,
            "cat1": "Women",
            "cat2": "Footwear",
            "cat3": "Flip Flop & Slippers",
            "brand": "frisbee"
        },
        {
            "product-id": "450140049",
            "avg-rating": "",
            "img-url": "https://assets.ajio.com/medias/sys_master/root/20210223/loZ8/6033fa7ef997dd5c40f842fc/-78Wx98H-450140049-black-MODEL.jpg",
            "price": 999,
            "was-price": 999,
            "name": "Men Perforated Slip-On Formal Shoes",
            "url": "/schumann-men-perforated-slip-on-formal-shoes/p/450140049_black",
            "offer-price": 559.86,
            "rating-count": 0,
            "cat1": "Men",
            "cat2": "Footwear",
            "cat3": "Formal Shoes",
            "brand": "schumann"
        },
        {
            "product-id": "450140824",
            "avg-rating": "",
            "img-url": "https://assets.ajio.com/medias/sys_master/root/20210222/FOQq/6033f0997cdb8c1f1448255c/-78Wx98H-450140824-black-MODEL.jpg",
            "price": 200,
            "was-price": 499,
            "name": "Round-Toe Ballet Flats",
            "url": "/hi-attitude-round-toe-ballet-flats/p/450140824_black",
            "offer-price": 199.6,
            "rating-count": 0,
            "cat1": "Women",
            "cat2": "Footwear",
            "cat3": "Flat Shoes",
            "brand": "hi-attitude"
        },
        {
            "product-id": "460526464",
            "avg-rating": "",
            "img-url": "https://assets.ajio.com/medias/sys_master/root/20210904/4Cwy/6132816e7cdb8cb824168e3c/-78Wx98H-460526464-lightgrey-MODEL.jpg",
            "price": 1999,
            "was-price": 1999,
            "name": "Slim Tapered Fit Flat-Front Trousers with Insert Pockets",
            "url": "/uniquest-slim-tapered-fit-flat-front-trousers-with-insert-pockets/p/460526464_lightgrey",
            "offer-price": 1498,
            "rating-count": 0,
            "cat1": "Men",
            "cat2": "Western Wear",
            "cat3": "Trousers & Pants",
            "brand": "uniquest"
        },
        {
            "product-id": "450140817",
            "avg-rating": "",
            "img-url": "https://assets.ajio.com/medias/sys_master/root/20210222/Da3T/6033cf7ef997dd5c40f63d50/-78Wx98H-450140817-grey-MODEL.jpg",
            "price": 599,
            "was-price": 599,
            "name": "Pointed-Toe Ballerinas with Bow Accent",
            "url": "/hi-attitude-pointed-toe-ballerinas-with-bow-accent/p/450140817_grey",
            "offer-price": 239.52,
            "rating-count": 0,
            "cat1": "Women",
            "cat2": "Footwear",
            "cat3": "Flat Shoes",
            "brand": "hi-attitude"
        },
        {
            "product-id": "450139628",
            "avg-rating": "",
            "img-url": "https://assets.ajio.com/medias/sys_master/root/20210222/rG8B/6033ddf87cdb8c1f14471d2b/-78Wx98H-450139628-black-MODEL.jpg",
            "price": 599,
            "was-price": 599,
            "name": "Embellished T-strap Heeled Sandals",
            "url": "/inblu-embellished-t-strap-heeled-sandals/p/450139628_black",
            "offer-price": 239.52,
            "rating-count": 0,
            "cat1": "Women",
            "cat2": "Footwear",
            "cat3": "Heeled Sandals",
            "brand": "inblu"
        },
        {
            "product-id": "450140407",
            "avg-rating": "",
            "img-url": "https://assets.ajio.com/medias/sys_master/root/20210223/dIGL/6033fc6bf997dd5c40f8487a/-78Wx98H-450140407-black-MODEL.jpg",
            "price": 1299,
            "was-price": 1299,
            "name": "Slingback Flat Sandals",
            "url": "/schumann-slingback-flat-sandals/p/450140407_black",
            "offer-price": 728.04,
            "rating-count": 0,
            "cat1": "Men",
            "cat2": "Footwear",
            "cat3": "Sandals",
            "brand": "schumann"
        },
        {
            "product-id": "450138107",
            "avg-rating": "",
            "img-url": "https://assets.ajio.com/medias/sys_master/root/20210222/EUBd/6033e12bf997dd5c40f75139/-78Wx98H-450138107-navy-MODEL.jpg",
            "price": 200,
            "was-price": 499,
            "name": "Graphic Printed Slip-On Shoes",
            "url": "/hi-attitude-graphic-printed-slip-on-shoes/p/450138107_navy",
            "offer-price": 199.6,
            "rating-count": 0,
            "cat1": "Women",
            "cat2": "Footwear",
            "cat3": "Casual Shoes",
            "brand": "hi-attitude"
        },
        {
            "product-id": "450141235",
            "avg-rating": "",
            "img-url": "https://assets.ajio.com/medias/sys_master/root/20210222/cbRe/6033dd7aaeb26969816bd1d6/-78Wx98H-450141235-champgold-MODEL.jpg",
            "price": 799,
            "was-price": 799,
            "name": "Metallic Dual-Strap Sandals with Ankle Strap",
            "url": "/hi-attitude-metallic-dual-strap-sandals-with-ankle-strap/p/450141235_champgold",
            "offer-price": 447.74,
            "rating-count": 0,
            "cat1": "Women",
            "cat2": "Footwear",
            "cat3": "Heeled Sandals",
            "brand": "hi-attitude"
        },
        {
            "product-id": "450137625",
            "avg-rating": "",
            "img-url": "https://assets.ajio.com/medias/sys_master/root/20210223/rG4C/60340020f997dd5c40f8738a/-78Wx98H-450137625-tan-MODEL.jpg",
            "price": 1799,
            "was-price": 1799,
            "name": "Colourblock Mid-Top Lace-Up Shoes",
            "url": "/cristofano-colourblock-mid-top-lace-up-shoes/p/450137625_tan",
            "offer-price": 719,
            "rating-count": 0,
            "cat1": "Men",
            "cat2": "Footwear",
            "cat3": "Casual Shoes",
            "brand": "cristofano"
        },
        {
            "product-id": "450138855",
            "avg-rating": "",
            "img-url": "https://assets.ajio.com/medias/sys_master/root/20210222/12vZ/6033dfccaeb26969816bf2d9/-78Wx98H-450138855-black-MODEL.jpg",
            "price": 224,
            "was-price": 299,
            "name": "Floral Print Thong-Strap Flip-Flops",
            "url": "/frisbee-floral-print-thong-strap-flip-flops/p/450138855_black",
            "offer-price": 167.43,
            "rating-count": 0,
            "cat1": "Women",
            "cat2": "Footwear",
            "cat3": "Flip Flop & Slippers",
            "brand": "frisbee"
        },
        {
            "product-id": "450138855",
            "avg-rating": "",
            "img-url": "https://assets.ajio.com/medias/sys_master/root/20210222/cNPV/6033f3827cdb8c1f1448503a/-78Wx98H-450138855-turquoise-MODEL.jpg",
            "price": 224,
            "was-price": 299,
            "name": "Floral Print Thong-Strap Flip-Flops",
            "url": "/frisbee-floral-print-thong-strap-flip-flops/p/450138855_turquoise",
            "offer-price": 167.43,
            "rating-count": 0,
            "cat1": "Women",
            "cat2": "Footwear",
            "cat3": "Flip Flop & Slippers",
            "brand": "frisbee"
        },
        {
            "product-id": "450138069",
            "avg-rating": "",
            "img-url": "https://assets.ajio.com/medias/sys_master/root/20210223/fbDA/60340bd67cdb8c1f1449b2fe/-78Wx98H-450138069-grey-MODEL.jpg",
            "price": 400,
            "was-price": 999,
            "name": "Lace-Up Casual Shoes",
            "url": "/cristofano-lace-up-casual-shoes/p/450138069_grey",
            "offer-price": 399.2,
            "rating-count": 0,
            "cat1": "Men",
            "cat2": "Footwear",
            "cat3": "Casual Shoes",
            "brand": "cristofano"
        },
        {
            "product-id": "450140076",
            "avg-rating": "",
            "img-url": "https://assets.ajio.com/medias/sys_master/root/20210223/5Aie/6033f912aeb26969816cf841/-78Wx98H-450140076-tan-MODEL.jpg",
            "price": 400,
            "was-price": 999,
            "name": "Textured Slip-On Formal Shoes",
            "url": "/schumann-textured-slip-on-formal-shoes/p/450140076_tan",
            "offer-price": 399.2,
            "rating-count": 0,
            "cat1": "Men",
            "cat2": "Footwear",
            "cat3": "Formal Shoes",
            "brand": "schumann"
        }
    ]
}