{
    "luxe.ajio": [
        {
            "product-id": "464540470",
            "avg-rating": "",
            "img-url": "https://assets.ajio.com/medias/sys_master/root/20230228/cxwa/63fdf0b4f997dde6f4d03bd1/-78Wx98H-464540470-multi-MODEL.jpg",
            "price": 14800,
            "was-price": 14800,
            "name": "Transcontinental-Rectangular Plate By Air",
            "url": "/vista-alegre-transcontinental-rectangular-plate-by-air/p/464540470_multi",
            "offer-price": 13800,
            "rating-count": 0,
            "cat1": "Home & Kitchen",
            "cat2": "Kitchen & Dining",
            "cat3": "Serveware & Drinkware",
            "brand": "vista-alegre"
        },
        {
            "product-id": "464542015",
            "avg-rating": "",
            "img-url": "https://assets.ajio.com/medias/sys_master/root/20220624/L7Hy/62b5d697f997dd03e29e1f1b/-78Wx98H-464542015-white-MODEL.jpg",
            "price": 2099,
            "was-price": 2099,
            "name": "Marble Platter with Mother of Pearl Inlay",
            "url": "/the-house-of-trendz-marble-platter-with-mother-of-pearl-inlay/p/464542015_white",
            "offer-price": 1572.93,
            "rating-count": 0,
            "cat1": "Home & Kitchen",
            "cat2": "Kitchen & Dining",
            "cat3": "Serveware & Drinkware",
            "brand": "the-house-of-trendz"
        },
        {
            "product-id": "464554113",
            "avg-rating": "",
            "img-url": "https://assets.ajio.com/medias/sys_master/root/20220921/t1IK/632b3fd5f997dd1f8d122088/-78Wx98H-464554113-black-MODEL.jpg",
            "price": 27950,
            "was-price": 27950,
            "name": "B R68Q G-G12S Swiss Made Crystal Chronograph Watch",
            "url": "/aries-gold-b-r68q-g-g12s-swiss-made-crystal-chronograph-watch/p/464554113_black",
            "offer-price": 26950,
            "rating-count": 0,
            "cat1": "Men",
            "cat2": "Timewear",
            "cat3": "Watches",
            "brand": "aries-gold"
        },
        {
            "product-id": "410323681",
            "avg-rating": "",
            "img-url": "https://assets.ajio.com/medias/sys_master/root/20220908/0QYo/6318e967aeb269dbb3786ea9/-78Wx98H-410323681-001-MODEL.jpg",
            "price": 32000,
            "was-price": 32000,
            "name": "Mcgraw Wedge Bag with Adjustable Strap",
            "url": "/tory-burch-mcgraw-wedge-bag-with-adjustable-strap/p/410323681_001",
            "offer-price": 21400,
            "rating-count": 0,
            "cat1": "Women",
            "cat2": "Bags, Belts & Wallets",
            "cat3": "Handbags",
            "brand": "tory-burch"
        },
        {
            "product-id": "462708904",
            "avg-rating": "",
            "img-url": "https://assets.ajio.com/medias/sys_master/root/20211022/Zd7w/6171be03f997ddf8f1e0a2b7/-78Wx98H-462708904-multi-MODEL.jpg",
            "price": 6960,
            "was-price": 6960,
            "name": "Sterling Silver Dangler Earrings",
            "url": "/sangeeta-boochra-sterling-silver-dangler-earrings/p/462708904_multi",
            "offer-price": 5264,
            "rating-count": 0,
            "cat1": "Women",
            "cat2": "Fashion Jewellery",
            "cat3": "Earrings",
            "brand": "sangeeta-boochra"
        },
        {
            "product-id": "410292414",
            "avg-rating": "",
            "img-url": "https://assets.ajio.com/medias/sys_master/root/20210622/7wq0/60d1fda6aeb269a9e3070731/-78Wx98H-410292414-wht-MODEL.jpg",
            "price": 2495,
            "was-price": 2495,
            "name": "Vintage Triangle Bikini Top",
            "url": "/hunkemoller-vintage-triangle-bikini-top/p/410292414_wht",
            "offer-price": 1027.28,
            "rating-count": 0,
            "cat1": "Women",
            "cat2": "Western Wear",
            "cat3": "Swimwear",
            "brand": "hunkemoller"
        },
        {
            "product-id": "462708966",
            "avg-rating": "",
            "img-url": "https://assets.ajio.com/medias/sys_master/root/20210730/ynBO/610329c1aeb269a9e35a5e3d/-78Wx98H-462708966-multi-MODEL.jpg",
            "price": 6960,
            "was-price": 6960,
            "name": "Sterling Silver Dangler Earrings",
            "url": "/sangeeta-boochra-sterling-silver-dangler-earrings/p/462708966_multi",
            "offer-price": 5264,
            "rating-count": 0,
            "cat1": "Women",
            "cat2": "Fashion Jewellery",
            "cat3": "Earrings",
            "brand": "sangeeta-boochra"
        },
        {
            "product-id": "410292429",
            "avg-rating": "",
            "img-url": "https://assets.ajio.com/medias/sys_master/root/20210622/7Fcf/60d1fbd2aeb269a9e307002f/-78Wx98H-410292429-wht-MODEL.jpg",
            "price": 2995,
            "was-price": 2995,
            "name": "Leyla Lightly Padded Balconette Bra",
            "url": "/hunkemoller-leyla-lightly-padded-balconette-bra/p/410292429_wht",
            "offer-price": 1345.49,
            "rating-count": 0,
            "cat1": "Women",
            "cat2": "Lingerie & Innerwear",
            "cat3": "Bras",
            "brand": "hunkemoller"
        },
        {
            "product-id": "462708686",
            "avg-rating": "",
            "img-url": "https://assets.ajio.com/medias/sys_master/root/20210730/wv4p/610329b4aeb269a9e35a5d91/-78Wx98H-462708686-green-MODEL.jpg",
            "price": 7920,
            "was-price": 7920,
            "name": "Sterling Silver Drop Earrings",
            "url": "/sangeeta-boochra-sterling-silver-drop-earrings/p/462708686_green",
            "offer-price": 6128,
            "rating-count": 0,
            "cat1": "Women",
            "cat2": "Fashion Jewellery",
            "cat3": "Earrings",
            "brand": "sangeeta-boochra"
        },
        {
            "product-id": "460919132",
            "avg-rating": "",
            "img-url": "https://assets.ajio.com/medias/sys_master/root/20220811/dCyf/62f4bff6f997dd03e23c58c9/-78Wx98H-460919132-white-MODEL.jpg",
            "price": 8999,
            "was-price": 8999,
            "name": "247 Textured Panelled Lace-Up Running Shoes with Applique",
            "url": "/new-balance-247-textured-panelled-lace-up-running-shoes-with-applique/p/460919132_white",
            "offer-price": 7999,
            "rating-count": 0,
            "cat1": "Men",
            "cat2": "Footwear",
            "cat3": "Sports Shoes",
            "brand": "new-balance"
        },
        {
            "product-id": "462711982",
            "avg-rating": "",
            "img-url": "https://assets.ajio.com/medias/sys_master/root/20211014/qhkJ/61674d18f997ddf8f1d0e11c/-78Wx98H-462711982-silver-MODEL.jpg",
            "price": 12600,
            "was-price": 12600,
            "name": "Sterling Sliver-Plated Drop Earrings",
            "url": "/sangeeta-boochra-sterling-sliver-plated-drop-earrings/p/462711982_silver",
            "offer-price": 10340,
            "rating-count": 0,
            "cat1": "Women",
            "cat2": "Fashion Jewellery",
            "cat3": "Earrings",
            "brand": "sangeeta-boochra"
        },
        {
            "product-id": "410292383",
            "avg-rating": "",
            "img-url": "https://assets.ajio.com/medias/sys_master/root/20210622/SnSR/60d1fb58aeb269a9e306fe8e/-78Wx98H-410292383-wht-MODEL.jpg",
            "price": 877,
            "was-price": 1595,
            "name": "Etta Crochet Bikini",
            "url": "/hunkemoller-etta-crochet-bikini/p/410292383_wht",
            "offer-price": 655.54,
            "rating-count": 0,
            "cat1": "Women",
            "cat2": "Western Wear",
            "cat3": "Swimwear",
            "brand": "hunkemoller"
        },
        {
            "product-id": "464543937",
            "avg-rating": "",
            "img-url": "https://assets.ajio.com/medias/sys_master/root/20230228/wWF0/63fdf0c7f997dde6f4d03fe7/-78Wx98H-464543937-clear-MODEL.jpg",
            "price": 76600,
            "was-price": 76600,
            "name": "Mrs-Spirit Decanter with Gold Bookman",
            "url": "/vista-alegre-mrs-spirit-decanter-with-gold-bookman/p/464543937_clear",
            "offer-price": 75600,
            "rating-count": 0,
            "cat1": "Home & Kitchen",
            "cat2": "Kitchen & Dining",
            "cat3": "Serveware & Drinkware",
            "brand": "vista-alegre"
        },
        {
            "product-id": "464540642",
            "avg-rating": "",
            "img-url": "https://assets.ajio.com/medias/sys_master/root/20230228/nL4k/63fdf0bdaeb26924e397d589/-78Wx98H-464540642-white-MODEL.jpg",
            "price": 20400,
            "was-price": 20400,
            "name": "Transatlantica-Xl Plate",
            "url": "/vista-alegre-transatlantica-xl-plate/p/464540642_white",
            "offer-price": 19400,
            "rating-count": 0,
            "cat1": "Home & Kitchen",
            "cat2": "Kitchen & Dining",
            "cat3": "Serveware & Drinkware",
            "brand": "vista-alegre"
        },
        {
            "product-id": "410311507",
            "avg-rating": "",
            "img-url": "https://assets.ajio.com/medias/sys_master/root/20220624/oaas/62b5dd36f997dd03e29e5713/-78Wx98H-410311507-059-MODEL.jpg",
            "price": 11000,
            "was-price": 11000,
            "name": "Cotton Polo T-shirt with Contrast Tipping",
            "url": "/boss-cotton-polo-t-shirt-with-contrast-tipping/p/410311507_059",
            "offer-price": 6150,
            "rating-count": 0,
            "cat1": "Men",
            "cat2": "Western Wear",
            "cat3": "Tshirts",
            "brand": "boss"
        },
        {
            "product-id": "464552496",
            "avg-rating": "",
            "img-url": "https://assets.ajio.com/medias/sys_master/root/20221215/9CZN/639ad826f997ddfdbdd654b8/-78Wx98H-464552496-multi-MODEL.jpg",
            "price": 27000,
            "was-price": 27000,
            "name": "Full-rim Frame Round Sunglasses",
            "url": "/montblanc-full-rim-frame-round-sunglasses/p/464552496_multi",
            "offer-price": 12500,
            "rating-count": 0,
            "cat1": "Men",
            "cat2": "Eyewear",
            "cat3": "Sunglasses",
            "brand": "montblanc"
        },
        {
            "product-id": "464546647",
            "avg-rating": "",
            "img-url": "https://assets.ajio.com/medias/sys_master/root/20230228/HuG6/63fdf0eaaeb26924e397debf/-78Wx98H-464546647-black-MODEL.jpg",
            "price": 11000,
            "was-price": 11000,
            "name": "Herbariae-Set 2 Coffee Cups And Saucer Black",
            "url": "/vista-alegre-herbariae-set-2-coffee-cups-and-saucer-black/p/464546647_black",
            "offer-price": 10000,
            "rating-count": 0,
            "cat1": "Home & Kitchen",
            "cat2": "Kitchen & Dining",
            "cat3": "Serveware & Drinkware",
            "brand": "vista-alegre"
        },
        {
            "product-id": "464543958",
            "avg-rating": "",
            "img-url": "https://assets.ajio.com/medias/sys_master/root/20230228/TlXh/63fdf0ceaeb26924e397d90c/-78Wx98H-464543958-clear-MODEL.jpg",
            "price": 82300,
            "was-price": 82300,
            "name": "S. Carlos-Case with Ships Decanter & 2 Cordials",
            "url": "/vista-alegre-s-carlos-case-with-ships-decanter-2-cordials/p/464543958_clear",
            "offer-price": 81300,
            "rating-count": 0,
            "cat1": "Home & Kitchen",
            "cat2": "Kitchen & Dining",
            "cat3": "Serveware & Drinkware",
            "brand": "vista-alegre"
        },
        {
            "product-id": "464540441",
            "avg-rating": "",
            "img-url": "https://assets.ajio.com/medias/sys_master/root/20230228/lfWM/63fdf0bdaeb26924e397d573/-78Wx98H-464540441-white-MODEL.jpg",
            "price": 22000,
            "was-price": 22000,
            "name": "Carrara-Set of 4 Coffee Cup & Saucer",
            "url": "/vista-alegre-carrara-set-of-4-coffee-cup-saucer/p/464540441_white",
            "offer-price": 21000,
            "rating-count": 0,
            "cat1": "Home & Kitchen",
            "cat2": "Kitchen & Dining",
            "cat3": "Serveware & Drinkware",
            "brand": "vista-alegre"
        },
        {
            "product-id": "464546382",
            "avg-rating": "",
            "img-url": "https://assets.ajio.com/medias/sys_master/root/20230228/A0jR/63fdf0e2f997dde6f4d04482/-78Wx98H-464546382-white-MODEL.jpg",
            "price": 10300,
            "was-price": 10300,
            "name": "Carrara-Charger Plate",
            "url": "/vista-alegre-carrara-charger-plate/p/464546382_white",
            "offer-price": 9300,
            "rating-count": 0,
            "cat1": "Home & Kitchen",
            "cat2": "Kitchen & Dining",
            "cat3": "Serveware & Drinkware",
            "brand": "vista-alegre"
        },
        {
            "product-id": "464545595",
            "avg-rating": "",
            "img-url": "https://assets.ajio.com/medias/sys_master/root/20220625/FvJP/62b623c7aeb26921af47a1be/-78Wx98H-464545595-grey-MODEL.jpg",
            "price": 15900,
            "was-price": 15900,
            "name": "Honeycomb Quilted Bedspread with 2 Shams ",
            "url": "/sarita-handa-honeycomb-quilted-bedspread-with-2-shams/p/464545595_grey",
            "offer-price": 14900,
            "rating-count": 0,
            "cat1": "Home & Kitchen",
            "cat2": "Furnishings",
            "cat3": "Bedsheets",
            "brand": "sarita-handa"
        },
        {
            "product-id": "464546104",
            "avg-rating": "",
            "img-url": "https://assets.ajio.com/medias/sys_master/root/20230228/GCQY/63fdf0e0aeb26924e397dca1/-78Wx98H-464546104-white-MODEL.jpg",
            "price": 9400,
            "was-price": 9400,
            "name": "Terrace-Sugar Bowl",
            "url": "/vista-alegre-terrace-sugar-bowl/p/464546104_white",
            "offer-price": 8400,
            "rating-count": 0,
            "cat1": "Home & Kitchen",
            "cat2": "Kitchen & Dining",
            "cat3": "Serveware & Drinkware",
            "brand": "vista-alegre"
        },
        {
            "product-id": "464544054",
            "avg-rating": "",
            "img-url": "https://assets.ajio.com/medias/sys_master/root/20240308/9J8p/65eafb0905ac7d77bba1065d/-78Wx98H-464544054-black-MODEL.jpg",
            "price": 33500,
            "was-price": 33500,
            "name": "FT5680-B 51 001 Oval Frames",
            "url": "/tom-ford-ft5680-b-51-001-oval-frames/p/464544054_black",
            "offer-price": 31825,
            "rating-count": 0,
            "cat1": "Men",
            "cat2": "Eyewear",
            "cat3": "Frames",
            "brand": "tom-ford"
        },
        {
            "product-id": "464540247",
            "avg-rating": "",
            "img-url": "https://assets.ajio.com/medias/sys_master/root/20230228/5fxC/63fdf0b2aeb26924e397d400/-78Wx98H-464540247-white-MODEL.jpg",
            "price": 12900,
            "was-price": 12900,
            "name": "Cozinha Velha-Flat Round Platter",
            "url": "/vista-alegre-cozinha-velha-flat-round-platter/p/464540247_white",
            "offer-price": 11900,
            "rating-count": 0,
            "cat1": "Home & Kitchen",
            "cat2": "Kitchen & Dining",
            "cat3": "Serveware & Drinkware",
            "brand": "vista-alegre"
        },
        {
            "product-id": "464543159",
            "avg-rating": "",
            "img-url": "https://assets.ajio.com/medias/sys_master/root/20230525/YFrD/646eaccf42f9e729d7b4369d/-78Wx98H-464543159-black-MODEL.jpg",
            "price": 15000,
            "was-price": 15000,
            "name": "Pointed-Toe Formal Lace-Up Shoes",
            "url": "/whitemuds-pointed-toe-formal-lace-up-shoes/p/464543159_black",
            "offer-price": 14000,
            "rating-count": 0,
            "cat1": "Men",
            "cat2": "Footwear",
            "cat3": "Formal Shoes",
            "brand": "whitemuds"
        },
        {
            "product-id": "410290319",
            "avg-rating": "",
            "img-url": "https://assets.ajio.com/medias/sys_master/root/20210629/H5kf/60da2f39f997ddb31210fac9/-78Wx98H-410290319-mlti-MODEL.jpg",
            "price": 1647,
            "was-price": 2995,
            "name": "Paramaribo Padded Demi Wired Swim Top",
            "url": "/hunkemoller-paramaribo-padded-demi-wired-swim-top/p/410290319_mlti",
            "offer-price": 1233.18,
            "rating-count": 0,
            "cat1": "Women",
            "cat2": "Western Wear",
            "cat3": "Swimwear",
            "brand": "hunkemoller"
        },
        {
            "product-id": "410275213",
            "avg-rating": "",
            "img-url": "https://assets.ajio.com/medias/sys_master/root/20210210/6G6t/6022dcf8aeb2696981619061/-78Wx98H-410275213-tan-MODEL.jpg",
            "price": 4995,
            "was-price": 4995,
            "name": "Scuba Cupped Body Shaper",
            "url": "/hunkemoller-scuba-cupped-body-shaper/p/410275213_tan",
            "offer-price": 2245.87,
            "rating-count": 0,
            "cat1": "Women",
            "cat2": "Lingerie & Innerwear",
            "cat3": "Shapewear",
            "brand": "hunkemoller"
        },
        {
            "product-id": "410290234",
            "avg-rating": "",
            "img-url": "https://assets.ajio.com/medias/sys_master/root/20210629/Lsr5/60da2bfaf997ddb31210c52a/-78Wx98H-410290234-mrose-MODEL.jpg",
            "price": 877,
            "was-price": 1595,
            "name": "Ruffle Dreams Rio Bikini Bottom",
            "url": "/hunkemoller-ruffle-dreams-rio-bikini-bottom/p/410290234_mrose",
            "offer-price": 655.54,
            "rating-count": 0,
            "cat1": "Women",
            "cat2": "Western Wear",
            "cat3": "Swimwear",
            "brand": "hunkemoller"
        },
        {
            "product-id": "410290235",
            "avg-rating": "",
            "img-url": "https://assets.ajio.com/medias/sys_master/root/20210630/FmZ5/60db703baeb269a9e330b7b7/-78Wx98H-410290235-mrose-MODEL.jpg",
            "price": 1595,
            "was-price": 1595,
            "name": "Ruffle Dreams Rio Bikini Tanga",
            "url": "/hunkemoller-ruffle-dreams-rio-bikini-tanga/p/410290235_mrose",
            "offer-price": 655.54,
            "rating-count": 0,
            "cat1": "Women",
            "cat2": "Western Wear",
            "cat3": "Swimwear",
            "brand": "hunkemoller"
        },
        {
            "product-id": "460919172",
            "avg-rating": "",
            "img-url": "https://assets.ajio.com/medias/sys_master/root/20220906/zSvX/6316b926aeb269dbb371d4e8/-78Wx98H-460919172-whiteblue-MODEL.jpg",
            "price": 8999,
            "was-price": 8999,
            "name": "RC 205 Textured Lace-Up Running Shoes with Brand Applique",
            "url": "/new-balance-rc-205-textured-lace-up-running-shoes-with-brand-applique/p/460919172_whiteblue",
            "offer-price": 5749,
            "rating-count": 0,
            "cat1": "Men",
            "cat2": "Footwear",
            "cat3": "Sports Shoes",
            "brand": "new-balance"
        },
        {
            "product-id": "464543900",
            "avg-rating": "",
            "img-url": "https://assets.ajio.com/medias/sys_master/root/20230228/gBHD/63fdf0c7f997dde6f4d03fc4/-78Wx98H-464543900-white-MODEL.jpg",
            "price": 6800,
            "was-price": 6800,
            "name": "Orquestra-Charger Plate",
            "url": "/vista-alegre-orquestra-charger-plate/p/464543900_white",
            "offer-price": 5800,
            "rating-count": 0,
            "cat1": "Home & Kitchen",
            "cat2": "Kitchen & Dining",
            "cat3": "Serveware & Drinkware",
            "brand": "vista-alegre"
        },
        {
            "product-id": "464547894",
            "avg-rating": "",
            "img-url": "https://assets.ajio.com/medias/sys_master/root/20220627/svJP/62b9c28af997dd03e29fa755/-78Wx98H-464547894-blue-MODEL.jpg",
            "price": 9300,
            "was-price": 9300,
            "name": "Washed Shorts with Insert Pockets",
            "url": "/pinko-washed-shorts-with-insert-pockets/p/464547894_blue",
            "offer-price": 8300,
            "rating-count": 0,
            "cat1": "Girls",
            "cat2": "Western Wear",
            "cat3": "Shorts & 3/4ths",
            "brand": "pinko"
        },
        {
            "product-id": "464548949",
            "avg-rating": "",
            "img-url": "https://assets.ajio.com/medias/sys_master/root/20221212/Ht1N/6396ba98aeb269659ce266e5/-78Wx98H-464548949-black-MODEL.jpg",
            "price": 25200,
            "was-price": 25200,
            "name": "Solid A-line Dress",
            "url": "/balmain-kids-solid-a-line-dress/p/464548949_black",
            "offer-price": 22680,
            "rating-count": 0,
            "cat1": "Girls",
            "cat2": "Western Wear",
            "cat3": "Dresses & Frocks",
            "brand": "balmain-kids"
        },
        {
            "product-id": "464546135",
            "avg-rating": "",
            "img-url": "https://assets.ajio.com/medias/sys_master/root/20230228/PQ0N/63fdf0e8f997dde6f4d04643/-78Wx98H-464546135-white-MODEL.jpg",
            "price": 9600,
            "was-price": 9600,
            "name": "Transatlantica-Medium Oval Platter",
            "url": "/vista-alegre-transatlantica-medium-oval-platter/p/464546135_white",
            "offer-price": 8600,
            "rating-count": 0,
            "cat1": "Home & Kitchen",
            "cat2": "Kitchen & Dining",
            "cat3": "Serveware & Drinkware",
            "brand": "vista-alegre"
        },
        {
            "product-id": "464544258",
            "avg-rating": "",
            "img-url": "https://assets.ajio.com/medias/sys_master/root/20230228/xXGY/63fdf0c7f997dde6f4d03fef/-78Wx98H-464544258-white-MODEL.jpg",
            "price": 26000,
            "was-price": 26000,
            "name": "Emerald-Set of 4 Dinner Plate",
            "url": "/vista-alegre-emerald-set-of-4-dinner-plate/p/464544258_white",
            "offer-price": 25000,
            "rating-count": 0,
            "cat1": "Home & Kitchen",
            "cat2": "Kitchen & Dining",
            "cat3": "Serveware & Drinkware",
            "brand": "vista-alegre"
        },
        {
            "product-id": "464560439",
            "avg-rating": "",
            "img-url": "https://assets.ajio.com/medias/sys_master/root/20220629/ga7c/62bb664aaeb26921af4ddb66/-78Wx98H-464560439-white-MODEL.jpg",
            "price": 12000,
            "was-price": 12000,
            "name": "Floral Embellished Flared Kurta Set",
            "url": "/samant-chauhan-floral-embellished-flared-kurta-set/p/464560439_white",
            "offer-price": 11000,
            "rating-count": 0,
            "cat1": "Women",
            "cat2": "Ethnic Wear",
            "cat3": "Kurta Suit Sets",
            "brand": "samant-chauhan"
        },
        {
            "product-id": "464540513",
            "avg-rating": "",
            "img-url": "https://assets.ajio.com/medias/sys_master/root/20220819/9j6g/62ff387caeb2691761861ad9/-78Wx98H-464540513-white-MODEL.jpg",
            "price": 24727,
            "was-price": 24727,
            "name": "Printed Acrylic Tray",
            "url": "/nicolette-mayer-printed-acrylic-tray/p/464540513_white",
            "offer-price": 23727,
            "rating-count": 0,
            "cat1": "Home & Kitchen",
            "cat2": "Kitchen & Dining",
            "cat3": "Serveware & Drinkware",
            "brand": "nicolette-mayer"
        },
        {
            "product-id": "464558848",
            "avg-rating": "",
            "img-url": "https://assets.ajio.com/medias/sys_master/root/20220629/4i1E/62bb6bcbaeb26921af4e81a7/-78Wx98H-464558848-white-MODEL.jpg",
            "price": 149999,
            "was-price": 149999,
            "name": "Floral Woven Sleeveless Waistcoat ",
            "url": "/raghavendra-rathore-floral-woven-sleeveless-waistcoat/p/464558848_white",
            "offer-price": 148999,
            "rating-count": 0,
            "cat1": "Men",
            "cat2": "Ethnic Wear",
            "cat3": "3-Piece Ethnic Suit",
            "brand": "raghavendra-rathore"
        },
        {
            "product-id": "464556437",
            "avg-rating": "",
            "img-url": "https://assets.ajio.com/medias/sys_master/root/20220709/BL0R/62c91359aeb26921af6e548b/-78Wx98H-464556437-black-MODEL.jpg",
            "price": 30000,
            "was-price": 30000,
            "name": "Textured Cove Bench",
            "url": "/yellow-brick-route-textured-cove-bench/p/464556437_black",
            "offer-price": 29000,
            "rating-count": 0,
            "cat1": "Home & Kitchen",
            "cat2": "Furniture",
            "cat3": "Bed Room",
            "brand": "yellow-brick-route"
        },
        {
            "product-id": "464546905",
            "avg-rating": "",
            "img-url": "https://assets.ajio.com/medias/sys_master/root/20230228/y75t/63fdf0eaaeb26924e397dead/-78Wx98H-464546905-white-MODEL.jpg",
            "price": 12000,
            "was-price": 12000,
            "name": "Harvard-Set of 4 Dinner Plate",
            "url": "/vista-alegre-harvard-set-of-4-dinner-plate/p/464546905_white",
            "offer-price": 11000,
            "rating-count": 0,
            "cat1": "Home & Kitchen",
            "cat2": "Kitchen & Dining",
            "cat3": "Serveware & Drinkware",
            "brand": "vista-alegre"
        },
        {
            "product-id": "464552918",
            "avg-rating": "",
            "img-url": "https://assets.ajio.com/medias/sys_master/root/20220926/V79h/6331975df997dd1f8d1c698b/-78Wx98H-464552918-gold-MODEL.jpg",
            "price": 8627,
            "was-price": 8627,
            "name": "Dalia Side Table",
            "url": "/lf-home-dalia-side-table/p/464552918_gold",
            "offer-price": 7627,
            "rating-count": 0,
            "cat1": "Home & Kitchen",
            "cat2": "Furniture",
            "cat3": "Living Room & Study",
            "brand": "lf-home"
        },
        {
            "product-id": "464559017",
            "avg-rating": "",
            "img-url": "https://assets.ajio.com/medias/sys_master/root/20230228/Hkn0/63fdf0f5aeb26924e397e103/-78Wx98H-464559017-clear-MODEL.jpg",
            "price": 28300,
            "was-price": 28300,
            "name": "Biarritz-Pitcher",
            "url": "/vista-alegre-biarritz-pitcher/p/464559017_clear",
            "offer-price": 27300,
            "rating-count": 0,
            "cat1": "Home & Kitchen",
            "cat2": "Kitchen & Dining",
            "cat3": "Serveware & Drinkware",
            "brand": "vista-alegre"
        },
        {
            "product-id": "464558939",
            "avg-rating": "",
            "img-url": "https://assets.ajio.com/medias/sys_master/root/20220629/oAQ6/62bb6a24aeb26921af4e4b84/-78Wx98H-464558939-white-MODEL.jpg",
            "price": 18950,
            "was-price": 18950,
            "name": "Solid Sleeveless Top",
            "url": "/ampm-solid-sleeveless-top/p/464558939_white",
            "offer-price": 17055,
            "rating-count": 0,
            "cat1": "Women",
            "cat2": "Western Wear",
            "cat3": "Tops",
            "brand": "ampm"
        },
        {
            "product-id": "464552928",
            "avg-rating": "",
            "img-url": "https://assets.ajio.com/medias/sys_master/root/20220926/e2eh/6331976bf997dd1f8d1c6b92/-78Wx98H-464552928-gold-MODEL.jpg",
            "price": 13562,
            "was-price": 13562,
            "name": "Pedestal Side Table",
            "url": "/lf-home-pedestal-side-table/p/464552928_gold",
            "offer-price": 12562,
            "rating-count": 0,
            "cat1": "Home & Kitchen",
            "cat2": "Furniture",
            "cat3": "Living Room & Study",
            "brand": "lf-home"
        },
        {
            "product-id": "464540074",
            "avg-rating": "",
            "img-url": "https://assets.ajio.com/medias/sys_master/root/20230228/RwDt/63fdf0b2aeb26924e397d477/-78Wx98H-464540074-white-MODEL.jpg",
            "price": 12400,
            "was-price": 12400,
            "name": "Ornament-Set of 4 Dinner Plate",
            "url": "/vista-alegre-ornament-set-of-4-dinner-plate/p/464540074_white",
            "offer-price": 11400,
            "rating-count": 0,
            "cat1": "Home & Kitchen",
            "cat2": "Kitchen & Dining",
            "cat3": "Serveware & Drinkware",
            "brand": "vista-alegre"
        },
        {
            "product-id": "464546020",
            "avg-rating": "",
            "img-url": "https://assets.ajio.com/medias/sys_master/root/20230228/g0KO/63fdf0e0aeb26924e397dc9a/-78Wx98H-464546020-multi-MODEL.jpg",
            "price": 9200,
            "was-price": 9200,
            "name": "Alma De Coimbra-Charger Plate",
            "url": "/vista-alegre-alma-de-coimbra-charger-plate/p/464546020_multi",
            "offer-price": 8200,
            "rating-count": 0,
            "cat1": "Home & Kitchen",
            "cat2": "Kitchen & Dining",
            "cat3": "Serveware & Drinkware",
            "brand": "vista-alegre"
        },
        {
            "product-id": "464558972",
            "avg-rating": "",
            "img-url": "https://assets.ajio.com/medias/sys_master/root/20220629/V7gX/62bb6c23f997dd03e2a621d1/-78Wx98H-464558972-grey-MODEL.jpg",
            "price": 9950,
            "was-price": 9950,
            "name": "Solid Asymmetrical Top",
            "url": "/ampm-solid-asymmetrical-top/p/464558972_grey",
            "offer-price": 8950,
            "rating-count": 0,
            "cat1": "Women",
            "cat2": "Western Wear",
            "cat3": "Tops",
            "brand": "ampm"
        },
        {
            "product-id": "464558945",
            "avg-rating": "",
            "img-url": "https://assets.ajio.com/medias/sys_master/root/20220629/NfId/62bb6a89aeb26921af4e5949/-78Wx98H-464558945-white-MODEL.jpg",
            "price": 10950,
            "was-price": 10950,
            "name": "Solid Asymmetrical Top",
            "url": "/ampm-solid-asymmetrical-top/p/464558945_white",
            "offer-price": 9855,
            "rating-count": 0,
            "cat1": "Women",
            "cat2": "Western Wear",
            "cat3": "Tops",
            "brand": "ampm"
        },
        {
            "product-id": "464547662",
            "avg-rating": "",
            "img-url": "https://assets.ajio.com/medias/sys_master/root/20230228/JkxH/63fdf104f997dde6f4d04ba7/-78Wx98H-464547662-clear-MODEL.jpg",
            "price": 7800,
            "was-price": 7800,
            "name": "Yoso-Kuki-Candlesstick",
            "url": "/vista-alegre-yoso-kuki-candlesstick/p/464547662_clear",
            "offer-price": 6800,
            "rating-count": 0,
            "cat1": "Home & Kitchen",
            "cat2": "Kitchen & Dining",
            "cat3": "Serveware & Drinkware",
            "brand": "vista-alegre"
        },
        {
            "product-id": "464540611",
            "avg-rating": "",
            "img-url": "https://assets.ajio.com/medias/sys_master/root/20230228/T85i/63fdf0baf997dde6f4d03d28/-78Wx98H-464540611-white-MODEL.jpg",
            "price": 24800,
            "was-price": 24800,
            "name": "Sol Y Sombra-Set of 4 Dessert Plate",
            "url": "/vista-alegre-sol-y-sombra-set-of-4-dessert-plate/p/464540611_white",
            "offer-price": 23800,
            "rating-count": 0,
            "cat1": "Home & Kitchen",
            "cat2": "Kitchen & Dining",
            "cat3": "Serveware & Drinkware",
            "brand": "vista-alegre"
        },
        {
            "product-id": "464558966",
            "avg-rating": "",
            "img-url": "https://assets.ajio.com/medias/sys_master/root/20220629/gYUu/62bb69afaeb26921af4e3d49/-78Wx98H-464558966-teal-MODEL.jpg",
            "price": 24950,
            "was-price": 24950,
            "name": "Solid Mock Neck Top",
            "url": "/ampm-solid-mock-neck-top/p/464558966_teal",
            "offer-price": 22455,
            "rating-count": 0,
            "cat1": "Women",
            "cat2": "Western Wear",
            "cat3": "Tops",
            "brand": "ampm"
        },
        {
            "product-id": "464552922",
            "avg-rating": "",
            "img-url": "https://assets.ajio.com/medias/sys_master/root/20220926/ztEA/63319771f997dd1f8d1c6c7d/-78Wx98H-464552922-black-MODEL.jpg",
            "price": 14140,
            "was-price": 14140,
            "name": "Enza Side Table",
            "url": "/lf-home-enza-side-table/p/464552922_black",
            "offer-price": 13140,
            "rating-count": 0,
            "cat1": "Home & Kitchen",
            "cat2": "Furniture",
            "cat3": "Living Room & Study",
            "brand": "lf-home"
        },
        {
            "product-id": "464540742",
            "avg-rating": "",
            "img-url": "https://assets.ajio.com/medias/sys_master/root/20230228/Ds6G/63fdf0bdaeb26924e397d574/-78Wx98H-464540742-white-MODEL.jpg",
            "price": 29000,
            "was-price": 29000,
            "name": "Domo Gold-Salad Bowl",
            "url": "/vista-alegre-domo-gold-salad-bowl/p/464540742_white",
            "offer-price": 28000,
            "rating-count": 0,
            "cat1": "Home & Kitchen",
            "cat2": "Kitchen & Dining",
            "cat3": "Serveware & Drinkware",
            "brand": "vista-alegre"
        },
        {
            "product-id": "464558887",
            "avg-rating": "",
            "img-url": "https://assets.ajio.com/medias/sys_master/root/20220629/w0pn/62bb6b0eaeb26921af4e6b0c/-78Wx98H-464558887-khaki-MODEL.jpg",
            "price": 88999,
            "was-price": 88999,
            "name": "Button-Down Blazer with Square Pocket",
            "url": "/raghavendra-rathore-button-down-blazer-with-square-pocket/p/464558887_khaki",
            "offer-price": 87999,
            "rating-count": 0,
            "cat1": "Men",
            "cat2": "Ethnic Wear",
            "cat3": "3-Piece Ethnic Suit",
            "brand": "raghavendra-rathore"
        },
        {
            "product-id": "464559049",
            "avg-rating": "",
            "img-url": "https://assets.ajio.com/medias/sys_master/root/20230228/9DQu/63fdf0faf997dde6f4d049c9/-78Wx98H-464559049-clear-MODEL.jpg",
            "price": 6200,
            "was-price": 6200,
            "name": "Bicos-Set with 4 Highballs Incolor",
            "url": "/vista-alegre-bicos-set-with-4-highballs-incolor/p/464559049_clear",
            "offer-price": 5200,
            "rating-count": 0,
            "cat1": "Home & Kitchen",
            "cat2": "Kitchen & Dining",
            "cat3": "Serveware & Drinkware",
            "brand": "vista-alegre"
        },
        {
            "product-id": "464559092",
            "avg-rating": "",
            "img-url": "https://assets.ajio.com/medias/sys_master/root/20240503/OiJg/6634bfd005ac7d77bb3bb569/-78Wx98H-464559092-clear-MODEL.jpg",
            "price": 33360,
            "was-price": 33360,
            "name": "Whisky Decanter",
            "url": "/vista-alegre-whisky-decanter/p/464559092_clear",
            "offer-price": 31360,
            "rating-count": 0,
            "cat1": "Home & Kitchen",
            "cat2": "Kitchen & Dining",
            "cat3": "Serveware & Drinkware",
            "brand": "vista-alegre"
        },
        {
            "product-id": "462708677",
            "avg-rating": "",
            "img-url": "https://assets.ajio.com/medias/sys_master/root/20210730/bxBw/61032857aeb269a9e35a4a86/-78Wx98H-462708677-silver-MODEL.jpg",
            "price": 8880,
            "was-price": 8880,
            "name": "Sterling Silver Drop Earrings",
            "url": "/sangeeta-boochra-sterling-silver-drop-earrings/p/462708677_silver",
            "offer-price": 6992,
            "rating-count": 0,
            "cat1": "Women",
            "cat2": "Fashion Jewellery",
            "cat3": "Earrings",
            "brand": "sangeeta-boochra"
        },
        {
            "product-id": "462709318",
            "avg-rating": "",
            "img-url": "https://assets.ajio.com/medias/sys_master/root/20230602/x44g/6479aae6d55b7d0c6345bcea/-78Wx98H-462709318-blue-MODEL.jpg",
            "price": 4080,
            "was-price": 4080,
            "name": "Sterling Silver Drop Earrings",
            "url": "/sangeeta-boochra-sterling-silver-drop-earrings/p/462709318_blue",
            "offer-price": 2751.7,
            "rating-count": 0,
            "cat1": "Women",
            "cat2": "Fashion Jewellery",
            "cat3": "Earrings",
            "brand": "sangeeta-boochra"
        },
        {
            "product-id": "460919201",
            "avg-rating": "",
            "img-url": "https://assets.ajio.com/medias/sys_master/root/20210727/dKda/60ff48c3aeb269a9e3541a7f/-78Wx98H-460919201-blue-MODEL.jpg",
            "price": 11999,
            "was-price": 11999,
            "name": "880 Low-Top Lace-Up Sports Shoes",
            "url": "/new-balance-880-low-top-lace-up-sports-shoes/p/460919201_blue",
            "offer-price": 7999,
            "rating-count": 0,
            "cat1": "Women",
            "cat2": "Footwear",
            "cat3": "Sports Shoes",
            "brand": "new-balance"
        },
        {
            "product-id": "462709144",
            "avg-rating": "",
            "img-url": "https://assets.ajio.com/medias/sys_master/root/20211022/xSkd/6171c11faeb2690110a14abe/-78Wx98H-462709144-multi-MODEL.jpg",
            "price": 6240,
            "was-price": 6240,
            "name": "Sterling Silver Dangler Earrings",
            "url": "/sangeeta-boochra-sterling-silver-dangler-earrings/p/462709144_multi",
            "offer-price": 4616,
            "rating-count": 0,
            "cat1": "Women",
            "cat2": "Fashion Jewellery",
            "cat3": "Earrings",
            "brand": "sangeeta-boochra"
        },
        {
            "product-id": "462708749",
            "avg-rating": "",
            "img-url": "https://assets.ajio.com/medias/sys_master/root/20211022/mGNT/6171c190aeb2690110a14bc9/-78Wx98H-462708749-silver-MODEL.jpg",
            "price": 4320,
            "was-price": 4320,
            "name": "Sterling Silver Drop Earrings",
            "url": "/sangeeta-boochra-sterling-silver-drop-earrings/p/462708749_silver",
            "offer-price": 2913.56,
            "rating-count": 0,
            "cat1": "Women",
            "cat2": "Fashion Jewellery",
            "cat3": "Earrings",
            "brand": "sangeeta-boochra"
        },
        {
            "product-id": "462708873",
            "avg-rating": "",
            "img-url": "https://assets.ajio.com/medias/sys_master/root/20210730/STTo/61032549f997ddb3123fe8ad/-78Wx98H-462708873-silver-MODEL.jpg",
            "price": 8400,
            "was-price": 8400,
            "name": "Sterling Silver Dangler Earrings",
            "url": "/sangeeta-boochra-sterling-silver-dangler-earrings/p/462708873_silver",
            "offer-price": 6560,
            "rating-count": 0,
            "cat1": "Women",
            "cat2": "Fashion Jewellery",
            "cat3": "Earrings",
            "brand": "sangeeta-boochra"
        },
        {
            "product-id": "460919207",
            "avg-rating": "",
            "img-url": "https://assets.ajio.com/medias/sys_master/root/20210727/tRQc/60ff0f90aeb269a9e3533126/-78Wx98H-460919207-black-MODEL.jpg",
            "price": 11999,
            "was-price": 11999,
            "name": "890 Low-Top Lace-Up Sports Shoes",
            "url": "/new-balance-890-low-top-lace-up-sports-shoes/p/460919207_black",
            "offer-price": 10999,
            "rating-count": 0,
            "cat1": "Women",
            "cat2": "Footwear",
            "cat3": "Sports Shoes",
            "brand": "new-balance"
        },
        {
            "product-id": "460919203",
            "avg-rating": "",
            "img-url": "https://assets.ajio.com/medias/sys_master/root/20210727/hFgt/60ff225ff997ddb31238db11/-78Wx98H-460919203-blue-MODEL.jpg",
            "price": 11999,
            "was-price": 11999,
            "name": "880 Textured Lace-Up Sports Shoes with Applique",
            "url": "/new-balance-880-textured-lace-up-sports-shoes-with-applique/p/460919203_blue",
            "offer-price": 2697.74,
            "rating-count": 0,
            "cat1": "Women",
            "cat2": "Footwear",
            "cat3": "Sports Shoes",
            "brand": "new-balance"
        },
        {
            "product-id": "464558900",
            "avg-rating": "",
            "img-url": "https://assets.ajio.com/medias/sys_master/root/20220629/EGDT/62bb6b5cf997dd03e2a608bb/-78Wx98H-464558900-red-MODEL.jpg",
            "price": 143999,
            "was-price": 143999,
            "name": "Button-Down Blazer with Patch Pockets",
            "url": "/raghavendra-rathore-button-down-blazer-with-patch-pockets/p/464558900_red",
            "offer-price": 142999,
            "rating-count": 0,
            "cat1": "Men",
            "cat2": "Ethnic Wear",
            "cat3": "3-Piece Ethnic Suit",
            "brand": "raghavendra-rathore"
        },
        {
            "product-id": "464559121",
            "avg-rating": "",
            "img-url": "https://assets.ajio.com/medias/sys_master/root/20240406/z7ZA/66111a5c16fd2c6e6aa19ea0/-78Wx98H-464559121-yellow-MODEL.jpg",
            "price": 1424,
            "was-price": 1899,
            "name": "Elevate Egg Spatula",
            "url": "/joseph-joseph-elevate-egg-spatula/p/464559121_yellow",
            "offer-price": 1066.21,
            "rating-count": 0,
            "cat1": "Home & Kitchen",
            "cat2": "Kitchen & Dining",
            "cat3": "Kitchen Tools",
            "brand": "joseph-joseph"
        },
        {
            "product-id": "464540556",
            "avg-rating": "",
            "img-url": "https://assets.ajio.com/medias/sys_master/root/20220819/G5HW/62ff387ef997dd394c04fcd7/-78Wx98H-464540556-beige-MODEL.jpg",
            "price": 8756,
            "was-price": 8756,
            "name": "Crested Crane Print Placemat",
            "url": "/nicolette-mayer-crested-crane-print-placemat/p/464540556_beige",
            "offer-price": 7756,
            "rating-count": 0,
            "cat1": "Home & Kitchen",
            "cat2": "Kitchen & Dining",
            "cat3": "Serveware & Drinkware",
            "brand": "nicolette-mayer"
        },
        {
            "product-id": "464558858",
            "avg-rating": "",
            "img-url": "https://assets.ajio.com/medias/sys_master/root/20220629/MmVF/62bb6be5f997dd03e2a619ff/-78Wx98H-464558858-purple-MODEL.jpg",
            "price": 74999,
            "was-price": 74999,
            "name": "Floral Embroidered Sleeveless Waistcoat",
            "url": "/raghavendra-rathore-floral-embroidered-sleeveless-waistcoat/p/464558858_purple",
            "offer-price": 73999,
            "rating-count": 0,
            "cat1": "Men",
            "cat2": "Ethnic Wear",
            "cat3": "3-Piece Ethnic Suit",
            "brand": "raghavendra-rathore"
        },
        {
            "product-id": "464558937",
            "avg-rating": "",
            "img-url": "https://assets.ajio.com/medias/sys_master/root/20220629/kDkT/62bb6a1eaeb26921af4e4a8a/-78Wx98H-464558937-tan-MODEL.jpg",
            "price": 12950,
            "was-price": 12950,
            "name": "Solid Asymmetrical Top",
            "url": "/ampm-solid-asymmetrical-top/p/464558937_tan",
            "offer-price": 11655,
            "rating-count": 0,
            "cat1": "Women",
            "cat2": "Western Wear",
            "cat3": "Tops",
            "brand": "ampm"
        },
        {
            "product-id": "464542102",
            "avg-rating": "",
            "img-url": "https://assets.ajio.com/medias/sys_master/root/20220624/OX9t/62b5d6c0aeb26921af46d83a/-78Wx98H-464542102-blue-MODEL.jpg",
            "price": 4500,
            "was-price": 4500,
            "name": "Distressed Wood Serving Tray",
            "url": "/the-house-of-trendz-distressed-wood-serving-tray/p/464542102_blue",
            "offer-price": 3500,
            "rating-count": 0,
            "cat1": "Home & Kitchen",
            "cat2": "Kitchen & Dining",
            "cat3": "Serveware & Drinkware",
            "brand": "the-house-of-trendz"
        },
        {
            "product-id": "464545802",
            "avg-rating": "",
            "img-url": "https://assets.ajio.com/medias/sys_master/root/20220627/2UCV/62b9c70eaeb26921af48e6f7/-78Wx98H-464545802-multi-MODEL.jpg",
            "price": 11519,
            "was-price": 11519,
            "name": "Set of 2 Side Tables",
            "url": "/the-house-of-trendz-set-of-2-side-tables/p/464545802_multi",
            "offer-price": 10482.29,
            "rating-count": 0,
            "cat1": "Home & Kitchen",
            "cat2": "Furniture",
            "cat3": "Living Room & Study",
            "brand": "the-house-of-trendz"
        },
        {
            "product-id": "464547006",
            "avg-rating": "",
            "img-url": "https://assets.ajio.com/medias/sys_master/root/20221213/P6Br/6398696ff997ddfdbdd10565/-78Wx98H-464547006-black-MODEL.jpg",
            "price": 8950,
            "was-price": 8950,
            "name": "Travel Wallet with Contrast Stitch",
            "url": "/davidoff-travel-wallet-with-contrast-stitch/p/464547006_black",
            "offer-price": 7950,
            "rating-count": 0,
            "cat1": "Men",
            "cat2": "Bags, Belts & Wallets",
            "cat3": "Wallets",
            "brand": "davidoff"
        },
        {
            "product-id": "464541559",
            "avg-rating": "",
            "img-url": "https://assets.ajio.com/medias/sys_master/root/20230824/PTG0/64e6ebfcafa4cf41f57458f9/-78Wx98H-464541559-navy-MODEL.jpg",
            "price": 26500,
            "was-price": 26500,
            "name": "Slim Fit Long Kurta with Asymmetrical Hemline",
            "url": "/s-n-by-shantnu-nikhil-slim-fit-long-kurta-with-asymmetrical-hemline/p/464541559_navy",
            "offer-price": 14900,
            "rating-count": 0,
            "cat1": "Men",
            "cat2": "Ethnic Wear",
            "cat3": "Kurtas",
            "brand": "s-n-by-shantnu-nikhil"
        },
        {
            "product-id": "464541562",
            "avg-rating": "",
            "img-url": "https://assets.ajio.com/medias/sys_master/root/20230824/kN9D/64e6ebfcafa4cf41f57458fa/-78Wx98H-464541562-navy-MODEL.jpg",
            "price": 24500,
            "was-price": 24500,
            "name": "Slim Fit Long Kurta with Insert Pockets",
            "url": "/s-n-by-shantnu-nikhil-slim-fit-long-kurta-with-insert-pockets/p/464541562_navy",
            "offer-price": 13700,
            "rating-count": 0,
            "cat1": "Men",
            "cat2": "Ethnic Wear",
            "cat3": "Kurtas",
            "brand": "s-n-by-shantnu-nikhil"
        },
        {
            "product-id": "464549023",
            "avg-rating": "",
            "img-url": "https://assets.ajio.com/medias/sys_master/root/20230228/mEvV/63fdf104f997dde6f4d04bc0/-78Wx98H-464549023-white-MODEL.jpg",
            "price": 12200,
            "was-price": 12200,
            "name": "Prairie-Small Oval Platter",
            "url": "/vista-alegre-prairie-small-oval-platter/p/464549023_white",
            "offer-price": 11200,
            "rating-count": 0,
            "cat1": "Home & Kitchen",
            "cat2": "Kitchen & Dining",
            "cat3": "Serveware & Drinkware",
            "brand": "vista-alegre"
        },
        {
            "product-id": "464549502",
            "avg-rating": "",
            "img-url": "https://assets.ajio.com/medias/sys_master/root/20221213/P6nS/63986973aeb269659ce6fc3d/-78Wx98H-464549502-brown-MODEL.jpg",
            "price": 10950,
            "was-price": 10950,
            "name": "23617 Essential Brown Textured Leather Belt",
            "url": "/davidoff-23617-essential-brown-textured-leather-belt/p/464549502_brown",
            "offer-price": 9950,
            "rating-count": 0,
            "cat1": "Men",
            "cat2": "Bags, Belts & Wallets",
            "cat3": "Belts",
            "brand": "davidoff"
        },
        {
            "product-id": "464552874",
            "avg-rating": "",
            "img-url": "https://assets.ajio.com/medias/sys_master/root/20220926/xcoL/63319769aeb269dbb3a6ff04/-78Wx98H-464552874-cream-MODEL.jpg",
            "price": 14385,
            "was-price": 14385,
            "name": "Metal Lady Side Table ",
            "url": "/lf-home-metal-lady-side-table/p/464552874_cream",
            "offer-price": 13385,
            "rating-count": 0,
            "cat1": "Home & Kitchen",
            "cat2": "Furniture",
            "cat3": "Living Room & Study",
            "brand": "lf-home"
        },
        {
            "product-id": "464552867",
            "avg-rating": "",
            "img-url": "https://assets.ajio.com/medias/sys_master/root/20220926/6u0s/6331976bf997dd1f8d1c6b93/-78Wx98H-464552867-white-MODEL.jpg",
            "price": 12075,
            "was-price": 12075,
            "name": "Metal Ocean Side Table",
            "url": "/lf-home-metal-ocean-side-table/p/464552867_white",
            "offer-price": 11075,
            "rating-count": 0,
            "cat1": "Home & Kitchen",
            "cat2": "Furniture",
            "cat3": "Living Room & Study",
            "brand": "lf-home"
        },
        {
            "product-id": "464552904",
            "avg-rating": "",
            "img-url": "https://assets.ajio.com/medias/sys_master/root/20220926/7jP7/63319754aeb269dbb3a6fbe9/-78Wx98H-464552904-gold-MODEL.jpg",
            "price": 10115,
            "was-price": 10115,
            "name": "Horizon Side Table ",
            "url": "/lf-home-horizon-side-table/p/464552904_gold",
            "offer-price": 9115,
            "rating-count": 0,
            "cat1": "Home & Kitchen",
            "cat2": "Furniture",
            "cat3": "Living Room & Study",
            "brand": "lf-home"
        },
        {
            "product-id": "464552529",
            "avg-rating": "",
            "img-url": "https://assets.ajio.com/medias/sys_master/root/20220627/TK9S/62b9cc8faeb26921af497567/-78Wx98H-464552529-blue-MODEL.jpg",
            "price": 2500,
            "was-price": 5000,
            "name": "R3251283002 Multifunctional Digital Watch",
            "url": "/sector-r3251283002-multifunctional-digital-watch/p/464552529_blue",
            "offer-price": 1873.43,
            "rating-count": 0,
            "cat1": "Men",
            "cat2": "Timewear",
            "cat3": "Watches",
            "brand": "sector"
        },
        {
            "product-id": "464540370",
            "avg-rating": "",
            "img-url": "https://assets.ajio.com/medias/sys_master/root/20220624/PBy3/62b5d1caaeb26921af465f8c/-78Wx98H-464540370-green-MODEL.jpg",
            "price": 10400,
            "was-price": 10400,
            "name": "Floral Print A-line Dress",
            "url": "/therealb-floral-print-a-line-dress/p/464540370_green",
            "offer-price": 9360,
            "rating-count": 0,
            "cat1": "Women",
            "cat2": "Western Wear",
            "cat3": "Dresses",
            "brand": "therealb"
        },
        {
            "product-id": "464552901",
            "avg-rating": "",
            "img-url": "https://assets.ajio.com/medias/sys_master/root/20220926/Y5pJ/63319770aeb269dbb3a70005/-78Wx98H-464552901-copper-MODEL.jpg",
            "price": 15382,
            "was-price": 15382,
            "name": "Pedestal Side Table",
            "url": "/lf-home-pedestal-side-table/p/464552901_copper",
            "offer-price": 14382,
            "rating-count": 0,
            "cat1": "Home & Kitchen",
            "cat2": "Furniture",
            "cat3": "Living Room & Study",
            "brand": "lf-home"
        },
        {
            "product-id": "464552366",
            "avg-rating": "",
            "img-url": "https://assets.ajio.com/medias/sys_master/root/20230623/DWWq/64951c3e42f9e729d78a1070/-78Wx98H-464552366-gold-MODEL.jpg",
            "price": 10000,
            "was-price": 20000,
            "name": "R3273740001 Date Analogue Watch",
            "url": "/sector-r3273740001-date-analogue-watch/p/464552366_gold",
            "offer-price": 9000,
            "rating-count": 0,
            "cat1": "Men",
            "cat2": "Timewear",
            "cat3": "Watches",
            "brand": "sector"
        },
        {
            "product-id": "464554485",
            "avg-rating": "",
            "img-url": "https://assets.ajio.com/medias/sys_master/root/20230228/YTrW/63fdf0faf997dde6f4d049b1/-78Wx98H-464554485-clear-MODEL.jpg",
            "price": 76600,
            "was-price": 76600,
            "name": "Garland-Medium Vase",
            "url": "/vista-alegre-garland-medium-vase/p/464554485_clear",
            "offer-price": 75600,
            "rating-count": 0,
            "cat1": "Home & Kitchen",
            "cat2": "Decor & Gifting",
            "cat3": "Showpieces & Figurines",
            "brand": "vista-alegre"
        },
        {
            "product-id": "464546655",
            "avg-rating": "",
            "img-url": "https://assets.ajio.com/medias/sys_master/root/20230228/Ed1e/63fdf0e8f997dde6f4d0463e/-78Wx98H-464546655-white-MODEL.jpg",
            "price": 11100,
            "was-price": 11100,
            "name": "Ivory-Large Salad Bowl",
            "url": "/vista-alegre-ivory-large-salad-bowl/p/464546655_white",
            "offer-price": 10100,
            "rating-count": 0,
            "cat1": "Home & Kitchen",
            "cat2": "Kitchen & Dining",
            "cat3": "Serveware & Drinkware",
            "brand": "vista-alegre"
        },
        {
            "product-id": "410290227",
            "avg-rating": "",
            "img-url": "https://assets.ajio.com/medias/sys_master/root/20210629/MyJ5/60da2790f997ddb312107963/-78Wx98H-410290227-blk-MODEL.jpg",
            "price": 995,
            "was-price": 995,
            "name": "Lace Thigh-High Bands",
            "url": "/hunkemoller-lace-thigh-high-bands/p/410290227_blk",
            "offer-price": 709.9,
            "rating-count": 0,
            "cat1": "Women",
            "cat2": "Lingerie & Innerwear",
            "cat3": "Accessories",
            "brand": "hunkemoller"
        },
        {
            "product-id": "464542913",
            "avg-rating": "",
            "img-url": "https://assets.ajio.com/medias/sys_master/root/20220624/2eAz/62b5f4d9aeb26921af4724be/-78Wx98H-464542913-black-MODEL.jpg",
            "price": 145999,
            "was-price": 145999,
            "name": "Wool Achkan with Embroidery ",
            "url": "/raghavendra-rathore-wool-achkan-with-embroidery/p/464542913_black",
            "offer-price": 144999,
            "rating-count": 0,
            "cat1": "Men",
            "cat2": "Ethnic Wear",
            "cat3": "Kurtas",
            "brand": "raghavendra-rathore"
        },
        {
            "product-id": "464543031",
            "avg-rating": "",
            "img-url": "https://assets.ajio.com/medias/sys_master/root/20220624/yqBy/62b5f54cf997dd03e29e8402/-78Wx98H-464543031-white-MODEL.jpg",
            "price": 5600,
            "was-price": 5600,
            "name": "Brand Embroidered Stretch Shorts",
            "url": "/pinko-brand-embroidered-stretch-shorts/p/464543031_white",
            "offer-price": 4600,
            "rating-count": 0,
            "cat1": "Girls",
            "cat2": "Western Wear",
            "cat3": "Shorts & 3/4ths",
            "brand": "pinko"
        },
        {
            "product-id": "464552556",
            "avg-rating": "",
            "img-url": "https://assets.ajio.com/medias/sys_master/root/20220627/6DOE/62b9cdd6aeb26921af497f1b/-78Wx98H-464552556-black-MODEL.jpg",
            "price": 7000,
            "was-price": 14000,
            "name": "R3251276005 Date Analogue Watch",
            "url": "/sector-r3251276005-date-analogue-watch/p/464552556_black",
            "offer-price": 6000,
            "rating-count": 0,
            "cat1": "Men",
            "cat2": "Timewear",
            "cat3": "Watches",
            "brand": "sector"
        },
        {
            "product-id": "464540523",
            "avg-rating": "",
            "img-url": "https://assets.ajio.com/medias/sys_master/root/20220624/akww/62b5d47df997dd03e29df191/-78Wx98H-464540523-cream-MODEL.jpg",
            "price": 2050,
            "was-price": 2050,
            "name": "Ivory Cane Planter",
            "url": "/the-house-of-trendz-ivory-cane-planter/p/464540523_cream",
            "offer-price": 1536.22,
            "rating-count": 0,
            "cat1": "Home & Kitchen",
            "cat2": "Decor & Gifting",
            "cat3": "Gardening & Planters",
            "brand": "the-house-of-trendz"
        },
        {
            "product-id": "410290181",
            "avg-rating": "",
            "img-url": "https://assets.ajio.com/medias/sys_master/root/20210622/Dml2/60d1fb58aeb269a9e306fe86/-78Wx98H-410290181-drose-MODEL.jpg",
            "price": 767,
            "was-price": 1395,
            "name": "Marit Lace-Front Brazilian Regular Panties",
            "url": "/hunkemoller-marit-lace-front-brazilian-regular-panties/p/410290181_drose",
            "offer-price": 573.31,
            "rating-count": 0,
            "cat1": "Women",
            "cat2": "Lingerie & Innerwear",
            "cat3": "Panties",
            "brand": "hunkemoller"
        },
        {
            "product-id": "460919337",
            "avg-rating": "",
            "img-url": "https://assets.ajio.com/medias/sys_master/root/20210727/QpLP/60ff2fecf997ddb3123919f7/-78Wx98H-460919337-darkred-MODEL.jpg",
            "price": 12999,
            "was-price": 12999,
            "name": "TEMPO Embroidered Panelled Lace-Up Sports Shoes",
            "url": "/new-balance-tempo-embroidered-panelled-lace-up-sports-shoes/p/460919337_darkred",
            "offer-price": 8749,
            "rating-count": 0,
            "cat1": "Women",
            "cat2": "Footwear",
            "cat3": "Sports Shoes",
            "brand": "new-balance"
        },
        {
            "product-id": "460919233",
            "avg-rating": "",
            "img-url": "https://assets.ajio.com/medias/sys_master/root/20210727/Bp9V/60ff47e3aeb269a9e3541717/-78Wx98H-460919233-peach-MODEL.jpg",
            "price": 11999,
            "was-price": 11999,
            "name": "REBEL Textured Lace-Up Sports Shoes",
            "url": "/new-balance-rebel-textured-lace-up-sports-shoes/p/460919233_peach",
            "offer-price": 10999,
            "rating-count": 0,
            "cat1": "Women",
            "cat2": "Footwear",
            "cat3": "Sports Shoes",
            "brand": "new-balance"
        },
        {
            "product-id": "464552907",
            "avg-rating": "",
            "img-url": "https://assets.ajio.com/medias/sys_master/root/20220926/jTrG/63319754aeb269dbb3a6fbee/-78Wx98H-464552907-white-MODEL.jpg",
            "price": 11200,
            "was-price": 11200,
            "name": "Pedestal Side Table",
            "url": "/lf-home-pedestal-side-table/p/464552907_white",
            "offer-price": 10200,
            "rating-count": 0,
            "cat1": "Home & Kitchen",
            "cat2": "Furniture",
            "cat3": "Living Room & Study",
            "brand": "lf-home"
        },
        {
            "product-id": "464552423",
            "avg-rating": "",
            "img-url": "https://assets.ajio.com/medias/sys_master/root/20220627/qkJm/62b9c6e8f997dd03e2a03d14/-78Wx98H-464552423-silver-MODEL.jpg",
            "price": 9000,
            "was-price": 18000,
            "name": "R3253231002 Date Analogue Watch",
            "url": "/sector-r3253231002-date-analogue-watch/p/464552423_silver",
            "offer-price": 8000,
            "rating-count": 0,
            "cat1": "Men",
            "cat2": "Timewear",
            "cat3": "Watches",
            "brand": "sector"
        },
        {
            "product-id": "464552923",
            "avg-rating": "",
            "img-url": "https://assets.ajio.com/medias/sys_master/root/20220926/x7m2/63319762aeb269dbb3a6fe02/-78Wx98H-464552923-gold-MODEL.jpg",
            "price": 13230,
            "was-price": 13230,
            "name": "Magzine Bed Size Table",
            "url": "/lf-home-magzine-bed-size-table/p/464552923_gold",
            "offer-price": 12230,
            "rating-count": 0,
            "cat1": "Home & Kitchen",
            "cat2": "Furniture",
            "cat3": "Living Room & Study",
            "brand": "lf-home"
        },
        {
            "product-id": "464543050",
            "avg-rating": "",
            "img-url": "https://assets.ajio.com/medias/sys_master/root/20220624/gVWj/62b5f500aeb26921af472a1e/-78Wx98H-464543050-black-MODEL.jpg",
            "price": 14000,
            "was-price": 14000,
            "name": "Monks with Buckle Accent",
            "url": "/whitemuds-monks-with-buckle-accent/p/464543050_black",
            "offer-price": 13000,
            "rating-count": 0,
            "cat1": "Men",
            "cat2": "Footwear",
            "cat3": "Formal Shoes",
            "brand": "whitemuds"
        },
        {
            "product-id": "464543156",
            "avg-rating": "",
            "img-url": "https://assets.ajio.com/medias/sys_master/root/20220624/PYSC/62b5f506aeb26921af472b36/-78Wx98H-464543156-multi-MODEL.jpg",
            "price": 7800,
            "was-price": 7800,
            "name": "Striped Shorts with Elasticated Waist",
            "url": "/pinko-striped-shorts-with-elasticated-waist/p/464543156_multi",
            "offer-price": 6800,
            "rating-count": 0,
            "cat1": "Girls",
            "cat2": "Western Wear",
            "cat3": "Shorts & 3/4ths",
            "brand": "pinko"
        },
        {
            "product-id": "464541527",
            "avg-rating": "",
            "img-url": "https://assets.ajio.com/medias/sys_master/root/20230228/tmsW/63fdf0ceaeb26924e397d924/-78Wx98H-464541527-multi-MODEL.jpg",
            "price": 25800,
            "was-price": 25800,
            "name": "Amazonia-Xl Plate",
            "url": "/vista-alegre-amazonia-xl-plate/p/464541527_multi",
            "offer-price": 24800,
            "rating-count": 0,
            "cat1": "Home & Kitchen",
            "cat2": "Kitchen & Dining",
            "cat3": "Serveware & Drinkware",
            "brand": "vista-alegre"
        },
        {
            "product-id": "464543923",
            "avg-rating": "",
            "img-url": "https://assets.ajio.com/medias/sys_master/root/20230228/2i5c/63fdf0c7f997dde6f4d03fdd/-78Wx98H-464543923-clear-MODEL.jpg",
            "price": 19700,
            "was-price": 19700,
            "name": "Avenue-Ice Bucket",
            "url": "/vista-alegre-avenue-ice-bucket/p/464543923_clear",
            "offer-price": 18700,
            "rating-count": 0,
            "cat1": "Home & Kitchen",
            "cat2": "Kitchen & Dining",
            "cat3": "Serveware & Drinkware",
            "brand": "vista-alegre"
        },
        {
            "product-id": "464541897",
            "avg-rating": "",
            "img-url": "https://assets.ajio.com/medias/sys_master/root/20220624/8UWJ/62b5d634f997dd03e29e15b5/-78Wx98H-464541897-multi-MODEL.jpg",
            "price": 6450,
            "was-price": 6450,
            "name": "Colour-block Spread-Collar Shirt",
            "url": "/abkasa-colour-block-spread-collar-shirt/p/464541897_multi",
            "offer-price": 5450,
            "rating-count": 0,
            "cat1": "Men",
            "cat2": "Western Wear",
            "cat3": "Shirts",
            "brand": "abkasa"
        },
        {
            "product-id": "464545710",
            "avg-rating": "",
            "img-url": "https://assets.ajio.com/medias/sys_master/root/20221213/qeV3/6398690cf997ddfdbdd0f8c0/-78Wx98H-464545710-brown-MODEL.jpg",
            "price": 10950,
            "was-price": 10950,
            "name": "23615 Essential Brown Textured Leather Belt",
            "url": "/davidoff-23615-essential-brown-textured-leather-belt/p/464545710_brown",
            "offer-price": 9950,
            "rating-count": 0,
            "cat1": "Men",
            "cat2": "Bags, Belts & Wallets",
            "cat3": "Belts",
            "brand": "davidoff"
        },
        {
            "product-id": "460919221",
            "avg-rating": "",
            "img-url": "https://assets.ajio.com/medias/sys_master/root/20210727/VHZg/60ff0e9eaeb269a9e3532d9e/-78Wx98H-460919221-grey-MODEL.jpg",
            "price": 10999,
            "was-price": 10999,
            "name": "ECHO Textured Panelled Lace-Up Sports Shoes",
            "url": "/new-balance-echo-textured-panelled-lace-up-sports-shoes/p/460919221_grey",
            "offer-price": 7249,
            "rating-count": 0,
            "cat1": "Women",
            "cat2": "Footwear",
            "cat3": "Sports Shoes",
            "brand": "new-balance"
        },
        {
            "product-id": "464540454",
            "avg-rating": "",
            "img-url": "https://assets.ajio.com/medias/sys_master/root/20220624/4B88/62b5d07ff997dd03e29d8be9/-78Wx98H-464540454-green-MODEL.jpg",
            "price": 9500,
            "was-price": 9500,
            "name": "Embellished Shirt Dress",
            "url": "/therealb-embellished-shirt-dress/p/464540454_green",
            "offer-price": 8500,
            "rating-count": 0,
            "cat1": "Women",
            "cat2": "Western Wear",
            "cat3": "Dresses",
            "brand": "therealb"
        },
        {
            "product-id": "460919204",
            "avg-rating": "",
            "img-url": "https://assets.ajio.com/medias/sys_master/root/20210727/eThM/60ff1538aeb269a9e3534350/-78Wx98H-460919204-purple-MODEL.jpg",
            "price": 11999,
            "was-price": 11999,
            "name": "M_W880V10 Textured Lace-Up Sports Shoes",
            "url": "/new-balance-m-w880v10-textured-lace-up-sports-shoes/p/460919204_purple",
            "offer-price": 10999,
            "rating-count": 0,
            "cat1": "Women",
            "cat2": "Footwear",
            "cat3": "Sports Shoes",
            "brand": "new-balance"
        },
        {
            "product-id": "460919223",
            "avg-rating": "",
            "img-url": "https://assets.ajio.com/medias/sys_master/root/20210727/wtQG/60ff503ef997ddb31239ce11/-78Wx98H-460919223-blue-MODEL.jpg",
            "price": 10999,
            "was-price": 10999,
            "name": "ECHO Textured Lace-Up Sports Shoes",
            "url": "/new-balance-echo-textured-lace-up-sports-shoes/p/460919223_blue",
            "offer-price": 7249,
            "rating-count": 0,
            "cat1": "Women",
            "cat2": "Footwear",
            "cat3": "Sports Shoes",
            "brand": "new-balance"
        },
        {
            "product-id": "460919151",
            "avg-rating": "",
            "img-url": "https://assets.ajio.com/medias/sys_master/root/20210727/cFCj/60ff0c50aeb269a9e35326c8/-78Wx98H-460919151-cobalt-MODEL.jpg",
            "price": 9999,
            "was-price": 9999,
            "name": "FURON INDOOR Low-Top Lace-Up Running Shoes",
            "url": "/new-balance-furon-indoor-low-top-lace-up-running-shoes/p/460919151_cobalt",
            "offer-price": 6499,
            "rating-count": 0,
            "cat1": "Men",
            "cat2": "Footwear",
            "cat3": "Sports Shoes",
            "brand": "new-balance"
        },
        {
            "product-id": "464544500",
            "avg-rating": "",
            "img-url": "https://assets.ajio.com/medias/sys_master/root/20230228/OgWe/63fdf0d0f997dde6f4d0416a/-78Wx98H-464544500-clear-MODEL.jpg",
            "price": 78700,
            "was-price": 78700,
            "name": "Comtesse-Large Vase",
            "url": "/vista-alegre-comtesse-large-vase/p/464544500_clear",
            "offer-price": 77700,
            "rating-count": 0,
            "cat1": "Home & Kitchen",
            "cat2": "Decor & Gifting",
            "cat3": "Showpieces & Figurines",
            "brand": "vista-alegre"
        },
        {
            "product-id": "410311507",
            "avg-rating": "",
            "img-url": "https://assets.ajio.com/medias/sys_master/root/20220624/rq8g/62b5d63bf997dd03e29e1693/-78Wx98H-410311507-820-MODEL.jpg",
            "price": 11000,
            "was-price": 11000,
            "name": "Cotton Polo T-shirt with Contrast Tipping",
            "url": "/boss-cotton-polo-t-shirt-with-contrast-tipping/p/410311507_820",
            "offer-price": 6150,
            "rating-count": 0,
            "cat1": "Men",
            "cat2": "Western Wear",
            "cat3": "Tshirts",
            "brand": "boss"
        }
    ],
    "ajio": [],
    "": []
}