{
    "trends.ajio": [
        {
            "product-id": "441055486",
            "avg-rating": "",
            "img-url": "https://assets.ajio.com/medias/sys_master/root/20200827/V1SU/5f47b27faeb269ef8eb0d11a/-78Wx98H-441055486-grey-MODEL.jpg",
            "price": 1674,
            "was-price": 2499,
            "name": "Knitted Jacquard Straight Kurta",
            "url": "/w-knitted-jacquard-straight-kurta/p/441055486_grey",
            "offer-price": 1253.4,
            "rating-count": 0,
            "cat1": "Women",
            "cat2": "Ethnic Wear",
            "cat3": "Kurtas",
            "brand": "w"
        },
        {
            "product-id": "441026364",
            "avg-rating": "",
            "img-url": "https://assets.ajio.com/medias/sys_master/root/20200829/iicH/5f495f74aeb269ef8eb374dc/-78Wx98H-441026364-navy-MODEL.jpg",
            "price": 960,
            "was-price": 1999,
            "name": "Textured Flared Skirt",
            "url": "/aurelia-textured-flared-skirt/p/441026364_navy",
            "offer-price": 717.58,
            "rating-count": 0,
            "cat1": "Women",
            "cat2": "Ethnic Wear",
            "cat3": "Skirts & Ghagras",
            "brand": "aurelia"
        },
        {
            "product-id": "441026801",
            "avg-rating": "",
            "img-url": "https://assets.ajio.com/medias/sys_master/root/20200827/P0Hc/5f47aa13f997dd6918adc9bb/-78Wx98H-441026801-maroon-MODEL.jpg",
            "price": 850,
            "was-price": 1699,
            "name": "Embroidered Straight Kurta with Keyhole Neckline",
            "url": "/w-embroidered-straight-kurta-with-keyhole-neckline/p/441026801_maroon",
            "offer-price": 635.35,
            "rating-count": 0,
            "cat1": "Women",
            "cat2": "Ethnic Wear",
            "cat3": "Kurtas",
            "brand": "w"
        },
        {
            "product-id": "441026484",
            "avg-rating": "",
            "img-url": "https://assets.ajio.com/medias/sys_master/root/20200829/xs5X/5f4957e5aeb269ef8eb31da9/-78Wx98H-441026484-black-MODEL.jpg",
            "price": 899,
            "was-price": 899,
            "name": "Mid-Calf Length Pants with Insert Pockets",
            "url": "/aurelia-mid-calf-length-pants-with-insert-pockets/p/441026484_black",
            "offer-price": 671.98,
            "rating-count": 0,
            "cat1": "Women",
            "cat2": "Ethnic Wear",
            "cat3": "Salwars & Churidars",
            "brand": "aurelia"
        },
        {
            "product-id": "441026251",
            "avg-rating": "",
            "img-url": "https://assets.ajio.com/medias/sys_master/root/20200829/rbAV/5f4957717cdb8c76628ec810/-78Wx98H-441026251-offwhite-MODEL.jpg",
            "price": 336,
            "was-price": 1599,
            "name": "Printed Straight Kurta",
            "url": "/aurelia-printed-straight-kurta/p/441026251_offwhite",
            "offer-price": 251.15,
            "rating-count": 0,
            "cat1": "Women",
            "cat2": "Ethnic Wear",
            "cat3": "Kurtas",
            "brand": "aurelia"
        },
        {
            "product-id": "441027128",
            "avg-rating": "",
            "img-url": "https://assets.ajio.com/medias/sys_master/root/20200827/Zztt/5f47a8e4f997dd6918adc2d1/-78Wx98H-441027128-red-MODEL.jpg",
            "price": 728,
            "was-price": 2799,
            "name": "Printed V-neck Flared Kurta",
            "url": "/w-printed-v-neck-flared-kurta/p/441027128_red",
            "offer-price": 544.16,
            "rating-count": 0,
            "cat1": "Women",
            "cat2": "Fusion Wear",
            "cat3": "Kurtas & Kurtis",
            "brand": "w"
        },
        {
            "product-id": "441027123",
            "avg-rating": "",
            "img-url": "https://assets.ajio.com/medias/sys_master/root/20200827/MOwn/5f47b76df997dd6918ae1a4b/-78Wx98H-441027123-peach-MODEL.jpg",
            "price": 2499,
            "was-price": 2499,
            "name": "Printed Straight Kurta with Mandarin Collar",
            "url": "/w-printed-straight-kurta-with-mandarin-collar/p/441027123_peach",
            "offer-price": 541.92,
            "rating-count": 0,
            "cat1": "Women",
            "cat2": "Ethnic Wear",
            "cat3": "Kurtas",
            "brand": "w"
        },
        {
            "product-id": "441028779",
            "avg-rating": "",
            "img-url": "https://assets.ajio.com/medias/sys_master/root/20200821/GTPe/5f3ec8b3f997dd2277a2bfd0/-78Wx98H-441028779-white-MODEL.jpg",
            "price": 499,
            "was-price": 499,
            "name": "Graphic Print Crew-Neck Top",
            "url": "/612-league-graphic-print-crew-neck-top/p/441028779_white",
            "offer-price": 223.49,
            "rating-count": 0,
            "cat1": "Infants",
            "cat2": "Western Wear",
            "cat3": "Tops",
            "brand": "612-league"
        },
        {
            "product-id": "450134723",
            "avg-rating": "",
            "img-url": "https://assets.ajio.com/medias/sys_master/root/20210902/6rNP/612fc7e0f997ddce89b62e42/-78Wx98H-450134723-black-MODEL.jpg",
            "price": 2995,
            "was-price": 2995,
            "name": "Lace-Up Formal Shoes",
            "url": "/red-chief-lace-up-formal-shoes/p/450134723_black",
            "offer-price": 2244.37,
            "rating-count": 0,
            "cat1": "Men",
            "cat2": "Footwear",
            "cat3": "Formal Shoes",
            "brand": "red-chief"
        },
        {
            "product-id": "440718325",
            "avg-rating": "",
            "img-url": "https://assets.ajio.com/medias/sys_master/root/20240318/1Odx/65f85d3916fd2c6e6a678211/-78Wx98H-440718325-brown-MODEL.jpg",
            "price": 599,
            "was-price": 599,
            "name": "IC28 Tactel Microfiber Elastane Stretch Solid Trunk with Moisture Move Treatment",
            "url": "/jockey-ic28-tactel-microfiber-elastane-stretch-solid-trunk-with-moisture-move-treatment/p/440718325_brown",
            "offer-price": 545.09,
            "rating-count": 0,
            "cat1": "Men",
            "cat2": "Inner Wear",
            "cat3": "Trunks",
            "brand": "jockey"
        },
        {
            "product-id": "441077481",
            "avg-rating": "",
            "img-url": "https://assets.ajio.com/medias/sys_master/root/20200821/A7jG/5f3fe59f7cdb8ca2cf9ee492/-78Wx98H-441077481-black-MODEL.jpg",
            "price": 1595,
            "was-price": 1595,
            "name": "K4005 High-Rise Skinny Treggings",
            "url": "/kraus-k4005-high-rise-skinny-treggings/p/441077481_black",
            "offer-price": 596.48,
            "rating-count": 0,
            "cat1": "Women",
            "cat2": "Western Wear",
            "cat3": "Trousers & Pants",
            "brand": "kraus"
        },
        {
            "product-id": "440718325",
            "avg-rating": "",
            "img-url": "https://assets.ajio.com/medias/sys_master/root/20200818/hmEn/5f3bef3ff997dd2277a0d178/-78Wx98H-440718325-purple-MODEL.jpg",
            "price": 599,
            "was-price": 599,
            "name": "IC28 Tactel Microfiber Elastane Stretch Solid Trunk with Moisture Move Treatment",
            "url": "/jockey-ic28-tactel-microfiber-elastane-stretch-solid-trunk-with-moisture-move-treatment/p/440718325_purple",
            "offer-price": 545.09,
            "rating-count": 0,
            "cat1": "Men",
            "cat2": "Inner Wear",
            "cat3": "Trunks",
            "brand": "jockey"
        },
        {
            "product-id": "440944891",
            "avg-rating": "",
            "img-url": "https://assets.ajio.com/medias/sys_master/root/20200814/Khrq/5f35c65d7cdb8ca2cf978492/-78Wx98H-440944891-maroonburg-MODEL.jpg",
            "price": 794,
            "was-price": 1499,
            "name": "Heathered Straight Kurta with Band Collar",
            "url": "/aurelia-heathered-straight-kurta-with-band-collar/p/440944891_maroonburg",
            "offer-price": 593.49,
            "rating-count": 0,
            "cat1": "Women",
            "cat2": "Ethnic Wear",
            "cat3": "Kurtas",
            "brand": "aurelia"
        },
        {
            "product-id": "440944887",
            "avg-rating": "",
            "img-url": "https://assets.ajio.com/medias/sys_master/root/20200812/xmKN/5f32eaa87cdb8ca2cf94c9b9/-78Wx98H-440944887-pink-MODEL.jpg",
            "price": 1499,
            "was-price": 1499,
            "name": "Heathered Straight Kurta with Button Accents",
            "url": "/aurelia-heathered-straight-kurta-with-button-accents/p/440944887_pink",
            "offer-price": 1122.37,
            "rating-count": 0,
            "cat1": "Women",
            "cat2": "Ethnic Wear",
            "cat3": "Kurtas",
            "brand": "aurelia"
        },
        {
            "product-id": "441028413",
            "avg-rating": "",
            "img-url": "https://assets.ajio.com/medias/sys_master/root/20200821/xFRy/5f3ec7037cdb8ca2cf9e8e5a/-78Wx98H-441028413-white-MODEL.jpg",
            "price": 329,
            "was-price": 549,
            "name": "Graphic Print Crew-Neck T-Shirt",
            "url": "/612-league-graphic-print-crew-neck-t-shirt/p/441028413_white",
            "offer-price": 245.92,
            "rating-count": 0,
            "cat1": "Infants",
            "cat2": "Western Wear",
            "cat3": "Tshirts",
            "brand": "612-league"
        },
        {
            "product-id": "450134718",
            "avg-rating": "",
            "img-url": "https://assets.ajio.com/medias/sys_master/root/20210902/cwDN/6130309cf997ddce89b7ab7e/-78Wx98H-450134718-tan-MODEL.jpg",
            "price": 2595,
            "was-price": 2595,
            "name": "Slip-On Strappy Sandals",
            "url": "/red-chief-slip-on-strappy-sandals/p/450134718_tan",
            "offer-price": 1944.62,
            "rating-count": 0,
            "cat1": "Men",
            "cat2": "Footwear",
            "cat3": "Sandals",
            "brand": "red-chief"
        },
        {
            "product-id": "450134718",
            "avg-rating": "",
            "img-url": "https://assets.ajio.com/medias/sys_master/root/20210902/rkPz/612fc7d57cdb8cb82411b56b/-78Wx98H-450134718-black-MODEL.jpg",
            "price": 2595,
            "was-price": 2595,
            "name": "Slip-On Strappy Sandals",
            "url": "/red-chief-slip-on-strappy-sandals/p/450134718_black",
            "offer-price": 1944.62,
            "rating-count": 0,
            "cat1": "Men",
            "cat2": "Footwear",
            "cat3": "Sandals",
            "brand": "red-chief"
        },
        {
            "product-id": "440944871",
            "avg-rating": "",
            "img-url": "https://assets.ajio.com/medias/sys_master/root/20200821/Ooby/5f3ecb78f997dd2277a2d655/-78Wx98H-440944871-orange-MODEL.jpg",
            "price": 1299,
            "was-price": 1299,
            "name": "Straight Kurta with Keyhole Neckline",
            "url": "/aurelia-straight-kurta-with-keyhole-neckline/p/440944871_orange",
            "offer-price": 972.62,
            "rating-count": 0,
            "cat1": "Women",
            "cat2": "Ethnic Wear",
            "cat3": "Kurtas",
            "brand": "aurelia"
        },
        {
            "product-id": "441016199",
            "avg-rating": "",
            "img-url": "https://assets.ajio.com/medias/sys_master/root/20200825/hff3/5f441d687cdb8ca2cfa2b8d8/-78Wx98H-441016199-purple-MODEL.jpg",
            "price": 1899,
            "was-price": 1899,
            "name": "Straight Kurta with Floral Embroidery",
            "url": "/w-straight-kurta-with-floral-embroidery/p/441016199_purple",
            "offer-price": 1421.86,
            "rating-count": 0,
            "cat1": "Women",
            "cat2": "Ethnic Wear",
            "cat3": "Kurtas",
            "brand": "w"
        },
        {
            "product-id": "441028512",
            "avg-rating": "",
            "img-url": "https://assets.ajio.com/medias/sys_master/root/20200821/ODfu/5f3ed09b7cdb8ca2cf9ec967/-78Wx98H-441028512-white-MODEL.jpg",
            "price": 895,
            "was-price": 895,
            "name": "Floral Pattern Fit & Flare Frock",
            "url": "/612-league-floral-pattern-fit-flare-frock/p/441028512_white",
            "offer-price": 401.39,
            "rating-count": 0,
            "cat1": "Infants",
            "cat2": "Western Wear",
            "cat3": "Dresses & Frocks",
            "brand": "612-league"
        },
        {
            "product-id": "441016115",
            "avg-rating": "",
            "img-url": "https://assets.ajio.com/medias/sys_master/root/20200825/lrRR/5f440a85aeb2693e046fd10d/-78Wx98H-441016115-white-MODEL.jpg",
            "price": 1443,
            "was-price": 1899,
            "name": "Printed Straight Kurta with Side Slits",
            "url": "/w-printed-straight-kurta-with-side-slits/p/441016115_white",
            "offer-price": 1080.44,
            "rating-count": 0,
            "cat1": "Women",
            "cat2": "Ethnic Wear",
            "cat3": "Kurtas",
            "brand": "w"
        },
        {
            "product-id": "441016204",
            "avg-rating": "",
            "img-url": "https://assets.ajio.com/medias/sys_master/root/20200825/srjk/5f441501f997dd2277a8540e/-78Wx98H-441016204-red-MODEL.jpg",
            "price": 2499,
            "was-price": 2499,
            "name": "Floral Print Flared Kurta",
            "url": "/w-floral-print-flared-kurta/p/441016204_red",
            "offer-price": 850,
            "rating-count": 0,
            "cat1": "Women",
            "cat2": "Ethnic Wear",
            "cat3": "Kurtas",
            "brand": "w"
        },
        {
            "product-id": "440944826",
            "avg-rating": "",
            "img-url": "https://assets.ajio.com/medias/sys_master/root/20200821/3JaF/5f3ed0627cdb8ca2cf9ec889/-78Wx98H-440944826-red-MODEL.jpg",
            "price": 1499,
            "was-price": 1499,
            "name": "Round-Neck Straight Kurta",
            "url": "/aurelia-round-neck-straight-kurta/p/440944826_red",
            "offer-price": 560.61,
            "rating-count": 0,
            "cat1": "Women",
            "cat2": "Ethnic Wear",
            "cat3": "Kurtas",
            "brand": "aurelia"
        },
        {
            "product-id": "440944861",
            "avg-rating": "",
            "img-url": "https://assets.ajio.com/medias/sys_master/root/20200812/R49q/5f32ed3f7cdb8ca2cf94d8e1/-78Wx98H-440944861-black-MODEL.jpg",
            "price": 1899,
            "was-price": 1899,
            "name": "Woven Straight Kurta with Tassels",
            "url": "/aurelia-woven-straight-kurta-with-tassels/p/440944861_black",
            "offer-price": 1421.86,
            "rating-count": 0,
            "cat1": "Women",
            "cat2": "Ethnic Wear",
            "cat3": "Kurtas",
            "brand": "aurelia"
        },
        {
            "product-id": "440944940",
            "avg-rating": "",
            "img-url": "https://assets.ajio.com/medias/sys_master/root/20200819/bk8g/5f3c1e60f997dd2277a111ca/-78Wx98H-440944940-ltgrey-MODEL.jpg",
            "price": 1599,
            "was-price": 1599,
            "name": "Quilted Zip-Front Jacket with Insert Pockets",
            "url": "/aurelia-quilted-zip-front-jacket-with-insert-pockets/p/440944940_ltgrey",
            "offer-price": 1197.24,
            "rating-count": 0,
            "cat1": "Women",
            "cat2": "Ethnic Wear",
            "cat3": "Jackets",
            "brand": "aurelia"
        },
        {
            "product-id": "440944823",
            "avg-rating": "",
            "img-url": "https://assets.ajio.com/medias/sys_master/root/20200812/OgCe/5f32f0fdf997dd227799b2c2/-78Wx98H-440944823-green-MODEL.jpg",
            "price": 1899,
            "was-price": 1899,
            "name": "Straight Kurta with Motifs",
            "url": "/aurelia-straight-kurta-with-motifs/p/440944823_green",
            "offer-price": 1421.86,
            "rating-count": 0,
            "cat1": "Women",
            "cat2": "Ethnic Wear",
            "cat3": "Kurtas",
            "brand": "aurelia"
        },
        {
            "product-id": "450130923",
            "avg-rating": "",
            "img-url": "https://assets.ajio.com/medias/sys_master/root/20200821/UAwW/5f3feb8aaeb2693e046c7be5/-78Wx98H-450130923-brown-MODEL.jpg",
            "price": 1350,
            "was-price": 2699,
            "name": "Derby Textured Shoes",
            "url": "/lee-cooper-derby-textured-shoes/p/450130923_brown",
            "offer-price": 1010.8,
            "rating-count": 0,
            "cat1": "Men",
            "cat2": "Footwear",
            "cat3": "Formal Shoes",
            "brand": "lee-cooper"
        },
        {
            "product-id": "441066692",
            "avg-rating": "",
            "img-url": "https://assets.ajio.com/medias/sys_master/root/20200821/6Q5U/5f3fe876f997dd2277a35495/-78Wx98H-441066692-coral-MODEL.jpg",
            "price": 4499,
            "was-price": 4499,
            "name": "Printed Anarkali Kurta with Palazzos",
            "url": "/juniper-printed-anarkali-kurta-with-palazzos/p/441066692_coral",
            "offer-price": 3499,
            "rating-count": 0,
            "cat1": "Women",
            "cat2": "Ethnic Wear",
            "cat3": "Kurta Suit Sets",
            "brand": "juniper"
        },
        {
            "product-id": "440944858",
            "avg-rating": "",
            "img-url": "https://assets.ajio.com/medias/sys_master/root/20200814/2pNf/5f35c661f997dd22779c0284/-78Wx98H-440944858-blue-MODEL.jpg",
            "price": 1899,
            "was-price": 1899,
            "name": "Straight Kurta with Motifs & Tie-Up Neckline",
            "url": "/aurelia-straight-kurta-with-motifs-tie-up-neckline/p/440944858_blue",
            "offer-price": 1421.86,
            "rating-count": 0,
            "cat1": "Women",
            "cat2": "Ethnic Wear",
            "cat3": "Kurtas",
            "brand": "aurelia"
        },
        {
            "product-id": "441016063",
            "avg-rating": "",
            "img-url": "https://assets.ajio.com/medias/sys_master/root/20200825/HcHf/5f44117af997dd2277a83352/-78Wx98H-441016063-green-MODEL.jpg",
            "price": 1699,
            "was-price": 1699,
            "name": "Printed Colourblock A-line Kurta",
            "url": "/w-printed-colourblock-a-line-kurta/p/441016063_green",
            "offer-price": 444.75,
            "rating-count": 0,
            "cat1": "Women",
            "cat2": "Ethnic Wear",
            "cat3": "Kurtas",
            "brand": "w"
        },
        {
            "product-id": "441055494",
            "avg-rating": "",
            "img-url": "https://assets.ajio.com/medias/sys_master/root/20200827/LEen/5f47c2b2f997dd6918ae5af2/-78Wx98H-441055494-navy-MODEL.jpg",
            "price": 2999,
            "was-price": 2999,
            "name": "Knitted A-line Kurta with Embroidered Yoke",
            "url": "/w-knitted-a-line-kurta-with-embroidered-yoke/p/441055494_navy",
            "offer-price": 448.48,
            "rating-count": 0,
            "cat1": "Women",
            "cat2": "Ethnic Wear",
            "cat3": "Kurtas",
            "brand": "w"
        },
        {
            "product-id": "440674023",
            "avg-rating": "",
            "img-url": "https://assets.ajio.com/medias/sys_master/root/20200825/0Tgg/5f441009f997dd2277a823d5/-78Wx98H-440674023-assorted-MODEL.jpg",
            "price": 1499,
            "was-price": 1499,
            "name": "Woven Tote Bag with Double Grab Handles",
            "url": "/rio-woven-tote-bag-with-double-grab-handles/p/440674023_assorted",
            "offer-price": 1069.49,
            "rating-count": 0,
            "cat1": "Women",
            "cat2": "Bags, Belts & Wallets",
            "cat3": "Handbags",
            "brand": "rio"
        },
        {
            "product-id": "441028751",
            "avg-rating": "",
            "img-url": "https://assets.ajio.com/medias/sys_master/root/20200821/7uuM/5f3ecf37f997dd2277a30600/-78Wx98H-441028751-fuchsia-MODEL.jpg",
            "price": 395,
            "was-price": 395,
            "name": "Graphic Print Crew-Neck Top with Ruffles",
            "url": "/612-league-graphic-print-crew-neck-top-with-ruffles/p/441028751_fuchsia",
            "offer-price": 236.53,
            "rating-count": 0,
            "cat1": "Infants",
            "cat2": "Western Wear",
            "cat3": "Tops",
            "brand": "612-league"
        },
        {
            "product-id": "441028395",
            "avg-rating": "",
            "img-url": "https://assets.ajio.com/medias/sys_master/root/20200821/FyEZ/5f3ec7edaeb2693e046c116d/-78Wx98H-441028395-ltorange-MODEL.jpg",
            "price": 299,
            "was-price": 499,
            "name": "Graphic Print Crew-Neck T-Shirt",
            "url": "/612-league-graphic-print-crew-neck-t-shirt/p/441028395_ltorange",
            "offer-price": 223.49,
            "rating-count": 0,
            "cat1": "Infants",
            "cat2": "Western Wear",
            "cat3": "Tshirts",
            "brand": "612-league"
        },
        {
            "product-id": "420045240",
            "avg-rating": "",
            "img-url": "https://assets.ajio.com/medias/sys_master/root/20200902/g8nN/5f4e984baeb269ef8eb51e8e/-78Wx98H-420045240-ltblue-MODEL.jpg",
            "price": 600,
            "was-price": 1499,
            "name": "Men Striped Slim Fit Shirt with Band Collar",
            "url": "/john-players-jeans-men-striped-slim-fit-shirt-with-band-collar/p/420045240_ltblue",
            "offer-price": 509.66,
            "rating-count": 0,
            "cat1": "Men",
            "cat2": "Western Wear",
            "cat3": "Shirts",
            "brand": "john-players-jeans"
        },
        {
            "product-id": "450134732",
            "avg-rating": "",
            "img-url": "https://assets.ajio.com/medias/sys_master/root/20210902/ycLe/612fc858f997ddce89b6320d/-78Wx98H-450134732-rust-MODEL.jpg",
            "price": 3595,
            "was-price": 3595,
            "name": "Mid-Top Lace-Up Casual Shoes",
            "url": "/red-chief-mid-top-lace-up-casual-shoes/p/450134732_rust",
            "offer-price": 2694,
            "rating-count": 0,
            "cat1": "Men",
            "cat2": "Footwear",
            "cat3": "Casual Shoes",
            "brand": "red-chief"
        },
        {
            "product-id": "450134719",
            "avg-rating": "",
            "img-url": "https://assets.ajio.com/medias/sys_master/root/20210902/OQHT/612fc7cff997ddce89b62d92/-78Wx98H-450134719-black-MODEL.jpg",
            "price": 2895,
            "was-price": 2895,
            "name": "Derby Formal Shoes",
            "url": "/red-chief-derby-formal-shoes/p/450134719_black",
            "offer-price": 2169.44,
            "rating-count": 0,
            "cat1": "Men",
            "cat2": "Footwear",
            "cat3": "Formal Shoes",
            "brand": "red-chief"
        },
        {
            "product-id": "450134730",
            "avg-rating": "",
            "img-url": "https://assets.ajio.com/medias/sys_master/root/20210902/Fi9x/612ff112aeb269a268866d1f/-78Wx98H-450134730-rust-MODEL.jpg",
            "price": 3495,
            "was-price": 3495,
            "name": "Mid-Top Lace-Up Casual Shoes",
            "url": "/red-chief-mid-top-lace-up-casual-shoes/p/450134730_rust",
            "offer-price": 2619.06,
            "rating-count": 0,
            "cat1": "Men",
            "cat2": "Footwear",
            "cat3": "Casual Shoes",
            "brand": "red-chief"
        },
        {
            "product-id": "450137063",
            "avg-rating": "",
            "img-url": "https://assets.ajio.com/medias/sys_master/root/20210902/C2hv/613025f2aeb269a268869cb8/-78Wx98H-450137063-tan-MODEL.jpg",
            "price": 2445,
            "was-price": 2445,
            "name": "Peep-Toe Leather Casual Sandals",
            "url": "/red-chief-peep-toe-leather-casual-sandals/p/450137063_tan",
            "offer-price": 1832.22,
            "rating-count": 0,
            "cat1": "Men",
            "cat2": "Footwear",
            "cat3": "Sandals",
            "brand": "red-chief"
        },
        {
            "product-id": "440944933",
            "avg-rating": "",
            "img-url": "https://assets.ajio.com/medias/sys_master/root/20200821/9aiO/5f3fe832f997dd2277a351d5/-78Wx98H-440944933-red-MODEL.jpg",
            "price": 1499,
            "was-price": 1499,
            "name": "Heathered Knit Shrug with Full Sleeves",
            "url": "/aurelia-heathered-knit-shrug-with-full-sleeves/p/440944933_red",
            "offer-price": 1122.37,
            "rating-count": 0,
            "cat1": "Women",
            "cat2": "Western Wear",
            "cat3": "Shrugs & Jackets",
            "brand": "aurelia"
        },
        {
            "product-id": "450134738",
            "avg-rating": "",
            "img-url": "https://assets.ajio.com/medias/sys_master/root/20210902/uB1F/6130017af997ddce89b6b2fe/-78Wx98H-450134738-black-MODEL.jpg",
            "price": 2795,
            "was-price": 2795,
            "name": "Slip-On Formal Shoes",
            "url": "/red-chief-slip-on-formal-shoes/p/450134738_black",
            "offer-price": 2094.5,
            "rating-count": 0,
            "cat1": "Men",
            "cat2": "Footwear",
            "cat3": "Formal Shoes",
            "brand": "red-chief"
        },
        {
            "product-id": "450137065",
            "avg-rating": "",
            "img-url": "https://assets.ajio.com/medias/sys_master/root/20210902/NuZ5/612ff01cf997ddce89b690f4/-78Wx98H-450137065-tan-MODEL.jpg",
            "price": 2495,
            "was-price": 2495,
            "name": "Peep-Toe Toe-Ring Flat Sandals",
            "url": "/red-chief-peep-toe-toe-ring-flat-sandals/p/450137065_tan",
            "offer-price": 1869.69,
            "rating-count": 0,
            "cat1": "Men",
            "cat2": "Footwear",
            "cat3": "Sandals",
            "brand": "red-chief"
        },
        {
            "product-id": "450134739",
            "avg-rating": "",
            "img-url": "https://assets.ajio.com/medias/sys_master/root/20210902/rNXg/612fefab7cdb8cb824120c1b/-78Wx98H-450134739-camel-MODEL.jpg",
            "price": 3095,
            "was-price": 3095,
            "name": "Lace-Up Derby Shoes",
            "url": "/red-chief-lace-up-derby-shoes/p/450134739_camel",
            "offer-price": 2319.31,
            "rating-count": 0,
            "cat1": "Men",
            "cat2": "Footwear",
            "cat3": "Formal Shoes",
            "brand": "red-chief"
        },
        {
            "product-id": "450134724",
            "avg-rating": "",
            "img-url": "https://assets.ajio.com/medias/sys_master/root/20210902/PKPc/61303af27cdb8cb824136959/-78Wx98H-450134724-tan-MODEL.jpg",
            "price": 3395,
            "was-price": 3395,
            "name": "Lace-Up Derby Shoes with Braiding",
            "url": "/red-chief-lace-up-derby-shoes-with-braiding/p/450134724_tan",
            "offer-price": 2544.12,
            "rating-count": 0,
            "cat1": "Men",
            "cat2": "Footwear",
            "cat3": "Formal Shoes",
            "brand": "red-chief"
        },
        {
            "product-id": "441028742",
            "avg-rating": "",
            "img-url": "https://assets.ajio.com/medias/sys_master/root/20200821/FJMM/5f3ed061f997dd2277a311e1/-78Wx98H-441028742-seagreen-MODEL.jpg",
            "price": 395,
            "was-price": 395,
            "name": "Floral Print Round Neck T-shirt",
            "url": "/612-league-floral-print-round-neck-t-shirt/p/441028742_seagreen",
            "offer-price": 236.53,
            "rating-count": 0,
            "cat1": "Infants",
            "cat2": "Western Wear",
            "cat3": "Tops",
            "brand": "612-league"
        },
        {
            "product-id": "450138910",
            "avg-rating": "",
            "img-url": "https://assets.ajio.com/medias/sys_master/root/20200825/tlOB/5f4418fe7cdb8ca2cfa2a6c3/-78Wx98H-450138910-rust-MODEL.jpg",
            "price": 2295,
            "was-price": 2295,
            "name": "Textured Slip-On Sandals",
            "url": "/red-chief-textured-slip-on-sandals/p/450138910_rust",
            "offer-price": 1719.81,
            "rating-count": 0,
            "cat1": "Men",
            "cat2": "Footwear",
            "cat3": "Sandals",
            "brand": "red-chief"
        },
        {
            "product-id": "450137065",
            "avg-rating": "",
            "img-url": "https://assets.ajio.com/medias/sys_master/root/20210902/yT3T/612fc858aeb269a268862bcb/-78Wx98H-450137065-black-MODEL.jpg",
            "price": 2495,
            "was-price": 2495,
            "name": "Peep-Toe Toe-Ring Flat Sandals",
            "url": "/red-chief-peep-toe-toe-ring-flat-sandals/p/450137065_black",
            "offer-price": 1869.69,
            "rating-count": 0,
            "cat1": "Men",
            "cat2": "Footwear",
            "cat3": "Sandals",
            "brand": "red-chief"
        },
        {
            "product-id": "450134733",
            "avg-rating": "",
            "img-url": "https://assets.ajio.com/medias/sys_master/root/20210902/hOh4/612ff273f997ddce89b699e1/-78Wx98H-450134733-rust-MODEL.jpg",
            "price": 3495,
            "was-price": 3495,
            "name": "Low-Top Lace-Up Casual Shoes",
            "url": "/red-chief-low-top-lace-up-casual-shoes/p/450134733_rust",
            "offer-price": 2619.06,
            "rating-count": 0,
            "cat1": "Men",
            "cat2": "Footwear",
            "cat3": "Casual Shoes",
            "brand": "red-chief"
        },
        {
            "product-id": "450135525",
            "avg-rating": "",
            "img-url": "https://assets.ajio.com/medias/sys_master/root/20210902/4PCD/612ffb637cdb8cb824121e39/-78Wx98H-450135525-rust-MODEL.jpg",
            "price": 3345,
            "was-price": 3345,
            "name": "Mid-Top Lace-Up Casual Shoes",
            "url": "/red-chief-mid-top-lace-up-casual-shoes/p/450135525_rust",
            "offer-price": 2506.65,
            "rating-count": 0,
            "cat1": "Men",
            "cat2": "Footwear",
            "cat3": "Casual Shoes",
            "brand": "red-chief"
        },
        {
            "product-id": "450134728",
            "avg-rating": "",
            "img-url": "https://assets.ajio.com/medias/sys_master/root/20210902/gdg8/612fe1907cdb8cb82411d537/-78Wx98H-450134728-cognic-MODEL.jpg",
            "price": 3445,
            "was-price": 3445,
            "name": "Panelled Lace-Up Casual Shoes",
            "url": "/red-chief-panelled-lace-up-casual-shoes/p/450134728_cognic",
            "offer-price": 2581.59,
            "rating-count": 0,
            "cat1": "Men",
            "cat2": "Footwear",
            "cat3": "Casual Shoes",
            "brand": "red-chief"
        },
        {
            "product-id": "441026645",
            "avg-rating": "",
            "img-url": "https://assets.ajio.com/medias/sys_master/root/20240506/tJ6t/66389a5005ac7d77bb42adc1/-78Wx98H-441026645-peach-MODEL.jpg",
            "price": 245,
            "was-price": 499,
            "name": "Foil Print Top with Fringes",
            "url": "/gini-jony-foil-print-top-with-fringes/p/441026645_peach",
            "offer-price": 195.61,
            "rating-count": 0,
            "cat1": "Girls",
            "cat2": "Western Wear",
            "cat3": "Tshirts",
            "brand": "gini-jony"
        },
        {
            "product-id": "441019991",
            "avg-rating": "",
            "img-url": "https://assets.ajio.com/medias/sys_master/root/20200821/gjsl/5f3ec77f7cdb8ca2cf9e90a6/-78Wx98H-441019991-navy-MODEL.jpg",
            "price": 298,
            "was-price": 595,
            "name": "Graphic Print Crew-Neck T-Shirt",
            "url": "/612-league-graphic-print-crew-neck-t-shirt/p/441019991_navy",
            "offer-price": 222.75,
            "rating-count": 0,
            "cat1": "Infants",
            "cat2": "Western Wear",
            "cat3": "Tops",
            "brand": "612-league"
        },
        {
            "product-id": "440944821",
            "avg-rating": "",
            "img-url": "https://assets.ajio.com/medias/sys_master/root/20200821/3EpN/5f3fe781f997dd2277a34dd0/-78Wx98H-440944821-blue-MODEL.jpg",
            "price": 1699,
            "was-price": 1699,
            "name": "Straight Kurta with Motifs",
            "url": "/aurelia-straight-kurta-with-motifs/p/440944821_blue",
            "offer-price": 635.35,
            "rating-count": 0,
            "cat1": "Women",
            "cat2": "Ethnic Wear",
            "cat3": "Kurtas",
            "brand": "aurelia"
        },
        {
            "product-id": "441057069",
            "avg-rating": "",
            "img-url": "https://assets.ajio.com/medias/sys_master/root/20200821/v5Sa/5f3ff377f997dd2277a3a29f/-78Wx98H-441057069-ltblue-MODEL.jpg",
            "price": 1049,
            "was-price": 1049,
            "name": "Cold-Shoulder Top with Ruffled Overlay",
            "url": "/kraus-cold-shoulder-top-with-ruffled-overlay/p/441057069_ltblue",
            "offer-price": 392.42,
            "rating-count": 0,
            "cat1": "Women",
            "cat2": "Fusion Wear",
            "cat3": "Shirts, Tops & Tunic",
            "brand": "kraus"
        },
        {
            "product-id": "441016209",
            "avg-rating": "",
            "img-url": "https://assets.ajio.com/medias/sys_master/root/20200825/Ejwb/5f440eecf997dd2277a81b8a/-78Wx98H-441016209-yellow-MODEL.jpg",
            "price": 2799,
            "was-price": 2799,
            "name": "Floral Print Flared Kurta",
            "url": "/w-floral-print-flared-kurta/p/441016209_yellow",
            "offer-price": 523.23,
            "rating-count": 0,
            "cat1": "Women",
            "cat2": "Ethnic Wear",
            "cat3": "Kurtas",
            "brand": "w"
        },
        {
            "product-id": "441028405",
            "avg-rating": "",
            "img-url": "https://assets.ajio.com/medias/sys_master/root/20200821/TNnO/5f3ec7ec7cdb8ca2cf9e9286/-78Wx98H-441028405-red-MODEL.jpg",
            "price": 449,
            "was-price": 449,
            "name": "Graphic Print Crew-Neck T-Shirt",
            "url": "/612-league-graphic-print-crew-neck-t-shirt/p/441028405_red",
            "offer-price": 201.07,
            "rating-count": 0,
            "cat1": "Infants",
            "cat2": "Western Wear",
            "cat3": "Tshirts",
            "brand": "612-league"
        },
        {
            "product-id": "440944894",
            "avg-rating": "",
            "img-url": "https://assets.ajio.com/medias/sys_master/root/20200814/rtA5/5f35cb4d7cdb8ca2cf979ebe/-78Wx98H-440944894-yellow-MODEL.jpg",
            "price": 1499,
            "was-price": 1499,
            "name": "Straight Kurta with Embroidered Yoke",
            "url": "/aurelia-straight-kurta-with-embroidered-yoke/p/440944894_yellow",
            "offer-price": 1122.37,
            "rating-count": 0,
            "cat1": "Women",
            "cat2": "Ethnic Wear",
            "cat3": "Kurtas",
            "brand": "aurelia"
        },
        {
            "product-id": "441016175",
            "avg-rating": "",
            "img-url": "https://assets.ajio.com/medias/sys_master/root/20200827/0359/5f47b7abf997dd6918ae1c21/-78Wx98H-441016175-blue-MODEL.jpg",
            "price": 2254,
            "was-price": 4599,
            "name": "Printed Flared Kurta with Mandarin Collar",
            "url": "/w-printed-flared-kurta-with-mandarin-collar/p/441016175_blue",
            "offer-price": 1689.09,
            "rating-count": 0,
            "cat1": "Women",
            "cat2": "Ethnic Wear",
            "cat3": "Kurtas",
            "brand": "w"
        },
        {
            "product-id": "441016481",
            "avg-rating": "",
            "img-url": "https://assets.ajio.com/medias/sys_master/root/20200827/Rw7L/5f47b157aeb269ef8eb0cbbd/-78Wx98H-441016481-blue-MODEL.jpg",
            "price": 1499,
            "was-price": 1499,
            "name": "Sleeveless Straight Kurta with Embroidered Yoke",
            "url": "/aurelia-sleeveless-straight-kurta-with-embroidered-yoke/p/441016481_blue",
            "offer-price": 448.48,
            "rating-count": 0,
            "cat1": "Women",
            "cat2": "Ethnic Wear",
            "cat3": "Kurtas",
            "brand": "aurelia"
        },
        {
            "product-id": "441028749",
            "avg-rating": "",
            "img-url": "https://assets.ajio.com/medias/sys_master/root/20200821/9Mts/5f3ec1fe7cdb8ca2cf9e6ca1/-78Wx98H-441028749-yellow-MODEL.jpg",
            "price": 237,
            "was-price": 395,
            "name": "Graphic Print Crew-Neck T-Shirt",
            "url": "/612-league-graphic-print-crew-neck-t-shirt/p/441028749_yellow",
            "offer-price": 236.53,
            "rating-count": 0,
            "cat1": "Infants",
            "cat2": "Western Wear",
            "cat3": "Tops",
            "brand": "612-league"
        },
        {
            "product-id": "440958954",
            "avg-rating": "",
            "img-url": "https://assets.ajio.com/medias/sys_master/root/20200821/3yHJ/5f3ecbbeaeb2693e046c2427/-78Wx98H-440958954-green-MODEL.jpg",
            "price": 2999,
            "was-price": 2999,
            "name": "Floral Embroidered A-line Kurta",
            "url": "/w-floral-embroidered-a-line-kurta/p/440958954_green",
            "offer-price": 2247.37,
            "rating-count": 0,
            "cat1": "Women",
            "cat2": "Ethnic Wear",
            "cat3": "Kurtas",
            "brand": "w"
        },
        {
            "product-id": "441020041",
            "avg-rating": "",
            "img-url": "https://assets.ajio.com/medias/sys_master/root/20200821/DJNP/5f3ecc25aeb2693e046c26fa/-78Wx98H-441020041-black-MODEL.jpg",
            "price": 648,
            "was-price": 1295,
            "name": "Graphic Print Crew-Neck Sweatshirt",
            "url": "/612-league-graphic-print-crew-neck-sweatshirt/p/441020041_black",
            "offer-price": 484.36,
            "rating-count": 0,
            "cat1": "Girls",
            "cat2": "Western Wear",
            "cat3": "Sweatshirts & Hoodie",
            "brand": "612-league"
        },
        {
            "product-id": "441065361",
            "avg-rating": "",
            "img-url": "https://assets.ajio.com/medias/sys_master/root/20200821/zaRI/5f3ec248f997dd2277a27e61/-78Wx98H-441065361-navy-MODEL.jpg",
            "price": 600,
            "was-price": 1199,
            "name": "Floral Pattern Fit & Flare Frock with Ruffles",
            "url": "/612-league-floral-pattern-fit-flare-frock-with-ruffles/p/441065361_navy",
            "offer-price": 448.48,
            "rating-count": 0,
            "cat1": "Girls",
            "cat2": "Western Wear",
            "cat3": "Dresses & Frocks",
            "brand": "612-league"
        },
        {
            "product-id": "441009418",
            "avg-rating": "",
            "img-url": "https://assets.ajio.com/medias/sys_master/root/20200821/lsfj/5f3ec2c9aeb2693e046befb9/-78Wx98H-441009418-navy-MODEL.jpg",
            "price": 1599,
            "was-price": 1599,
            "name": "Panelled Round-Neck Top",
            "url": "/madame-panelled-round-neck-top/p/441009418_navy",
            "offer-price": 1197.24,
            "rating-count": 0,
            "cat1": "Women",
            "cat2": "Western Wear",
            "cat3": "Tops",
            "brand": "madame"
        },
        {
            "product-id": "441021506",
            "avg-rating": "",
            "img-url": "https://assets.ajio.com/medias/sys_master/root/h87/hb7/15103775342622/-78Wx98H-441021506-burgandy-MODEL.jpg",
            "price": 1999,
            "was-price": 1999,
            "name": "Hooded Sweater with Kangaroo Pockets",
            "url": "/aero-jeans-hooded-sweater-with-kangaroo-pockets/p/441021506_burgandy",
            "offer-price": 1498,
            "rating-count": 0,
            "cat1": "Men",
            "cat2": "Western Wear",
            "cat3": "Sweaters & Cardigans",
            "brand": "aero-jeans"
        },
        {
            "product-id": "441072046",
            "avg-rating": "",
            "img-url": "https://assets.ajio.com/medias/sys_master/root/20200821/nqhn/5f3ecca3aeb2693e046c2c3e/-78Wx98H-441072046-navy-MODEL.jpg",
            "price": 717,
            "was-price": 1195,
            "name": "Floral Pattern Fit & Flare Frock",
            "url": "/612-league-floral-pattern-fit-flare-frock/p/441072046_navy",
            "offer-price": 446.99,
            "rating-count": 0,
            "cat1": "Girls",
            "cat2": "Western Wear",
            "cat3": "Dresses & Frocks",
            "brand": "612-league"
        },
        {
            "product-id": "441021446",
            "avg-rating": "",
            "img-url": "https://assets.ajio.com/medias/sys_master/root/he1/he6/15100942090270/-78Wx98H-441021446-darkblue-MODEL.jpg",
            "price": 1799,
            "was-price": 1799,
            "name": "Mid-Wash Skinny Fit Jeans",
            "url": "/aero-jeans-mid-wash-skinny-fit-jeans/p/441021446_darkblue",
            "offer-price": 1346.99,
            "rating-count": 0,
            "cat1": "Men",
            "cat2": "Western Wear",
            "cat3": "Jeans",
            "brand": "aero-jeans"
        },
        {
            "product-id": "441028411",
            "avg-rating": "",
            "img-url": "https://assets.ajio.com/medias/sys_master/root/20200821/4boh/5f3ec6c4aeb2693e046c0c32/-78Wx98H-441028411-red-MODEL.jpg",
            "price": 269,
            "was-price": 449,
            "name": "Graphic Print Crew-Neck T-Shirt",
            "url": "/612-league-graphic-print-crew-neck-t-shirt/p/441028411_red",
            "offer-price": 201.07,
            "rating-count": 0,
            "cat1": "Infants",
            "cat2": "Western Wear",
            "cat3": "Tshirts",
            "brand": "612-league"
        },
        {
            "product-id": "441019993",
            "avg-rating": "",
            "img-url": "https://assets.ajio.com/medias/sys_master/root/20200821/OjVA/5f3eca81f997dd2277a2cca7/-78Wx98H-441019993-fuchsia-MODEL.jpg",
            "price": 298,
            "was-price": 595,
            "name": "Graphic Print Crew-Neck T-Shirt",
            "url": "/612-league-graphic-print-crew-neck-t-shirt/p/441019993_fuchsia",
            "offer-price": 222.75,
            "rating-count": 0,
            "cat1": "Infants",
            "cat2": "Western Wear",
            "cat3": "Tops",
            "brand": "612-league"
        },
        {
            "product-id": "441028741",
            "avg-rating": "",
            "img-url": "https://assets.ajio.com/medias/sys_master/root/20200822/l8nf/5f40131c7cdb8ca2cf9f2467/-78Wx98H-441028741-fuchsia-MODEL.jpg",
            "price": 445,
            "was-price": 445,
            "name": "Floral Round-Neck Lace Top",
            "url": "/612-league-floral-round-neck-lace-top/p/441028741_fuchsia",
            "offer-price": 199.58,
            "rating-count": 0,
            "cat1": "Infants",
            "cat2": "Western Wear",
            "cat3": "Tops",
            "brand": "612-league"
        },
        {
            "product-id": "441028408",
            "avg-rating": "",
            "img-url": "https://assets.ajio.com/medias/sys_master/root/20200821/G3sP/5f3ec839f997dd2277a2bc49/-78Wx98H-441028408-red-MODEL.jpg",
            "price": 449,
            "was-price": 449,
            "name": "Graphic Print Crew-Neck T-Shirt",
            "url": "/612-league-graphic-print-crew-neck-t-shirt/p/441028408_red",
            "offer-price": 201.07,
            "rating-count": 0,
            "cat1": "Infants",
            "cat2": "Western Wear",
            "cat3": "Tshirts",
            "brand": "612-league"
        },
        {
            "product-id": "450134911",
            "avg-rating": "",
            "img-url": "https://assets.ajio.com/medias/sys_master/root/20200821/HkmD/5f3ed155f997dd2277a319c3/-78Wx98H-450134911-gold-MODEL.jpg",
            "price": 1899,
            "was-price": 1899,
            "name": "Embellished Chunky Heels with Ankle Strap",
            "url": "/monrow-embellished-chunky-heels-with-ankle-strap/p/450134911_gold",
            "offer-price": 1421.86,
            "rating-count": 0,
            "cat1": "Women",
            "cat2": "Footwear",
            "cat3": "Heeled Sandals",
            "brand": "monrow"
        },
        {
            "product-id": "441020051",
            "avg-rating": "",
            "img-url": "https://assets.ajio.com/medias/sys_master/root/20200821/1tgd/5f3ecb387cdb8ca2cf9ea101/-78Wx98H-441020051-black-MODEL.jpg",
            "price": 723,
            "was-price": 1445,
            "name": "Graphic Print Hooded Pullover",
            "url": "/612-league-graphic-print-hooded-pullover/p/441020051_black",
            "offer-price": 540.42,
            "rating-count": 0,
            "cat1": "Girls",
            "cat2": "Western Wear",
            "cat3": "Sweatshirts & Hoodie",
            "brand": "612-league"
        },
        {
            "product-id": "441028357",
            "avg-rating": "",
            "img-url": "https://assets.ajio.com/medias/sys_master/root/20200821/lyAB/5f3ec7b4aeb2693e046c1075/-78Wx98H-441028357-navy-MODEL.jpg",
            "price": 445,
            "was-price": 445,
            "name": "Graphic Print Crew-Neck T-Shirt",
            "url": "/612-league-graphic-print-crew-neck-t-shirt/p/441028357_navy",
            "offer-price": 199.58,
            "rating-count": 0,
            "cat1": "Infants",
            "cat2": "Western Wear",
            "cat3": "Tshirts",
            "brand": "612-league"
        },
        {
            "product-id": "441019828",
            "avg-rating": "",
            "img-url": "https://assets.ajio.com/medias/sys_master/root/20200821/StzR/5f3ec291aeb2693e046bee57/-78Wx98H-441019828-mustard-MODEL.jpg",
            "price": 698,
            "was-price": 1395,
            "name": "Floral Print Dungarees with Bell Sleeves",
            "url": "/612-league-floral-print-dungarees-with-bell-sleeves/p/441019828_mustard",
            "offer-price": 521.74,
            "rating-count": 0,
            "cat1": "Girls",
            "cat2": "Western Wear",
            "cat3": "Dresses & Frocks",
            "brand": "612-league"
        },
        {
            "product-id": "441028400",
            "avg-rating": "",
            "img-url": "https://assets.ajio.com/medias/sys_master/root/20200821/IUdj/5f3ec91a7cdb8ca2cf9e972d/-78Wx98H-441028400-royal-MODEL.jpg",
            "price": 269,
            "was-price": 449,
            "name": "Graphic Print Crew-Neck T-Shirt",
            "url": "/612-league-graphic-print-crew-neck-t-shirt/p/441028400_royal",
            "offer-price": 201.07,
            "rating-count": 0,
            "cat1": "Infants",
            "cat2": "Western Wear",
            "cat3": "Tshirts",
            "brand": "612-league"
        },
        {
            "product-id": "441028736",
            "avg-rating": "",
            "img-url": "https://assets.ajio.com/medias/sys_master/root/20200821/66uI/5f3ec29f7cdb8ca2cf9e7185/-78Wx98H-441028736-seagreen-MODEL.jpg",
            "price": 395,
            "was-price": 395,
            "name": "Floral Print Sleeveless Top",
            "url": "/612-league-floral-print-sleeveless-top/p/441028736_seagreen",
            "offer-price": 236.53,
            "rating-count": 0,
            "cat1": "Infants",
            "cat2": "Western Wear",
            "cat3": "Tops",
            "brand": "612-league"
        },
        {
            "product-id": "441067530",
            "avg-rating": "",
            "img-url": "https://assets.ajio.com/medias/sys_master/root/20200821/iLCZ/5f3ff02f7cdb8ca2cf9f11f8/-78Wx98H-441067530-black-MODEL.jpg",
            "price": 1049,
            "was-price": 1049,
            "name": "Striped Top with Drop Sleeves",
            "url": "/kraus-striped-top-with-drop-sleeves/p/441067530_black",
            "offer-price": 392.42,
            "rating-count": 0,
            "cat1": "Women",
            "cat2": "Fusion Wear",
            "cat3": "Shirts, Tops & Tunic",
            "brand": "kraus"
        },
        {
            "product-id": "441028780",
            "avg-rating": "",
            "img-url": "https://assets.ajio.com/medias/sys_master/root/20200821/fGMk/5f3ed1c3aeb2693e046c4f79/-78Wx98H-441028780-peach-MODEL.jpg",
            "price": 549,
            "was-price": 549,
            "name": "Round Neck Top",
            "url": "/612-league-round-neck-top/p/441028780_peach",
            "offer-price": 245.92,
            "rating-count": 0,
            "cat1": "Infants",
            "cat2": "Western Wear",
            "cat3": "Tops",
            "brand": "612-league"
        },
        {
            "product-id": "450134726",
            "avg-rating": "",
            "img-url": "https://assets.ajio.com/medias/sys_master/root/20210902/uMC9/6130017af997ddce89b6b301/-78Wx98H-450134726-cognic-MODEL.jpg",
            "price": 3445,
            "was-price": 3445,
            "name": "Panelled Lace-Up Casual Shoes",
            "url": "/red-chief-panelled-lace-up-casual-shoes/p/450134726_cognic",
            "offer-price": 2581.59,
            "rating-count": 0,
            "cat1": "Men",
            "cat2": "Footwear",
            "cat3": "Casual Shoes",
            "brand": "red-chief"
        },
        {
            "product-id": "441030306",
            "avg-rating": "",
            "img-url": "https://assets.ajio.com/medias/sys_master/root/20200827/bQxY/5f47b2c0aeb269ef8eb0d335/-78Wx98H-441030306-black-MODEL.jpg",
            "price": 1499,
            "was-price": 1499,
            "name": "Straight Kurta with Mandarin Collar",
            "url": "/w-straight-kurta-with-mandarin-collar/p/441030306_black",
            "offer-price": 1122.37,
            "rating-count": 0,
            "cat1": "Women",
            "cat2": "Ethnic Wear",
            "cat3": "Kurtas",
            "brand": "w"
        },
        {
            "product-id": "441021450",
            "avg-rating": "",
            "img-url": "https://assets.ajio.com/medias/sys_master/root/h24/h25/15100046802974/-78Wx98H-441021450-darknavy-MODEL.jpg",
            "price": 1799,
            "was-price": 1799,
            "name": "Checked Shirt with Button-Down Collar",
            "url": "/aero-jeans-checked-shirt-with-button-down-collar/p/441021450_darknavy",
            "offer-price": 1346.99,
            "rating-count": 0,
            "cat1": "Men",
            "cat2": "Western Wear",
            "cat3": "Shirts",
            "brand": "aero-jeans"
        },
        {
            "product-id": "441055519",
            "avg-rating": "",
            "img-url": "https://assets.ajio.com/medias/sys_master/root/20200827/LOnA/5f47c0cff997dd6918ae500e/-78Wx98H-441055519-pink-MODEL.jpg",
            "price": 400,
            "was-price": 2499,
            "name": "Knitted Jacquard Straight Kurta",
            "url": "/w-knitted-jacquard-straight-kurta/p/441055519_pink",
            "offer-price": 298.99,
            "rating-count": 0,
            "cat1": "Women",
            "cat2": "Ethnic Wear",
            "cat3": "Kurtas",
            "brand": "w"
        },
        {
            "product-id": "420045240",
            "avg-rating": "",
            "img-url": "https://assets.ajio.com/medias/sys_master/root/20200902/N87B/5f4e9a2aaeb269ef8eb5285b/-78Wx98H-420045240-green-MODEL.jpg",
            "price": 600,
            "was-price": 1499,
            "name": "Men Striped Slim Fit Shirt with Band Collar",
            "url": "/john-players-jeans-men-striped-slim-fit-shirt-with-band-collar/p/420045240_green",
            "offer-price": 509.66,
            "rating-count": 0,
            "cat1": "Men",
            "cat2": "Western Wear",
            "cat3": "Shirts",
            "brand": "john-players-jeans"
        },
        {
            "product-id": "441016723",
            "avg-rating": "",
            "img-url": "https://assets.ajio.com/medias/sys_master/root/20200825/xYuL/5f4418baaeb2693e047013f3/-78Wx98H-441016723-pink-MODEL.jpg",
            "price": 4599,
            "was-price": 4599,
            "name": "Textured A-line Kurta with Cropped Pants & Dupatta",
            "url": "/aurelia-textured-a-line-kurta-with-cropped-pants-dupatta/p/441016723_pink",
            "offer-price": 861.06,
            "rating-count": 0,
            "cat1": "Women",
            "cat2": "Ethnic Wear",
            "cat3": "Kurta Suit Sets",
            "brand": "aurelia"
        },
        {
            "product-id": "441024928",
            "avg-rating": "",
            "img-url": "https://assets.ajio.com/medias/sys_master/root/20200821/J1HL/5f3eca457cdb8ca2cf9e9bbc/-78Wx98H-441024928-pink-MODEL.jpg",
            "price": 1999,
            "was-price": 1999,
            "name": "Floral Print Open-Front Jacket",
            "url": "/rangriti-floral-print-open-front-jacket/p/441024928_pink",
            "offer-price": 463.43,
            "rating-count": 0,
            "cat1": "Women",
            "cat2": "Ethnic Wear",
            "cat3": "Jackets",
            "brand": "rangriti"
        },
        {
            "product-id": "441055538",
            "avg-rating": "",
            "img-url": "https://assets.ajio.com/medias/sys_master/root/20200827/t9Jc/5f47ba3c7cdb8c76628d2ee2/-78Wx98H-441055538-jetblack-MODEL.jpg",
            "price": 2499,
            "was-price": 2499,
            "name": "Knitted Jacquard Straight Kurta",
            "url": "/w-knitted-jacquard-straight-kurta/p/441055538_jetblack",
            "offer-price": 1872.68,
            "rating-count": 0,
            "cat1": "Women",
            "cat2": "Ethnic Wear",
            "cat3": "Kurtas",
            "brand": "w"
        },
        {
            "product-id": "441065354",
            "avg-rating": "",
            "img-url": "https://assets.ajio.com/medias/sys_master/root/20200821/Njwg/5f3ecbafaeb2693e046c233a/-78Wx98H-441065354-black-MODEL.jpg",
            "price": 576,
            "was-price": 1199,
            "name": "Floral Pattern Fit & Flare Frock",
            "url": "/612-league-floral-pattern-fit-flare-frock/p/441065354_black",
            "offer-price": 430.55,
            "rating-count": 0,
            "cat1": "Girls",
            "cat2": "Western Wear",
            "cat3": "Dresses & Frocks",
            "brand": "612-league"
        },
        {
            "product-id": "420045241",
            "avg-rating": "",
            "img-url": "https://assets.ajio.com/medias/sys_master/root/20200902/j6Ac/5f4e9489aeb269ef8eb5087a/-78Wx98H-420045241-red-MODEL.jpg",
            "price": 600,
            "was-price": 1499,
            "name": "Men Striped Slim Fit Shirt with Button-Down Collar",
            "url": "/john-players-jeans-men-striped-slim-fit-shirt-with-button-down-collar/p/420045241_red",
            "offer-price": 509.66,
            "rating-count": 0,
            "cat1": "Men",
            "cat2": "Western Wear",
            "cat3": "Shirts",
            "brand": "john-players-jeans"
        },
        {
            "product-id": "441034200",
            "avg-rating": "",
            "img-url": "https://assets.ajio.com/medias/sys_master/root/20200827/zdEA/5f47a780aeb269ef8eb0964e/-78Wx98H-441034200-white-MODEL.jpg",
            "price": 777,
            "was-price": 1295,
            "name": "Hoodie with Sleeve Tie-Ups",
            "url": "/612-league-hoodie-with-sleeve-tie-ups/p/441034200_white",
            "offer-price": 580.79,
            "rating-count": 0,
            "cat1": "Girls",
            "cat2": "Western Wear",
            "cat3": "Sweatshirts & Hoodie",
            "brand": "612-league"
        },
        {
            "product-id": "450134723",
            "avg-rating": "",
            "img-url": "https://assets.ajio.com/medias/sys_master/root/20210902/2frT/612fc7e0f997ddce89b62e3e/-78Wx98H-450134723-rust-MODEL.jpg",
            "price": 2995,
            "was-price": 2995,
            "name": "Lace-Up Shoes with Braiding",
            "url": "/red-chief-lace-up-shoes-with-braiding/p/450134723_rust",
            "offer-price": 2244.37,
            "rating-count": 0,
            "cat1": "Men",
            "cat2": "Footwear",
            "cat3": "Formal Shoes",
            "brand": "red-chief"
        },
        {
            "product-id": "441073315",
            "avg-rating": "",
            "img-url": "https://assets.ajio.com/medias/sys_master/root/20200827/FLy3/5f47ce647cdb8c76628d6c73/-78Wx98H-441073315-pink-MODEL.jpg",
            "price": 648,
            "was-price": 1295,
            "name": "Floral Print Fit & Flare Dress with Tie-Up",
            "url": "/612-league-floral-print-fit-flare-dress-with-tie-up/p/441073315_pink",
            "offer-price": 484.36,
            "rating-count": 0,
            "cat1": "Girls",
            "cat2": "Western Wear",
            "cat3": "Dresses & Frocks",
            "brand": "612-league"
        },
        {
            "product-id": "420046265",
            "avg-rating": "",
            "img-url": "https://assets.ajio.com/medias/sys_master/root/20200902/pciK/5f4e9c80f997dd6918b204fd/-78Wx98H-420046265-olive-MODEL.jpg",
            "price": 1299,
            "was-price": 1299,
            "name": "Striped Button-Down Slim Fit Shirt with Patch Pocket",
            "url": "/john-players-striped-button-down-slim-fit-shirt-with-patch-pocket/p/420046265_olive",
            "offer-price": 441.66,
            "rating-count": 0,
            "cat1": "Men",
            "cat2": "Western Wear",
            "cat3": "Shirts",
            "brand": "john-players"
        },
        {
            "product-id": "441026367",
            "avg-rating": "",
            "img-url": "https://assets.ajio.com/medias/sys_master/root/20200829/eY8t/5f495d89aeb269ef8eb36930/-78Wx98H-441026367-teal-MODEL.jpg",
            "price": 920,
            "was-price": 1999,
            "name": "Printed A-line Skirt",
            "url": "/aurelia-printed-a-line-skirt/p/441026367_teal",
            "offer-price": 687.68,
            "rating-count": 0,
            "cat1": "Women",
            "cat2": "Ethnic Wear",
            "cat3": "Skirts & Ghagras",
            "brand": "aurelia"
        },
        {
            "product-id": "441016080",
            "avg-rating": "",
            "img-url": "https://assets.ajio.com/medias/sys_master/root/20200827/0qJu/5f47bf64aeb269ef8eb11b6a/-78Wx98H-441016080-blue-MODEL.jpg",
            "price": 1699,
            "was-price": 1699,
            "name": "Floral Print Straight Kurta",
            "url": "/w-floral-print-straight-kurta/p/441016080_blue",
            "offer-price": 444.75,
            "rating-count": 0,
            "cat1": "Women",
            "cat2": "Ethnic Wear",
            "cat3": "Kurtas",
            "brand": "w"
        },
        {
            "product-id": "441026237",
            "avg-rating": "",
            "img-url": "https://assets.ajio.com/medias/sys_master/root/20200829/Xu47/5f494db0aeb269ef8eb2afbc/-78Wx98H-441026237-offwhite-MODEL.jpg",
            "price": 600,
            "was-price": 1499,
            "name": "Printed Straight Kurta",
            "url": "/aurelia-printed-straight-kurta/p/441026237_offwhite",
            "offer-price": 448.48,
            "rating-count": 0,
            "cat1": "Women",
            "cat2": "Ethnic Wear",
            "cat3": "Kurtas",
            "brand": "aurelia"
        },
        {
            "product-id": "450138911",
            "avg-rating": "",
            "img-url": "https://assets.ajio.com/medias/sys_master/root/20210902/6d1l/612ff2f1f997ddce89b69aec/-78Wx98H-450138911-rust-MODEL.jpg",
            "price": 2395,
            "was-price": 2395,
            "name": "Strappy Sandals with Velcro Fastening",
            "url": "/red-chief-strappy-sandals-with-velcro-fastening/p/450138911_rust",
            "offer-price": 1794.75,
            "rating-count": 0,
            "cat1": "Men",
            "cat2": "Footwear",
            "cat3": "Sandals",
            "brand": "red-chief"
        },
        {
            "product-id": "441004401",
            "avg-rating": "",
            "img-url": "https://assets.ajio.com/medias/sys_master/root/20200814/Ftrw/5f358e21f997dd22779bdbc0/-78Wx98H-441004401-grey-MODEL.jpg",
            "price": 859,
            "was-price": 859,
            "name": "Checked Bermudas with Insert Pockets",
            "url": "/jockey-checked-bermudas-with-insert-pockets/p/441004401_grey",
            "offer-price": 781.69,
            "rating-count": 0,
            "cat1": "Men",
            "cat2": "Night & Lounge Wear",
            "cat3": "Shorts",
            "brand": "jockey"
        },
        {
            "product-id": "450134727",
            "avg-rating": "",
            "img-url": "https://assets.ajio.com/medias/sys_master/root/20210902/s6Ax/612ff79d7cdb8cb824121a0f/-78Wx98H-450134727-camel-MODEL.jpg",
            "price": 3095,
            "was-price": 3095,
            "name": "Lace-Up Derby Shoes",
            "url": "/red-chief-lace-up-derby-shoes/p/450134727_camel",
            "offer-price": 2319.31,
            "rating-count": 0,
            "cat1": "Men",
            "cat2": "Footwear",
            "cat3": "Formal Shoes",
            "brand": "red-chief"
        },
        {
            "product-id": "441028404",
            "avg-rating": "",
            "img-url": "https://assets.ajio.com/medias/sys_master/root/20200821/hZL5/5f3ec7037cdb8ca2cf9e8e58/-78Wx98H-441028404-black-MODEL.jpg",
            "price": 449,
            "was-price": 449,
            "name": "Graphic Print Crew-Neck T-Shirt",
            "url": "/612-league-graphic-print-crew-neck-t-shirt/p/441028404_black",
            "offer-price": 201.07,
            "rating-count": 0,
            "cat1": "Infants",
            "cat2": "Western Wear",
            "cat3": "Tshirts",
            "brand": "612-league"
        },
        {
            "product-id": "441028763",
            "avg-rating": "",
            "img-url": "https://assets.ajio.com/medias/sys_master/root/20200822/kf7W/5f401318aeb2693e046c9fc9/-78Wx98H-441028763-offwhite-MODEL.jpg",
            "price": 267,
            "was-price": 445,
            "name": "Graphic Print Round-Neck Top",
            "url": "/612-league-graphic-print-round-neck-top/p/441028763_offwhite",
            "offer-price": 199.58,
            "rating-count": 0,
            "cat1": "Infants",
            "cat2": "Western Wear",
            "cat3": "Tops",
            "brand": "612-league"
        },
        {
            "product-id": "441026159",
            "avg-rating": "",
            "img-url": "https://assets.ajio.com/medias/sys_master/root/20200829/uGvZ/5f494ddaaeb269ef8eb2b280/-78Wx98H-441026159-green-MODEL.jpg",
            "price": 1999,
            "was-price": 1999,
            "name": "Printed Straight Kurta",
            "url": "/aurelia-printed-straight-kurta/p/441026159_green",
            "offer-price": 433.54,
            "rating-count": 0,
            "cat1": "Women",
            "cat2": "Ethnic Wear",
            "cat3": "Kurtas",
            "brand": "aurelia"
        },
        {
            "product-id": "441026240",
            "avg-rating": "",
            "img-url": "https://assets.ajio.com/medias/sys_master/root/20200829/9Oy6/5f49564b7cdb8c76628ec2fc/-78Wx98H-441026240-white-MODEL.jpg",
            "price": 1599,
            "was-price": 1599,
            "name": "Printed Straight Kurta",
            "url": "/aurelia-printed-straight-kurta/p/441026240_white",
            "offer-price": 263.11,
            "rating-count": 0,
            "cat1": "Women",
            "cat2": "Ethnic Wear",
            "cat3": "Kurtas",
            "brand": "aurelia"
        },
        {
            "product-id": "441026642",
            "avg-rating": "",
            "img-url": "https://assets.ajio.com/medias/sys_master/root/20240115/eSRe/65a4ef0c8cdf1e0df5b424e5/-78Wx98H-441026642-white-MODEL.jpg",
            "price": 499,
            "was-price": 499,
            "name": "Metallic Print High-Low Round-Neck T-shirt",
            "url": "/gini-jony-metallic-print-high-low-round-neck-t-shirt/p/441026642_white",
            "offer-price": 372.99,
            "rating-count": 0,
            "cat1": "Girls",
            "cat2": "Western Wear",
            "cat3": "Tshirts",
            "brand": "gini-jony"
        },
        {
            "product-id": "441026361",
            "avg-rating": "",
            "img-url": "https://assets.ajio.com/medias/sys_master/root/20200829/wPwB/5f494dab7cdb8c76628e7bef/-78Wx98H-441026361-white-MODEL.jpg",
            "price": 1999,
            "was-price": 1999,
            "name": "Textured A-line Skirt",
            "url": "/aurelia-textured-a-line-skirt/p/441026361_white",
            "offer-price": 284.04,
            "rating-count": 0,
            "cat1": "Women",
            "cat2": "Ethnic Wear",
            "cat3": "Skirts & Ghagras",
            "brand": "aurelia"
        },
        {
            "product-id": "441026238",
            "avg-rating": "",
            "img-url": "https://assets.ajio.com/medias/sys_master/root/20200829/vAQj/5f49573d7cdb8c76628ec775/-78Wx98H-441026238-yellow-MODEL.jpg",
            "price": 338,
            "was-price": 1299,
            "name": "Printed Straight Kurta",
            "url": "/aurelia-printed-straight-kurta/p/441026238_yellow",
            "offer-price": 252.65,
            "rating-count": 0,
            "cat1": "Women",
            "cat2": "Ethnic Wear",
            "cat3": "Kurtas",
            "brand": "aurelia"
        },
        {
            "product-id": "441026168",
            "avg-rating": "",
            "img-url": "https://assets.ajio.com/medias/sys_master/root/20200829/aUE9/5f494db0aeb269ef8eb2afbb/-78Wx98H-441026168-black-MODEL.jpg",
            "price": 1199,
            "was-price": 1199,
            "name": "Straight Kurta with Mandarin Collar",
            "url": "/aurelia-straight-kurta-with-mandarin-collar/p/441026168_black",
            "offer-price": 897.74,
            "rating-count": 0,
            "cat1": "Women",
            "cat2": "Ethnic Wear",
            "cat3": "Kurtas",
            "brand": "aurelia"
        },
        {
            "product-id": "441026495",
            "avg-rating": "",
            "img-url": "https://assets.ajio.com/medias/sys_master/root/20200829/llWw/5f495735f997dd6918b0156f/-78Wx98H-441026495-navy-MODEL.jpg",
            "price": 1499,
            "was-price": 1499,
            "name": "Mid-Rise Palazzos with Elasticated Waist",
            "url": "/aurelia-mid-rise-palazzos-with-elasticated-waist/p/441026495_navy",
            "offer-price": 638.34,
            "rating-count": 0,
            "cat1": "Women",
            "cat2": "Ethnic Wear",
            "cat3": "Salwars & Churidars",
            "brand": "aurelia"
        },
        {
            "product-id": "441016737",
            "avg-rating": "",
            "img-url": "https://assets.ajio.com/medias/sys_master/root/20200825/vxM7/5f440b24f997dd2277a7fec3/-78Wx98H-441016737-red-MODEL.jpg",
            "price": 3999,
            "was-price": 3999,
            "name": "Printed Straight Kurta with Jacket & Palazzos",
            "url": "/aurelia-printed-straight-kurta-with-jacket-palazzos/p/441016737_red",
            "offer-price": 748.74,
            "rating-count": 0,
            "cat1": "Women",
            "cat2": "Ethnic Wear",
            "cat3": "Kurta Suit Sets",
            "brand": "aurelia"
        },
        {
            "product-id": "441028771",
            "avg-rating": "",
            "img-url": "https://assets.ajio.com/medias/sys_master/root/20200821/7xlW/5f3ece7faeb2693e046c3a8f/-78Wx98H-441028771-limeyellow-MODEL.jpg",
            "price": 237,
            "was-price": 395,
            "name": "Graphic Print Crew-Neck T-Shirt",
            "url": "/612-league-graphic-print-crew-neck-t-shirt/p/441028771_limeyellow",
            "offer-price": 236.53,
            "rating-count": 0,
            "cat1": "Infants",
            "cat2": "Western Wear",
            "cat3": "Tops",
            "brand": "612-league"
        },
        {
            "product-id": "441019992",
            "avg-rating": "",
            "img-url": "https://assets.ajio.com/medias/sys_master/root/20200821/EuiR/5f3ec1f5aeb2693e046bea27/-78Wx98H-441019992-coral-MODEL.jpg",
            "price": 298,
            "was-price": 595,
            "name": "Graphic Print Crew-Neck T-Shirt",
            "url": "/612-league-graphic-print-crew-neck-t-shirt/p/441019992_coral",
            "offer-price": 222.75,
            "rating-count": 0,
            "cat1": "Girls",
            "cat2": "Western Wear",
            "cat3": "Tops & Tunics",
            "brand": "612-league"
        },
        {
            "product-id": "441021505",
            "avg-rating": "",
            "img-url": "https://assets.ajio.com/medias/sys_master/root/hd3/h99/15103770755102/-78Wx98H-441021505-darkgrey-MODEL.jpg",
            "price": 1999,
            "was-price": 1999,
            "name": "Ribbed Hooded Sweater with Kangaroo Pockets",
            "url": "/aero-jeans-ribbed-hooded-sweater-with-kangaroo-pockets/p/441021505_darkgrey",
            "offer-price": 448.48,
            "rating-count": 0,
            "cat1": "Men",
            "cat2": "Western Wear",
            "cat3": "Sweaters & Cardigans",
            "brand": "aero-jeans"
        },
        {
            "product-id": "441017672",
            "avg-rating": "",
            "img-url": "https://assets.ajio.com/medias/sys_master/root/20200825/YVj2/5f440f17f997dd2277a81cf5/-78Wx98H-441017672-blue-MODEL.jpg",
            "price": 1499,
            "was-price": 1499,
            "name": "Straight Kurta with Embroidered Yoke",
            "url": "/aurelia-straight-kurta-with-embroidered-yoke/p/441017672_blue",
            "offer-price": 1122.37,
            "rating-count": 0,
            "cat1": "Women",
            "cat2": "Ethnic Wear",
            "cat3": "Kurtas",
            "brand": "aurelia"
        },
        {
            "product-id": "450135107",
            "avg-rating": "",
            "img-url": "https://assets.ajio.com/medias/sys_master/root/20200825/Ace7/5f4410c47cdb8ca2cfa27c2b/-78Wx98H-450135107-brown-MODEL.jpg",
            "price": 2295,
            "was-price": 2295,
            "name": "Alex Genuine Leather Toe-Ring Casual Sandals",
            "url": "/buckaroo-alex-genuine-leather-toe-ring-casual-sandals/p/450135107_brown",
            "offer-price": 480.63,
            "rating-count": 0,
            "cat1": "Men",
            "cat2": "Footwear",
            "cat3": "Flip Flop & Slippers",
            "brand": "buckaroo"
        },
        {
            "product-id": "441024920",
            "avg-rating": "",
            "img-url": "https://assets.ajio.com/medias/sys_master/root/20200821/ARr5/5f3ed20e7cdb8ca2cf9ed249/-78Wx98H-441024920-peach-MODEL.jpg",
            "price": 1430,
            "was-price": 2699,
            "name": "Floral Print Open-Front Jacket",
            "url": "/rangriti-floral-print-open-front-jacket/p/441024920_peach",
            "offer-price": 1070.7,
            "rating-count": 0,
            "cat1": "Women",
            "cat2": "Ethnic Wear",
            "cat3": "Jackets",
            "brand": "rangriti"
        },
        {
            "product-id": "441021451",
            "avg-rating": "",
            "img-url": "https://assets.ajio.com/medias/sys_master/root/h5b/h50/15103663407134/-78Wx98H-441021451-burgandy-MODEL.jpg",
            "price": 1799,
            "was-price": 1799,
            "name": "Checked Shirt with Patch Pocket",
            "url": "/aero-jeans-checked-shirt-with-patch-pocket/p/441021451_burgandy",
            "offer-price": 201.82,
            "rating-count": 0,
            "cat1": "Men",
            "cat2": "Western Wear",
            "cat3": "Shirts",
            "brand": "aero-jeans"
        },
        {
            "product-id": "441057039",
            "avg-rating": "",
            "img-url": "https://assets.ajio.com/medias/sys_master/root/20200821/g9yJ/5f3ff11bf997dd2277a39145/-78Wx98H-441057039-blue-MODEL.jpg",
            "price": 1295,
            "was-price": 1295,
            "name": "Mid-Rise Skinny Shorts",
            "url": "/kraus-mid-rise-skinny-shorts/p/441057039_blue",
            "offer-price": 484.36,
            "rating-count": 0,
            "cat1": "Women",
            "cat2": "Western Wear",
            "cat3": "Shorts",
            "brand": "kraus"
        }
    ],
    "ajio": [],
    "": []
}