{
    "luxe.ajio": [
        {
            "product-id": "410311468",
            "avg-rating": "",
            "img-url": "https://assets.ajio.com/medias/sys_master/root/20220308/waYK/62265460aeb26921afcbacd4/-78Wx98H-410311468-417-MODEL.jpg",
            "price": 10000,
            "was-price": 10000,
            "name": "Contrast-Logo Strap Slides",
            "url": "/boss-contrast-logo-strap-slides/p/410311468_417",
            "offer-price": 5500,
            "rating-count": 0,
            "cat1": "Men",
            "cat2": "Footwear",
            "cat3": "Flip Flop & Slippers",
            "brand": "boss"
        },
        {
            "product-id": "463963172",
            "avg-rating": "",
            "img-url": "https://assets.ajio.com/medias/sys_master/root/20220308/ktfs/6227450df997dd03e2071f6a/-78Wx98H-463963172-black-MODEL.jpg",
            "price": 64400,
            "was-price": 64400,
            "name": "The L Standing Lamp",
            "url": "/arjun-rathi-the-l-standing-lamp/p/463963172_black",
            "offer-price": 63400,
            "rating-count": 0,
            "cat1": "Home & Kitchen",
            "cat2": "Decor & Gifting",
            "cat3": "Wall & Table Decor",
            "brand": "arjun-rathi"
        },
        {
            "product-id": "463963133",
            "avg-rating": "",
            "img-url": "https://assets.ajio.com/medias/sys_master/root/20220308/Cfv1/622744e7aeb26921afcd208a/-78Wx98H-463963133-white-MODEL.jpg",
            "price": 15000,
            "was-price": 15000,
            "name": "Thelma & Louise Reversible King Quilt",
            "url": "/aditya-ahuja-thelma-louise-reversible-king-quilt/p/463963133_white",
            "offer-price": 14000,
            "rating-count": 0,
            "cat1": "Home & Kitchen",
            "cat2": "Furnishings",
            "cat3": "Blankets, Dohars & Quilts",
            "brand": "aditya-ahuja"
        },
        {
            "product-id": "463958261",
            "avg-rating": "",
            "img-url": "https://assets.ajio.com/medias/sys_master/root/20220323/A7d2/623ad08aaeb26921afec8b66/-78Wx98H-463958261-green-MODEL.jpg",
            "price": 28000,
            "was-price": 28000,
            "name": "Textured Waist Bag",
            "url": "/mayu-textured-waist-bag/p/463958261_green",
            "offer-price": 27000,
            "rating-count": 0,
            "cat1": "Women",
            "cat2": "Bags, Belts & Wallets",
            "cat3": "Handbags",
            "brand": "mayu"
        },
        {
            "product-id": "463963083",
            "avg-rating": "",
            "img-url": "https://assets.ajio.com/medias/sys_master/root/20220308/zzd7/62274381f997dd03e206feb7/-78Wx98H-463963083-metallic-MODEL.jpg",
            "price": 128000,
            "was-price": 128000,
            "name": "The J Standing Lamp",
            "url": "/arjun-rathi-the-j-standing-lamp/p/463963083_metallic",
            "offer-price": 127000,
            "rating-count": 0,
            "cat1": "Home & Kitchen",
            "cat2": "Decor & Gifting",
            "cat3": "Wall & Table Decor",
            "brand": "arjun-rathi"
        },
        {
            "product-id": "463949567",
            "avg-rating": "",
            "img-url": "https://assets.ajio.com/medias/sys_master/root/20220428/TovQ/626a8826aeb26921af48f583/-78Wx98H-463949567-grey-MODEL.jpg",
            "price": 34456,
            "was-price": 34456,
            "name": "Solid Bellhop Battery",
            "url": "/flos-solid-bellhop-battery/p/463949567_grey",
            "offer-price": 33456,
            "rating-count": 0,
            "cat1": "Home & Kitchen",
            "cat2": "Decor & Gifting",
            "cat3": "Festive Gifts",
            "brand": "flos"
        },
        {
            "product-id": "410299494",
            "avg-rating": "",
            "img-url": "https://assets.ajio.com/medias/sys_master/root/20220308/hmx3/62265bf9f997dd03e2059a01/-78Wx98H-410299494-680-MODEL.jpg",
            "price": 14700,
            "was-price": 21000,
            "name": "Leather Belt with Embellished Buckle",
            "url": "/michael-kors-leather-belt-with-embellished-buckle/p/410299494_680",
            "offer-price": 13230,
            "rating-count": 0,
            "cat1": "Women",
            "cat2": "Bags, Belts & Wallets",
            "cat3": "Belts",
            "brand": "michael-kors"
        },
        {
            "product-id": "463961880",
            "avg-rating": "",
            "img-url": "https://assets.ajio.com/medias/sys_master/root/20220428/yEOd/626a8826aeb26921af48f588/-78Wx98H-463961880-red-MODEL.jpg",
            "price": 34456,
            "was-price": 34456,
            "name": "Bellhoop Indoor LED Table Lamp",
            "url": "/flos-bellhoop-indoor-led-table-lamp/p/463961880_red",
            "offer-price": 33456,
            "rating-count": 0,
            "cat1": "Home & Kitchen",
            "cat2": "Decor & Gifting",
            "cat3": "Festive Gifts",
            "brand": "flos"
        },
        {
            "product-id": "410291622",
            "avg-rating": "",
            "img-url": "https://assets.ajio.com/medias/sys_master/root/20210811/wxNS/6112e4207cdb8cb824f2f67e/-78Wx98H-410291622-e5119-MODEL.jpg",
            "price": 4999,
            "was-price": 4999,
            "name": "Umbx-Damien Pack of 3 Trunks",
            "url": "/diesel-umbx-damien-pack-of-3-trunks/p/410291622_e5119",
            "offer-price": 2699.1,
            "rating-count": 0,
            "cat1": "Men",
            "cat2": "Inner Wear",
            "cat3": "Trunks",
            "brand": "diesel"
        },
        {
            "product-id": "410291818",
            "avg-rating": "",
            "img-url": "https://assets.ajio.com/medias/sys_master/root/20210811/UK9Z/6112efddaeb269a2686f0e50/-78Wx98H-410291818-e4071-MODEL.jpg",
            "price": 1999,
            "was-price": 1999,
            "name": "Umbr-String Briefs with Brand Typography",
            "url": "/diesel-umbr-string-briefs-with-brand-typography/p/410291818_e4071",
            "offer-price": 1079.1,
            "rating-count": 0,
            "cat1": "Men",
            "cat2": "Inner Wear",
            "cat3": "Briefs",
            "brand": "diesel"
        },
        {
            "product-id": "410291818",
            "avg-rating": "",
            "img-url": "https://assets.ajio.com/medias/sys_master/root/20210811/W0h7/6112df537cdb8cb824f2e134/-78Wx98H-410291818-e0013-MODEL.jpg",
            "price": 1999,
            "was-price": 1999,
            "name": "Umbr-String Briefs with Brand Typography",
            "url": "/diesel-umbr-string-briefs-with-brand-typography/p/410291818_e0013",
            "offer-price": 1079.1,
            "rating-count": 0,
            "cat1": "Men",
            "cat2": "Inner Wear",
            "cat3": "Briefs",
            "brand": "diesel"
        },
        {
            "product-id": "460852387",
            "avg-rating": "",
            "img-url": "https://assets.ajio.com/medias/sys_master/root/20210826/XE9e/6127ca03aeb269a2687f44f0/-78Wx98H-460852387-multicolour-MODEL.jpg",
            "price": 5599,
            "was-price": 5599,
            "name": "Leopard Print Crew-Neck Sweatshirt with Signature Stripes",
            "url": "/adidas-originals-leopard-print-crew-neck-sweatshirt-with-signature-stripes/p/460852387_multicolour",
            "offer-price": 4599,
            "rating-count": 0,
            "cat1": "Women",
            "cat2": "Western Wear",
            "cat3": "Sweatshirt & Hoodies",
            "brand": "adidas-originals"
        },
        {
            "product-id": "462958840",
            "avg-rating": "",
            "img-url": "https://assets.ajio.com/medias/sys_master/root/20210914/TNlx/6140c303f997ddce89c698f7/-78Wx98H-462958840-silver-MODEL.jpg",
            "price": 4500,
            "was-price": 4500,
            "name": "Stone-Studded Sterling Silver Pendant",
            "url": "/sangeeta-boochra-stone-studded-sterling-silver-pendant/p/462958840_silver",
            "offer-price": 3050,
            "rating-count": 0,
            "cat1": "Women",
            "cat2": "Fashion Jewellery",
            "cat3": "Necklaces & Pendants",
            "brand": "sangeeta-boochra"
        },
        {
            "product-id": "462959923",
            "avg-rating": "",
            "img-url": "https://assets.ajio.com/medias/sys_master/root/20210914/GZBt/6140c1887cdb8cb824232ea0/-78Wx98H-462959923-gold-MODEL.jpg",
            "price": 10800,
            "was-price": 10800,
            "name": "Ethnic Sterling Silver Studs",
            "url": "/sangeeta-boochra-ethnic-sterling-silver-studs/p/462959923_gold",
            "offer-price": 8720,
            "rating-count": 0,
            "cat1": "Women",
            "cat2": "Fashion Jewellery",
            "cat3": "Earrings",
            "brand": "sangeeta-boochra"
        },
        {
            "product-id": "410286224",
            "avg-rating": "",
            "img-url": "https://assets.ajio.com/medias/sys_master/root/20210811/OwWe/6112dd90aeb269a2686ed874/-78Wx98H-410286224-e5430-MODEL.jpg",
            "price": 4999,
            "was-price": 4999,
            "name": "Umbx-Damien Pack of 3 Trunks",
            "url": "/diesel-umbx-damien-pack-of-3-trunks/p/410286224_e5430",
            "offer-price": 2699.1,
            "rating-count": 0,
            "cat1": "Men",
            "cat2": "Inner Wear",
            "cat3": "Trunks",
            "brand": "diesel"
        },
        {
            "product-id": "462959966",
            "avg-rating": "",
            "img-url": "https://assets.ajio.com/medias/sys_master/root/20210914/SsAn/6140c10baeb269a26892d34a/-78Wx98H-462959966-gold-MODEL.jpg",
            "price": 9500,
            "was-price": 9500,
            "name": "Oxidized Sterling Silver Studs",
            "url": "/sangeeta-boochra-oxidized-sterling-silver-studs/p/462959966_gold",
            "offer-price": 7550,
            "rating-count": 0,
            "cat1": "Women",
            "cat2": "Fashion Jewellery",
            "cat3": "Earrings",
            "brand": "sangeeta-boochra"
        },
        {
            "product-id": "462959978",
            "avg-rating": "",
            "img-url": "https://assets.ajio.com/medias/sys_master/root/20210914/4Yne/6140c14c7cdb8cb8242329f9/-78Wx98H-462959978-silver-MODEL.jpg",
            "price": 9300,
            "was-price": 9300,
            "name": "Ethnic Sterling Silver Studs",
            "url": "/sangeeta-boochra-ethnic-sterling-silver-studs/p/462959978_silver",
            "offer-price": 7370,
            "rating-count": 0,
            "cat1": "Women",
            "cat2": "Fashion Jewellery",
            "cat3": "Earrings",
            "brand": "sangeeta-boochra"
        },
        {
            "product-id": "410299493",
            "avg-rating": "",
            "img-url": "https://assets.ajio.com/medias/sys_master/root/20220308/DNVS/62265a14f997dd03e20590b4/-78Wx98H-410299493-200-MODEL.jpg",
            "price": 14700,
            "was-price": 21000,
            "name": "Leather Belt with Embellished Buckle",
            "url": "/michael-kors-leather-belt-with-embellished-buckle/p/410299493_200",
            "offer-price": 13230,
            "rating-count": 0,
            "cat1": "Women",
            "cat2": "Bags, Belts & Wallets",
            "cat3": "Belts",
            "brand": "michael-kors"
        },
        {
            "product-id": "463955623",
            "avg-rating": "",
            "img-url": "https://assets.ajio.com/medias/sys_master/root/20220307/446W/62262522aeb26921afcb1cd3/-78Wx98H-463955623-white-MODEL.jpg",
            "price": 1500,
            "was-price": 1500,
            "name": "Fat Cat Print Cotton Swaddle ",
            "url": "/aditya-ahuja-fat-cat-print-cotton-swaddle/p/463955623_white",
            "offer-price": 1123.12,
            "rating-count": 0,
            "cat1": "Toys & Baby Care",
            "cat2": "Baby Care",
            "cat3": "Baby Bedding & Furniture",
            "brand": "aditya-ahuja"
        },
        {
            "product-id": "410299466",
            "avg-rating": "",
            "img-url": "https://assets.ajio.com/medias/sys_master/root/20220308/eFk2/62266bdbf997dd03e205ed5b/-78Wx98H-410299466-205-MODEL.jpg",
            "price": 15000,
            "was-price": 15000,
            "name": "Logo Print Reversible Leather Belt",
            "url": "/michael-kors-logo-print-reversible-leather-belt/p/410299466_205",
            "offer-price": 8100,
            "rating-count": 0,
            "cat1": "Women",
            "cat2": "Bags, Belts & Wallets",
            "cat3": "Belts",
            "brand": "michael-kors"
        },
        {
            "product-id": "464468307",
            "avg-rating": "",
            "img-url": "https://assets.ajio.com/medias/sys_master/root/20220617/Azyl/62ac483daeb26921af3137c2/-78Wx98H-464468307-yellow-MODEL.jpg",
            "price": 16800,
            "was-price": 16800,
            "name": "Sleeveless Tiered Dress",
            "url": "/aish-sleeveless-tiered-dress/p/464468307_yellow",
            "offer-price": 15120,
            "rating-count": 0,
            "cat1": "Women",
            "cat2": "Western Wear",
            "cat3": "Dresses",
            "brand": "aish"
        },
        {
            "product-id": "464496558",
            "avg-rating": "",
            "img-url": "https://assets.ajio.com/medias/sys_master/root/20230525/jJAg/646ebeb442f9e729d7b6a02e/-78Wx98H-464496558-green-MODEL.jpg",
            "price": 70950,
            "was-price": 70950,
            "name": "Analogue Watch with Leather Strap",
            "url": "/earnshaw-analogue-watch-with-leather-strap/p/464496558_green",
            "offer-price": 34475,
            "rating-count": 0,
            "cat1": "Men",
            "cat2": "Timewear",
            "cat3": "Watches",
            "brand": "earnshaw"
        },
        {
            "product-id": "464496596",
            "avg-rating": "",
            "img-url": "https://assets.ajio.com/medias/sys_master/root/20230525/H41j/646ec2a5d55b7d0c63e25e3c/-78Wx98H-464496596-brown-MODEL.jpg",
            "price": 35475,
            "was-price": 70950,
            "name": "Analogue Watch with Leather Strap",
            "url": "/earnshaw-analogue-watch-with-leather-strap/p/464496596_brown",
            "offer-price": 34475,
            "rating-count": 0,
            "cat1": "Men",
            "cat2": "Timewear",
            "cat3": "Watches",
            "brand": "earnshaw"
        },
        {
            "product-id": "464473243",
            "avg-rating": "",
            "img-url": "https://assets.ajio.com/medias/sys_master/root/20220707/5Ryp/62c6bc81aeb26921af691243/-78Wx98H-464473243-yellow-MODEL.jpg",
            "price": 7999,
            "was-price": 7999,
            "name": " V-neck with knotted Top",
            "url": "/eshaa-amiin-v-neck-with-knotted-top/p/464473243_yellow",
            "offer-price": 6999,
            "rating-count": 0,
            "cat1": "Women",
            "cat2": "Western Wear",
            "cat3": "Tops",
            "brand": "eshaa-amiin"
        },
        {
            "product-id": "462959961",
            "avg-rating": "",
            "img-url": "https://assets.ajio.com/medias/sys_master/root/20210914/CyLd/6140c2677cdb8cb824233d1e/-78Wx98H-462959961-silver-MODEL.jpg",
            "price": 8000,
            "was-price": 8000,
            "name": "Temple Sterling Silver Studs ",
            "url": "/sangeeta-boochra-temple-sterling-silver-studs/p/462959961_silver",
            "offer-price": 6200,
            "rating-count": 0,
            "cat1": "Women",
            "cat2": "Fashion Jewellery",
            "cat3": "Earrings",
            "brand": "sangeeta-boochra"
        },
        {
            "product-id": "462959726",
            "avg-rating": "",
            "img-url": "https://assets.ajio.com/medias/sys_master/root/20210914/uYpZ/6140c3f17cdb8cb8242352d0/-78Wx98H-462959726-silver-MODEL.jpg",
            "price": 10000,
            "was-price": 10000,
            "name": "Ethnic Stone-Studded Danglers",
            "url": "/sangeeta-boochra-ethnic-stone-studded-danglers/p/462959726_silver",
            "offer-price": 8000,
            "rating-count": 0,
            "cat1": "Women",
            "cat2": "Fashion Jewellery",
            "cat3": "Earrings",
            "brand": "sangeeta-boochra"
        },
        {
            "product-id": "462959731",
            "avg-rating": "",
            "img-url": "https://assets.ajio.com/medias/sys_master/root/20210914/15ze/6140c2317cdb8cb824233a3b/-78Wx98H-462959731-gold-MODEL.jpg",
            "price": 9000,
            "was-price": 9000,
            "name": "Ethnic Kundan Studs",
            "url": "/sangeeta-boochra-ethnic-kundan-studs/p/462959731_gold",
            "offer-price": 7100,
            "rating-count": 0,
            "cat1": "Women",
            "cat2": "Fashion Jewellery",
            "cat3": "Earrings",
            "brand": "sangeeta-boochra"
        },
        {
            "product-id": "462959975",
            "avg-rating": "",
            "img-url": "https://assets.ajio.com/medias/sys_master/root/20210914/59kK/6140c28faeb269a26892e5c7/-78Wx98H-462959975-silver-MODEL.jpg",
            "price": 6500,
            "was-price": 6500,
            "name": "Ethnic Beaded Studs",
            "url": "/sangeeta-boochra-ethnic-beaded-studs/p/462959975_silver",
            "offer-price": 4850,
            "rating-count": 0,
            "cat1": "Women",
            "cat2": "Fashion Jewellery",
            "cat3": "Earrings",
            "brand": "sangeeta-boochra"
        },
        {
            "product-id": "462958990",
            "avg-rating": "",
            "img-url": "https://assets.ajio.com/medias/sys_master/root/20210914/JFF6/6140c367f997ddce89c69fd0/-78Wx98H-462958990-silver-MODEL.jpg",
            "price": 4800,
            "was-price": 4800,
            "name": "Stone-Studded Sterling Silver Pendant",
            "url": "/sangeeta-boochra-stone-studded-sterling-silver-pendant/p/462958990_silver",
            "offer-price": 3320,
            "rating-count": 0,
            "cat1": "Women",
            "cat2": "Fashion Jewellery",
            "cat3": "Necklaces & Pendants",
            "brand": "sangeeta-boochra"
        },
        {
            "product-id": "462959787",
            "avg-rating": "",
            "img-url": "https://assets.ajio.com/medias/sys_master/root/20210914/xlKm/6140c28d7cdb8cb824233eef/-78Wx98H-462959787-silver-MODEL.jpg",
            "price": 6500,
            "was-price": 6500,
            "name": "Ethnic Sterling Silver Studs",
            "url": "/sangeeta-boochra-ethnic-sterling-silver-studs/p/462959787_silver",
            "offer-price": 4850,
            "rating-count": 0,
            "cat1": "Women",
            "cat2": "Fashion Jewellery",
            "cat3": "Earrings",
            "brand": "sangeeta-boochra"
        },
        {
            "product-id": "462959719",
            "avg-rating": "",
            "img-url": "https://assets.ajio.com/medias/sys_master/root/20210914/WbIe/6140c1f7f997ddce89c6873f/-78Wx98H-462959719-gold-MODEL.jpg",
            "price": 6800,
            "was-price": 6800,
            "name": "Oxidized Sterling Silver Studs",
            "url": "/sangeeta-boochra-oxidized-sterling-silver-studs/p/462959719_gold",
            "offer-price": 5120,
            "rating-count": 0,
            "cat1": "Women",
            "cat2": "Fashion Jewellery",
            "cat3": "Earrings",
            "brand": "sangeeta-boochra"
        },
        {
            "product-id": "462958988",
            "avg-rating": "",
            "img-url": "https://assets.ajio.com/medias/sys_master/root/20210914/5dH0/6140c4707cdb8cb824235870/-78Wx98H-462958988-silver-MODEL.jpg",
            "price": 4500,
            "was-price": 4500,
            "name": "Oxidized Sterling Silver Pendant",
            "url": "/sangeeta-boochra-oxidized-sterling-silver-pendant/p/462958988_silver",
            "offer-price": 3050,
            "rating-count": 0,
            "cat1": "Women",
            "cat2": "Fashion Jewellery",
            "cat3": "Necklaces & Pendants",
            "brand": "sangeeta-boochra"
        },
        {
            "product-id": "462959935",
            "avg-rating": "",
            "img-url": "https://assets.ajio.com/medias/sys_master/root/20210914/BcFW/6140c1fa7cdb8cb8242336bb/-78Wx98H-462959935-gold-MODEL.jpg",
            "price": 7000,
            "was-price": 7000,
            "name": "Beaded Sterling Silver Studs",
            "url": "/sangeeta-boochra-beaded-sterling-silver-studs/p/462959935_gold",
            "offer-price": 5300,
            "rating-count": 0,
            "cat1": "Women",
            "cat2": "Fashion Jewellery",
            "cat3": "Earrings",
            "brand": "sangeeta-boochra"
        },
        {
            "product-id": "462958842",
            "avg-rating": "",
            "img-url": "https://assets.ajio.com/medias/sys_master/root/20210914/eDOi/6140c4847cdb8cb82423593e/-78Wx98H-462958842-silver-MODEL.jpg",
            "price": 4000,
            "was-price": 4000,
            "name": "Sterling Silver Pearl Ring",
            "url": "/sangeeta-boochra-sterling-silver-pearl-ring/p/462958842_silver",
            "offer-price": 2697.74,
            "rating-count": 0,
            "cat1": "Women",
            "cat2": "Fashion Jewellery",
            "cat3": "Rings",
            "brand": "sangeeta-boochra"
        },
        {
            "product-id": "462959949",
            "avg-rating": "",
            "img-url": "https://assets.ajio.com/medias/sys_master/root/20210914/AVg9/6140c09faeb269a26892cdec/-78Wx98H-462959949-gold-MODEL.jpg",
            "price": 9500,
            "was-price": 9500,
            "name": "Oxidized Sterling Silver Studs",
            "url": "/sangeeta-boochra-oxidized-sterling-silver-studs/p/462959949_gold",
            "offer-price": 7550,
            "rating-count": 0,
            "cat1": "Women",
            "cat2": "Fashion Jewellery",
            "cat3": "Earrings",
            "brand": "sangeeta-boochra"
        },
        {
            "product-id": "464475044",
            "avg-rating": "",
            "img-url": "https://assets.ajio.com/medias/sys_master/root/20220617/P6LW/62ac4ab9f997dd03e287c519/-78Wx98H-464475044-teal-MODEL.jpg",
            "price": 67500,
            "was-price": 67500,
            "name": "Embellished Full-Sleeve Jacket",
            "url": "/jatin-malik-embellished-full-sleeve-jacket/p/464475044_teal",
            "offer-price": 66500,
            "rating-count": 0,
            "cat1": "Men",
            "cat2": "Ethnic Wear",
            "cat3": "3-Piece Ethnic Suit",
            "brand": "jatin-malik"
        },
        {
            "product-id": "464472905",
            "avg-rating": "",
            "img-url": "https://assets.ajio.com/medias/sys_master/root/20230523/Fcob/646cbd02d55b7d0c63d0d31e/-78Wx98H-464472905-gold-MODEL.jpg",
            "price": 5003,
            "was-price": 6670,
            "name": "Full-Rim Frames",
            "url": "/timberland-full-rim-frames/p/464472905_gold",
            "offer-price": 4003,
            "rating-count": 0,
            "cat1": "Men",
            "cat2": "Eyewear",
            "cat3": "Frames",
            "brand": "timberland"
        },
        {
            "product-id": "464492141",
            "avg-rating": "",
            "img-url": "https://assets.ajio.com/medias/sys_master/root/20221118/JgoC/63774e15aeb269659c9ba54f/-78Wx98H-464492141-gold-MODEL.jpg",
            "price": 9850,
            "was-price": 9850,
            "name": "Ik Onkar & Khanda Sterling-Silver Cufflinks with Gold-Plating",
            "url": "/eina-ahluwalia-ik-onkar-khanda-sterling-silver-cufflinks-with-gold-plating/p/464492141_gold",
            "offer-price": 8850,
            "rating-count": 0,
            "cat1": "Men",
            "cat2": "Fashion Jewellery",
            "cat3": "Cufflinks & Tiepins",
            "brand": "eina-ahluwalia"
        },
        {
            "product-id": "464494887",
            "avg-rating": "",
            "img-url": "https://assets.ajio.com/medias/sys_master/root/20220826/KZSa/6308a1dcaeb2691761a71e28/-78Wx98H-464494887-blue-MODEL.jpg",
            "price": 14925,
            "was-price": 14925,
            "name": "1513899 Drifter Date Indicator Watch",
            "url": "/hugo-boss-1513899-drifter-date-indicator-watch/p/464494887_blue",
            "offer-price": 10447.5,
            "rating-count": 0,
            "cat1": "Men",
            "cat2": "Timewear",
            "cat3": "Watches",
            "brand": "hugo-boss"
        },
        {
            "product-id": "464467421",
            "avg-rating": "",
            "img-url": "https://assets.ajio.com/medias/sys_master/root/20220617/Vytz/62ac43b2f997dd03e286d789/-78Wx98H-464467421-multi-MODEL.jpg",
            "price": 45500,
            "was-price": 45500,
            "name": "Geometric Strappy Gown",
            "url": "/nikita-mhaisalkar-geometric-strappy-gown/p/464467421_multi",
            "offer-price": 40950,
            "rating-count": 0,
            "cat1": "Women",
            "cat2": "Western Wear",
            "cat3": "Dresses",
            "brand": "nikita-mhaisalkar"
        },
        {
            "product-id": "464500292",
            "avg-rating": "",
            "img-url": "https://assets.ajio.com/medias/sys_master/root/20230623/n1aQ/6494ff0242f9e729d7861caa/-78Wx98H-464500292-clear-MODEL.jpg",
            "price": 699,
            "was-price": 699,
            "name": "Aromatherapy Cucumber Gel for Open Pores",
            "url": "/secret-alchemist-aromatherapy-cucumber-gel-for-open-pores/p/464500292_clear",
            "offer-price": 522.48,
            "rating-count": 0,
            "cat1": "Women",
            "cat2": "Personal Care",
            "cat3": "Face Care",
            "brand": "secret-alchemist"
        },
        {
            "product-id": "464458381",
            "avg-rating": "",
            "img-url": "https://assets.ajio.com/medias/sys_master/root/20220617/leZw/62ac42bdf997dd03e286b57a/-78Wx98H-464458381-beige-MODEL.jpg",
            "price": 58500,
            "was-price": 58500,
            "name": "Floral Print Nehru Jacket",
            "url": "/jatin-malik-floral-print-nehru-jacket/p/464458381_beige",
            "offer-price": 57500,
            "rating-count": 0,
            "cat1": "Men",
            "cat2": "Ethnic Wear",
            "cat3": "3-Piece Ethnic Suit",
            "brand": "jatin-malik"
        },
        {
            "product-id": "464467005",
            "avg-rating": "",
            "img-url": "https://assets.ajio.com/medias/sys_master/root/20220617/SYrv/62ac4753aeb26921af311b87/-78Wx98H-464467005-grey-MODEL.jpg",
            "price": 13400,
            "was-price": 13400,
            "name": "20488380S539O Full-Rim Butterfly Sunglasses",
            "url": "/dsquared2-20488380s539o-full-rim-butterfly-sunglasses/p/464467005_grey",
            "offer-price": 12400,
            "rating-count": 0,
            "cat1": "Women",
            "cat2": "Eyewear",
            "cat3": "Sunglasses",
            "brand": "dsquared2"
        },
        {
            "product-id": "464492610",
            "avg-rating": "",
            "img-url": "https://assets.ajio.com/medias/sys_master/root/20220617/1i5P/62ac748faeb26921af358f0d/-78Wx98H-464492610-green-MODEL.jpg",
            "price": 120500,
            "was-price": 120500,
            "name": "Slim Fit Embroidered Jacket",
            "url": "/jatin-malik-slim-fit-embroidered-jacket/p/464492610_green",
            "offer-price": 119500,
            "rating-count": 0,
            "cat1": "Men",
            "cat2": "Ethnic Wear",
            "cat3": "3-Piece Ethnic Suit",
            "brand": "jatin-malik"
        },
        {
            "product-id": "464475027",
            "avg-rating": "",
            "img-url": "https://assets.ajio.com/medias/sys_master/root/20220617/Mnj3/62ac4c02aeb26921af31acfd/-78Wx98H-464475027-cream-MODEL.jpg",
            "price": 90500,
            "was-price": 90500,
            "name": "Floral Print Slim Fit Jacket",
            "url": "/jatin-malik-floral-print-slim-fit-jacket/p/464475027_cream",
            "offer-price": 89500,
            "rating-count": 0,
            "cat1": "Men",
            "cat2": "Ethnic Wear",
            "cat3": "3-Piece Ethnic Suit",
            "brand": "jatin-malik"
        },
        {
            "product-id": "464492941",
            "avg-rating": "",
            "img-url": "https://assets.ajio.com/medias/sys_master/root/20220617/7nI0/62ac74daf997dd03e28bdbbb/-78Wx98H-464492941-navy-MODEL.jpg",
            "price": 10000,
            "was-price": 10000,
            "name": "Paithani Long Kurta",
            "url": "/son-of-a-noble-paithani-long-kurta/p/464492941_navy",
            "offer-price": 9000,
            "rating-count": 0,
            "cat1": "Men",
            "cat2": "Ethnic Wear",
            "cat3": "Kurtas",
            "brand": "son-of-a-noble"
        },
        {
            "product-id": "462959744",
            "avg-rating": "",
            "img-url": "https://assets.ajio.com/medias/sys_master/root/20210914/NRgm/6140c258f997ddce89c68e03/-78Wx98H-462959744-gold-MODEL.jpg",
            "price": 5500,
            "was-price": 5500,
            "name": "Ethnic Sterling Silver Studs",
            "url": "/sangeeta-boochra-ethnic-sterling-silver-studs/p/462959744_gold",
            "offer-price": 3950,
            "rating-count": 0,
            "cat1": "Women",
            "cat2": "Fashion Jewellery",
            "cat3": "Earrings",
            "brand": "sangeeta-boochra"
        },
        {
            "product-id": "462959929",
            "avg-rating": "",
            "img-url": "https://assets.ajio.com/medias/sys_master/root/20210914/BIeo/6140c0afaeb269a26892ceac/-78Wx98H-462959929-gold-MODEL.jpg",
            "price": 7500,
            "was-price": 7500,
            "name": "Stone-Studded Sterling Silver Studs",
            "url": "/sangeeta-boochra-stone-studded-sterling-silver-studs/p/462959929_gold",
            "offer-price": 5750,
            "rating-count": 0,
            "cat1": "Women",
            "cat2": "Fashion Jewellery",
            "cat3": "Earrings",
            "brand": "sangeeta-boochra"
        },
        {
            "product-id": "460701026",
            "avg-rating": "",
            "img-url": "https://assets.ajio.com/medias/sys_master/root/20210831/WNXl/612e2b5c7cdb8cb824104302/-78Wx98H-460701026-blackwhite-MODEL.jpg",
            "price": 2999,
            "was-price": 2999,
            "name": "Side Striped Shorts with Elasticated Waist",
            "url": "/adidas-originals-side-striped-shorts-with-elasticated-waist/p/460701026_blackwhite",
            "offer-price": 898.49,
            "rating-count": 0,
            "cat1": "Women",
            "cat2": "Western Wear",
            "cat3": "Shorts",
            "brand": "adidas-originals"
        },
        {
            "product-id": "410275364",
            "avg-rating": "",
            "img-url": "https://assets.ajio.com/medias/sys_master/root/20210429/tX8Y/608acc39aeb269a9e3a61f9e/-78Wx98H-410275364-blk-MODEL.jpg",
            "price": 1537,
            "was-price": 2795,
            "name": "Lace V-neck Slip Dress",
            "url": "/hunkemoller-lace-v-neck-slip-dress/p/410275364_blk",
            "offer-price": 1150.82,
            "rating-count": 0,
            "cat1": "Women",
            "cat2": "Night & Lounge Wear",
            "cat3": "Nightshirts&Nighties",
            "brand": "hunkemoller"
        },
        {
            "product-id": "460964871",
            "avg-rating": "",
            "img-url": "https://assets.ajio.com/medias/sys_master/root/20210820/pnRd/611fcdc57cdb8cb824005aec/-78Wx98H-460964871-blue-MODEL.jpg",
            "price": 4999,
            "was-price": 4999,
            "name": "Hoodie with Raglan Sleeves",
            "url": "/adidas-originals-hoodie-with-raglan-sleeves/p/460964871_blue",
            "offer-price": 3999,
            "rating-count": 0,
            "cat1": "Women",
            "cat2": "Western Wear",
            "cat3": "Sweatshirt & Hoodies",
            "brand": "adidas-originals"
        },
        {
            "product-id": "460964968",
            "avg-rating": "",
            "img-url": "https://assets.ajio.com/medias/sys_master/root/20210820/3l6D/611fc4d8f997ddce89a68a9d/-78Wx98H-460964968-blackwhite-MODEL.jpg",
            "price": 1999,
            "was-price": 1999,
            "name": "Crew-Neck T-shirt with Brand Logo",
            "url": "/adidas-originals-crew-neck-t-shirt-with-brand-logo/p/460964968_blackwhite",
            "offer-price": 583.03,
            "rating-count": 0,
            "cat1": "Women",
            "cat2": "Western Wear",
            "cat3": "Tshirts",
            "brand": "adidas-originals"
        },
        {
            "product-id": "464476370",
            "avg-rating": "",
            "img-url": "https://assets.ajio.com/medias/sys_master/root/20220617/uGWj/62ac54b4f997dd03e2889d30/-78Wx98H-464476370-cream-MODEL.jpg",
            "price": 22500,
            "was-price": 22500,
            "name": "Solid Long Kurta",
            "url": "/bubber-couture-solid-long-kurta/p/464476370_cream",
            "offer-price": 21500,
            "rating-count": 0,
            "cat1": "Men",
            "cat2": "Ethnic Wear",
            "cat3": "Kurtas",
            "brand": "bubber-couture"
        },
        {
            "product-id": "464478172",
            "avg-rating": "",
            "img-url": "https://assets.ajio.com/medias/sys_master/root/20230523/lhZI/646cbd0c42f9e729d7a545a0/-78Wx98H-464478172-grey-MODEL.jpg",
            "price": 5003,
            "was-price": 6670,
            "name": "TB1302 55 009 Rectangular Full-Rim Frames",
            "url": "/timberland-tb1302-55-009-rectangular-full-rim-frames/p/464478172_grey",
            "offer-price": 4003,
            "rating-count": 0,
            "cat1": "Men",
            "cat2": "Eyewear",
            "cat3": "Frames",
            "brand": "timberland"
        },
        {
            "product-id": "464475060",
            "avg-rating": "",
            "img-url": "https://assets.ajio.com/medias/sys_master/root/20220617/VuDz/62ac4b5af997dd03e287d982/-78Wx98H-464475060-maroon-MODEL.jpg",
            "price": 82500,
            "was-price": 82500,
            "name": "Embellished Full-Sleeve Jacket",
            "url": "/jatin-malik-embellished-full-sleeve-jacket/p/464475060_maroon",
            "offer-price": 81500,
            "rating-count": 0,
            "cat1": "Men",
            "cat2": "Ethnic Wear",
            "cat3": "3-Piece Ethnic Suit",
            "brand": "jatin-malik"
        },
        {
            "product-id": "464496599",
            "avg-rating": "",
            "img-url": "https://assets.ajio.com/medias/sys_master/root/20220830/G8Ql/630dd8a5f997dd1f8dc5f7f8/-78Wx98H-464496599-grey-MODEL.jpg",
            "price": 70950,
            "was-price": 70950,
            "name": "ES-8273-07 Analogue Watch with Leather Strap",
            "url": "/earnshaw-es-8273-07-analogue-watch-with-leather-strap/p/464496599_grey",
            "offer-price": 34475,
            "rating-count": 0,
            "cat1": "Men",
            "cat2": "Timewear",
            "cat3": "Watches",
            "brand": "earnshaw"
        },
        {
            "product-id": "464498098",
            "avg-rating": "",
            "img-url": "https://assets.ajio.com/medias/sys_master/root/20220617/djfv/62ac841bf997dd03e28c9d77/-78Wx98H-464498098-green-MODEL.jpg",
            "price": 12000,
            "was-price": 12000,
            "name": "Full-Sleeve Long Kurta",
            "url": "/son-of-a-noble-full-sleeve-long-kurta/p/464498098_green",
            "offer-price": 11000,
            "rating-count": 0,
            "cat1": "Men",
            "cat2": "Ethnic Wear",
            "cat3": "Kurtas",
            "brand": "son-of-a-noble"
        },
        {
            "product-id": "460825482",
            "avg-rating": "",
            "img-url": "https://assets.ajio.com/medias/sys_master/root/20210907/eaO8/61367b8ef997ddce89bdeb05/-78Wx98H-460825482-navy-MODEL.jpg",
            "price": 8999,
            "was-price": 8999,
            "name": "Gel-Zone 8 Running Shoes",
            "url": "/asics-gel-zone-8-running-shoes/p/460825482_navy",
            "offer-price": 2069.77,
            "rating-count": 0,
            "cat1": "Men",
            "cat2": "Footwear",
            "cat3": "Sports Shoes",
            "brand": "asics"
        },
        {
            "product-id": "410291615",
            "avg-rating": "",
            "img-url": "https://assets.ajio.com/medias/sys_master/root/20210811/qSJd/6112dd8baeb269a2686ed839/-78Wx98H-410291615-900-MODEL.jpg",
            "price": 1299,
            "was-price": 1299,
            "name": "Skm-Cycle Graphic Print Ankle-Length Socks",
            "url": "/diesel-skm-cycle-graphic-print-ankle-length-socks/p/410291615_900",
            "offer-price": 740.43,
            "rating-count": 0,
            "cat1": "Men",
            "cat2": "Clothing Accessories",
            "cat3": "Socks",
            "brand": "diesel"
        },
        {
            "product-id": "460965001",
            "avg-rating": "",
            "img-url": "https://assets.ajio.com/medias/sys_master/root/20210820/RDSs/611fc63e7cdb8cb824004706/-78Wx98H-460965001-red-MODEL.jpg",
            "price": 2799,
            "was-price": 2799,
            "name": "Printed Crew-Neck T-shirt",
            "url": "/adidas-originals-printed-crew-neck-t-shirt/p/460965001_red",
            "offer-price": 2097.5,
            "rating-count": 0,
            "cat1": "Women",
            "cat2": "Western Wear",
            "cat3": "Tshirts",
            "brand": "adidas-originals"
        },
        {
            "product-id": "410289343",
            "avg-rating": "",
            "img-url": "https://assets.ajio.com/medias/sys_master/root/20210504/Dx4R/60916b55f997dd7b64d32ca3/-78Wx98H-410289343-cvr-MODEL.jpg",
            "price": 2295,
            "was-price": 2295,
            "name": "Rose Triangle Longline Bralette",
            "url": "/hunkemoller-rose-triangle-longline-bralette/p/410289343_cvr",
            "offer-price": 944.91,
            "rating-count": 0,
            "cat1": "Women",
            "cat2": "Lingerie & Innerwear",
            "cat3": "Bras",
            "brand": "hunkemoller"
        },
        {
            "product-id": "464473889",
            "avg-rating": "",
            "img-url": "https://assets.ajio.com/medias/sys_master/root/20230705/lKnt/64a4e52aeebac147fc4d5405/-78Wx98H-464473889-gold-MODEL.jpg",
            "price": 36500,
            "was-price": 36500,
            "name": "R8873646003 Chronograph Watch with Stainless Steel Strap",
            "url": "/maserati-r8873646003-chronograph-watch-with-stainless-steel-strap/p/464473889_gold",
            "offer-price": 23090,
            "rating-count": 0,
            "cat1": "Men",
            "cat2": "Timewear",
            "cat3": "Watches",
            "brand": "maserati"
        },
        {
            "product-id": "464502769",
            "avg-rating": "",
            "img-url": "https://assets.ajio.com/medias/sys_master/root/20220617/XjZY/62ab9854aeb26921af2df5a6/-78Wx98H-464502769-multi-MODEL.jpg",
            "price": 29500,
            "was-price": 29500,
            "name": "Alan Kuno Print Dupion Silk Bomber Kurta with Jogger Pants",
            "url": "/ps-men-by-payal-singhal-alan-kuno-print-dupion-silk-bomber-kurta-with-jogger-pants/p/464502769_multi",
            "offer-price": 28500,
            "rating-count": 0,
            "cat1": "Men",
            "cat2": "Ethnic Wear",
            "cat3": "Ethnic Suit Sets",
            "brand": "ps-men-by-payal-singhal"
        },
        {
            "product-id": "410312797",
            "avg-rating": "",
            "img-url": "https://assets.ajio.com/medias/sys_master/root/20220616/6cTR/62ab4e74aeb26921af2cb11a/-78Wx98H-410312797-18644l-MODEL.jpg",
            "price": 13190,
            "was-price": 13190,
            "name": "0TY9065U Full-Rim Gradient Rectangular Sunglasses",
            "url": "/tory-burch-0ty9065u-full-rim-gradient-rectangular-sunglasses/p/410312797_18644l",
            "offer-price": 12190,
            "rating-count": 0,
            "cat1": "Women",
            "cat2": "Eyewear",
            "cat3": "Sunglasses",
            "brand": "tory-burch"
        },
        {
            "product-id": "464465440",
            "avg-rating": "",
            "img-url": "https://assets.ajio.com/medias/sys_master/root/20220617/QcP2/62ac4ba8aeb26921af31a249/-78Wx98H-464465440-white-MODEL.jpg",
            "price": 24990,
            "was-price": 24990,
            "name": "Sterling Silver Short Necklace",
            "url": "/neeta-boochra-jewellery-sterling-silver-short-necklace/p/464465440_white",
            "offer-price": 23990,
            "rating-count": 0,
            "cat1": "Women",
            "cat2": "Fashion Jewellery",
            "cat3": "Necklaces & Pendants",
            "brand": "neeta-boochra-jewellery"
        },
        {
            "product-id": "464457596",
            "avg-rating": "",
            "img-url": "https://assets.ajio.com/medias/sys_master/root/20240308/obEG/65eafb3f16fd2c6e6a45e7c4/-78Wx98H-464457596-black-MODEL.jpg",
            "price": 31200,
            "was-price": 39000,
            "name": "Full-rim Oval Sunglasses    ",
            "url": "/tom-ford-full-rim-oval-sunglasses/p/464457596_black",
            "offer-price": 30810,
            "rating-count": 0,
            "cat1": "Men",
            "cat2": "Eyewear",
            "cat3": "Frames",
            "brand": "tom-ford"
        },
        {
            "product-id": "464504122",
            "avg-rating": "",
            "img-url": "https://assets.ajio.com/medias/sys_master/root/20220617/tbBH/62ab9d4ff997dd03e2849e2c/-78Wx98H-464504122-white-MODEL.jpg",
            "price": 5900,
            "was-price": 5900,
            "name": "PS Girls White Printed Silkmul Kaftan",
            "url": "/ps-kids-by-payal-singhal-ps-girls-white-printed-silkmul-kaftan/p/464504122_white",
            "offer-price": 4900,
            "rating-count": 0,
            "cat1": "Girls",
            "cat2": "Western Wear",
            "cat3": "Tops & Tunics",
            "brand": "ps-kids-by-payal-singhal"
        },
        {
            "product-id": "464502871",
            "avg-rating": "",
            "img-url": "https://assets.ajio.com/medias/sys_master/root/20220617/dOhp/62ab981baeb26921af2dedef/-78Wx98H-464502871-khaki-MODEL.jpg",
            "price": 11500,
            "was-price": 11500,
            "name": "Khaki Chidiya Print Lehenga Set",
            "url": "/ps-kids-by-payal-singhal-khaki-chidiya-print-lehenga-set/p/464502871_khaki",
            "offer-price": 10500,
            "rating-count": 0,
            "cat1": "Girls",
            "cat2": "Ethnic Wear",
            "cat3": "Ethnic Wear Sets",
            "brand": "ps-kids-by-payal-singhal"
        },
        {
            "product-id": "464474926",
            "avg-rating": "",
            "img-url": "https://assets.ajio.com/medias/sys_master/root/20220617/9zT4/62ac4ed3f997dd03e28848fc/-78Wx98H-464474926-brown-MODEL.jpg",
            "price": 3913,
            "was-price": 5590,
            "name": "Rectangular Full-Rim Frames",
            "url": "/web-rectangular-full-rim-frames/p/464474926_brown",
            "offer-price": 2932.3,
            "rating-count": 0,
            "cat1": "Women",
            "cat2": "Eyewear",
            "cat3": "Frames",
            "brand": "web"
        },
        {
            "product-id": "464465220",
            "avg-rating": "",
            "img-url": "https://assets.ajio.com/medias/sys_master/root/20220617/BHGf/62ac475ff997dd03e2875810/-78Wx98H-464465220-gold-MODEL.jpg",
            "price": 31000,
            "was-price": 31000,
            "name": "Sterling Silver Long Necklace",
            "url": "/neeta-boochra-jewellery-sterling-silver-long-necklace/p/464465220_gold",
            "offer-price": 30000,
            "rating-count": 0,
            "cat1": "Women",
            "cat2": "Fashion Jewellery",
            "cat3": "Necklaces & Pendants",
            "brand": "neeta-boochra-jewellery"
        },
        {
            "product-id": "410291639",
            "avg-rating": "",
            "img-url": "https://assets.ajio.com/medias/sys_master/root/20210811/0XR5/6112e1cf7cdb8cb824f2e9b0/-78Wx98H-410291639-8ar-MODEL.jpg",
            "price": 2999,
            "was-price": 2999,
            "name": "Umbr-Rub Briefs with Elasticated Waist",
            "url": "/diesel-umbr-rub-briefs-with-elasticated-waist/p/410291639_8ar",
            "offer-price": 1619.1,
            "rating-count": 0,
            "cat1": "Men",
            "cat2": "Inner Wear",
            "cat3": "Briefs",
            "brand": "diesel"
        },
        {
            "product-id": "460964985",
            "avg-rating": "",
            "img-url": "https://assets.ajio.com/medias/sys_master/root/20210820/zKFC/611fceb0f997ddce89a6a779/-78Wx98H-460964985-black-MODEL.jpg",
            "price": 2499,
            "was-price": 2499,
            "name": "Printed Crew-Neck T-shirt",
            "url": "/adidas-originals-printed-crew-neck-t-shirt/p/460964985_black",
            "offer-price": 1872.68,
            "rating-count": 0,
            "cat1": "Women",
            "cat2": "Western Wear",
            "cat3": "Tshirts",
            "brand": "adidas-originals"
        },
        {
            "product-id": "410324822",
            "avg-rating": "",
            "img-url": "https://assets.ajio.com/medias/sys_master/root/20220615/FqZU/62a9fd57aeb26921af24f68e/-78Wx98H-410324822-001-MODEL.jpg",
            "price": 13650,
            "was-price": 21000,
            "name": "Brand Print Slim Fit City Shorts",
            "url": "/boss-brand-print-slim-fit-city-shorts/p/410324822_001",
            "offer-price": 12285,
            "rating-count": 0,
            "cat1": "Men",
            "cat2": "Western Wear",
            "cat3": "Shorts & 3/4ths",
            "brand": "boss"
        },
        {
            "product-id": "464468410",
            "avg-rating": "",
            "img-url": "https://assets.ajio.com/medias/sys_master/root/20230523/4Xha/646cbd1242f9e729d7a54657/-78Wx98H-464468410-black-MODEL.jpg",
            "price": 5003,
            "was-price": 6670,
            "name": " TB1305 55 015 Rectangular Frame",
            "url": "/timberland-tb1305-55-015-rectangular-frame/p/464468410_black",
            "offer-price": 4003,
            "rating-count": 0,
            "cat1": "Men",
            "cat2": "Eyewear",
            "cat3": "Frames",
            "brand": "timberland"
        },
        {
            "product-id": "410252126",
            "avg-rating": "",
            "img-url": "https://assets.ajio.com/medias/sys_master/root/20210622/Fg6S/60d1fffef997ddb312e9169c/-78Wx98H-410252126-rosegold-MODEL.jpg",
            "price": 18495,
            "was-price": 18495,
            "name": "MK4557 Liliane Analogue Watch",
            "url": "/michael-kors-mk4557-liliane-analogue-watch/p/410252126_rosegold",
            "offer-price": 18310.05,
            "rating-count": 0,
            "cat1": "Women",
            "cat2": "Timewear",
            "cat3": "Watches",
            "brand": "michael-kors"
        },
        {
            "product-id": "464465229",
            "avg-rating": "",
            "img-url": "https://assets.ajio.com/medias/sys_master/root/20220617/7xsX/62ac472bf997dd03e28750fd/-78Wx98H-464465229-silver-MODEL.jpg",
            "price": 29990,
            "was-price": 29990,
            "name": "Sterling Silver Long Necklace",
            "url": "/neeta-boochra-jewellery-sterling-silver-long-necklace/p/464465229_silver",
            "offer-price": 28990,
            "rating-count": 0,
            "cat1": "Women",
            "cat2": "Fashion Jewellery",
            "cat3": "Necklaces & Pendants",
            "brand": "neeta-boochra-jewellery"
        },
        {
            "product-id": "410287672",
            "avg-rating": "",
            "img-url": "https://assets.ajio.com/medias/sys_master/root/20220616/gi7P/62ab540af997dd03e282d53c/-78Wx98H-410287672-1419-MODEL.jpg",
            "price": 14390,
            "was-price": 14390,
            "name": "0TY7146 UV-Protected Square Sunglasses",
            "url": "/tory-burch-0ty7146-uv-protected-square-sunglasses/p/410287672_1419",
            "offer-price": 13390,
            "rating-count": 0,
            "cat1": "Women",
            "cat2": "Eyewear",
            "cat3": "Sunglasses",
            "brand": "tory-burch"
        },
        {
            "product-id": "464466133",
            "avg-rating": "",
            "img-url": "https://assets.ajio.com/medias/sys_master/root/20220617/fkSZ/62ac4616aeb26921af30f285/-78Wx98H-464466133-multi-MODEL.jpg",
            "price": 30990,
            "was-price": 30990,
            "name": "Sterling Silver Short Necklace",
            "url": "/neeta-boochra-jewellery-sterling-silver-short-necklace/p/464466133_multi",
            "offer-price": 29990,
            "rating-count": 0,
            "cat1": "Women",
            "cat2": "Fashion Jewellery",
            "cat3": "Necklaces & Pendants",
            "brand": "neeta-boochra-jewellery"
        }
    ],
    "ajio": [],
    "": []
}