{
    "luxe.ajio": [
        {
            "product-id": "464398858",
            "avg-rating": "",
            "img-url": "https://assets.ajio.com/medias/sys_master/root/20220528/Hnsv/62913f3baeb26921afee3d35/-78Wx98H-464398858-olive-MODEL.jpg",
            "price": 5950,
            "was-price": 5950,
            "name": "Floral Print Scarf ",
            "url": "/ampm-floral-print-scarf/p/464398858_olive",
            "offer-price": 4950,
            "rating-count": 0,
            "cat1": "Women",
            "cat2": "Clothing Accessories",
            "cat3": "Stoles & Scarves",
            "brand": "ampm"
        },
        {
            "product-id": "410312148",
            "avg-rating": "",
            "img-url": "https://assets.ajio.com/medias/sys_master/root/20220601/G9kg/629744f0f997dd03e258ca3d/-78Wx98H-410312148-001-MODEL.jpg",
            "price": 68000,
            "was-price": 68000,
            "name": "Palm Sequined Tulle Mini Dress",
            "url": "/michael-kors-palm-sequined-tulle-mini-dress/p/410312148_001",
            "offer-price": 61200,
            "rating-count": 0,
            "cat1": "Women",
            "cat2": "Western Wear",
            "cat3": "Dresses",
            "brand": "michael-kors"
        },
        {
            "product-id": "464398640",
            "avg-rating": "",
            "img-url": "https://assets.ajio.com/medias/sys_master/root/20220528/MEeo/62913e35f997dd03e23febd3/-78Wx98H-464398640-indigo-MODEL.jpg",
            "price": 5950,
            "was-price": 5950,
            "name": "Floral Print Scarf ",
            "url": "/ampm-floral-print-scarf/p/464398640_indigo",
            "offer-price": 4950,
            "rating-count": 0,
            "cat1": "Women",
            "cat2": "Clothing Accessories",
            "cat3": "Stoles & Scarves",
            "brand": "ampm"
        },
        {
            "product-id": "410300636",
            "avg-rating": "",
            "img-url": "https://assets.ajio.com/medias/sys_master/root/20220528/W5kA/6291b6c3f997dd03e2427fb2/-78Wx98H-410300636-01r-MODEL.jpg",
            "price": 14000,
            "was-price": 14000,
            "name": "DL0328 UV-Protected Oval Sunglasses",
            "url": "/diesel-dl0328-uv-protected-oval-sunglasses/p/410300636_01r",
            "offer-price": 12600,
            "rating-count": 0,
            "cat1": "Men",
            "cat2": "Eyewear",
            "cat3": "Sunglasses",
            "brand": "diesel"
        },
        {
            "product-id": "464228432",
            "avg-rating": "",
            "img-url": "https://assets.ajio.com/medias/sys_master/root/20240430/0ut7/6630df4016fd2c6e6add7b11/-78Wx98H-464228432-brown-MODEL.jpg",
            "price": 3913,
            "was-price": 5590,
            "name": "Full-Rim Round Frame",
            "url": "/web-full-rim-round-frame/p/464228432_brown",
            "offer-price": 2932.3,
            "rating-count": 0,
            "cat1": "Men",
            "cat2": "Eyewear",
            "cat3": "Frames",
            "brand": "web"
        },
        {
            "product-id": "464291699",
            "avg-rating": "",
            "img-url": "https://assets.ajio.com/medias/sys_master/root/20220523/6lpU/628b5b02aeb26921afc5f3ba/-78Wx98H-464291699-brown-MODEL.jpg",
            "price": 3913,
            "was-price": 5590,
            "name": "Acetate Rectangular Full Rim Frames",
            "url": "/web-acetate-rectangular-full-rim-frames/p/464291699_brown",
            "offer-price": 2932.3,
            "rating-count": 0,
            "cat1": "Men",
            "cat2": "Eyewear",
            "cat3": "Frames",
            "brand": "web"
        },
        {
            "product-id": "410312168",
            "avg-rating": "",
            "img-url": "https://assets.ajio.com/medias/sys_master/root/20220601/kDEI/62974730f997dd03e258d664/-78Wx98H-410312168-306-MODEL.jpg",
            "price": 21900,
            "was-price": 36500,
            "name": "Stretch Organic Cotton Poplin Belted Jumpsuit",
            "url": "/michael-kors-stretch-organic-cotton-poplin-belted-jumpsuit/p/410312168_306",
            "offer-price": 19710,
            "rating-count": 0,
            "cat1": "Women",
            "cat2": "Western Wear",
            "cat3": "Jumpsuits &Playsuits",
            "brand": "michael-kors"
        },
        {
            "product-id": "464408459",
            "avg-rating": "",
            "img-url": "https://assets.ajio.com/medias/sys_master/root/20220530/biZ3/62950832f997dd03e249a465/-78Wx98H-464408459-gold-MODEL.jpg",
            "price": 4050,
            "was-price": 4050,
            "name": "Gold-Plated Cuff Bracelet",
            "url": "/vasundhara-gold-plated-cuff-bracelet/p/464408459_gold",
            "offer-price": 3050,
            "rating-count": 0,
            "cat1": "Women",
            "cat2": "Fashion Jewellery",
            "cat3": "Bracelets & Bangles",
            "brand": "vasundhara"
        },
        {
            "product-id": "464398745",
            "avg-rating": "",
            "img-url": "https://assets.ajio.com/medias/sys_master/root/20220528/3Vzt/62913f84aeb26921afee44dd/-78Wx98H-464398745-olive-MODEL.jpg",
            "price": 5950,
            "was-price": 5950,
            "name": "Floral Print Scarf",
            "url": "/ampm-floral-print-scarf/p/464398745_olive",
            "offer-price": 4950,
            "rating-count": 0,
            "cat1": "Women",
            "cat2": "Clothing Accessories",
            "cat3": "Stoles & Scarves",
            "brand": "ampm"
        },
        {
            "product-id": "469155242",
            "avg-rating": "",
            "img-url": "https://assets.ajio.com/medias/sys_master/root/20220524/lIVI/628d1c3aaeb26921afd000d0/-78Wx98H-469155242-white-MODEL.jpg",
            "price": 35999,
            "was-price": 35999,
            "name": "All-Over Sketch-Print Espadrilles",
            "url": "/dsquared2-all-over-sketch-print-espadrilles/p/469155242_white",
            "offer-price": 34999,
            "rating-count": 0,
            "cat1": "Women",
            "cat2": "Footwear",
            "cat3": "Flat Shoes",
            "brand": "dsquared2"
        },
        {
            "product-id": "469093599",
            "avg-rating": "",
            "img-url": "https://assets.ajio.com/medias/sys_master/root/20220601/tgl6/6296f26bf997dd03e25622a5/-78Wx98H-469093599-white-MODEL.jpg",
            "price": 37999,
            "was-price": 37999,
            "name": "ICON Cotton Slim Fit Shirt",
            "url": "/dsquared2-icon-cotton-slim-fit-shirt/p/469093599_white",
            "offer-price": 34199.1,
            "rating-count": 0,
            "cat1": "Men",
            "cat2": "Western Wear",
            "cat3": "Shirts",
            "brand": "dsquared2"
        },
        {
            "product-id": "464398871",
            "avg-rating": "",
            "img-url": "https://assets.ajio.com/medias/sys_master/root/20230525/IygW/646eaa53d55b7d0c63df075c/-78Wx98H-464398871-black-MODEL.jpg",
            "price": 5950,
            "was-price": 5950,
            "name": "Printed Scarf ",
            "url": "/ampm-printed-scarf/p/464398871_black",
            "offer-price": 4950,
            "rating-count": 0,
            "cat1": "Women",
            "cat2": "Clothing Accessories",
            "cat3": "Stoles & Scarves",
            "brand": "ampm"
        },
        {
            "product-id": "464400801",
            "avg-rating": "",
            "img-url": "https://assets.ajio.com/medias/sys_master/root/20220528/uzVB/62913e76aeb26921afee2901/-78Wx98H-464400801-multi-MODEL.jpg",
            "price": 18950,
            "was-price": 18950,
            "name": "Solid Bucket Bag",
            "url": "/ampm-solid-bucket-bag/p/464400801_multi",
            "offer-price": 17950,
            "rating-count": 0,
            "cat1": "Women",
            "cat2": "Bags, Belts & Wallets",
            "cat3": "Handbags",
            "brand": "ampm"
        },
        {
            "product-id": "464252330",
            "avg-rating": "",
            "img-url": "https://assets.ajio.com/medias/sys_master/root/20220530/Xky3/62950bf5f997dd03e249e86d/-78Wx98H-464252330-beige-MODEL.jpg",
            "price": 12500,
            "was-price": 12500,
            "name": "Grey Printed Art Georgette Frill Hem Tunic",
            "url": "/ps-pret-by-payal-singhal-grey-printed-art-georgette-frill-hem-tunic/p/464252330_beige",
            "offer-price": 11250,
            "rating-count": 0,
            "cat1": "Women",
            "cat2": "Western Wear",
            "cat3": "Dresses",
            "brand": "ps-pret-by-payal-singhal"
        },
        {
            "product-id": "464398732",
            "avg-rating": "",
            "img-url": "https://assets.ajio.com/medias/sys_master/root/20220528/6Pc4/62913b6bf997dd03e23fa330/-78Wx98H-464398732-black-MODEL.jpg",
            "price": 5950,
            "was-price": 5950,
            "name": "Printed Scarf ",
            "url": "/ampm-printed-scarf/p/464398732_black",
            "offer-price": 4950,
            "rating-count": 0,
            "cat1": "Women",
            "cat2": "Clothing Accessories",
            "cat3": "Stoles & Scarves",
            "brand": "ampm"
        },
        {
            "product-id": "464402268",
            "avg-rating": "",
            "img-url": "https://assets.ajio.com/medias/sys_master/root/20220530/3SAr/6294e05faeb26921aff50ee3/-78Wx98H-464402268-gold-MODEL.jpg",
            "price": 3450,
            "was-price": 3450,
            "name": "Modern Earrings with Pyrite Drop",
            "url": "/vasundhara-modern-earrings-with-pyrite-drop/p/464402268_gold",
            "offer-price": 2585.34,
            "rating-count": 0,
            "cat1": "Women",
            "cat2": "Fashion Jewellery",
            "cat3": "Earrings",
            "brand": "vasundhara"
        },
        {
            "product-id": "464403261",
            "avg-rating": "",
            "img-url": "https://assets.ajio.com/medias/sys_master/root/20220530/yVC5/6294a21df997dd03e2456120/-78Wx98H-464403261-black-MODEL.jpg",
            "price": 24999,
            "was-price": 24999,
            "name": "Abstract Print Pant-Suit Set",
            "url": "/monisha-jaising-abstract-print-pant-suit-set/p/464403261_black",
            "offer-price": 23999,
            "rating-count": 0,
            "cat1": "Women",
            "cat2": "Fusion Wear",
            "cat3": "Fusion Wear Sets",
            "brand": "monisha-jaising"
        },
        {
            "product-id": "464398735",
            "avg-rating": "",
            "img-url": "https://assets.ajio.com/medias/sys_master/root/20220528/2Jnu/62913f3baeb26921afee3d37/-78Wx98H-464398735-beige-MODEL.jpg",
            "price": 5950,
            "was-price": 5950,
            "name": "Floral Print Scarf ",
            "url": "/ampm-floral-print-scarf/p/464398735_beige",
            "offer-price": 4950,
            "rating-count": 0,
            "cat1": "Women",
            "cat2": "Clothing Accessories",
            "cat3": "Stoles & Scarves",
            "brand": "ampm"
        },
        {
            "product-id": "464398676",
            "avg-rating": "",
            "img-url": "https://assets.ajio.com/medias/sys_master/root/20220528/2kOX/62913f61f997dd03e2400562/-78Wx98H-464398676-pink-MODEL.jpg",
            "price": 5950,
            "was-price": 5950,
            "name": "Printed Scarf",
            "url": "/ampm-printed-scarf/p/464398676_pink",
            "offer-price": 4950,
            "rating-count": 0,
            "cat1": "Women",
            "cat2": "Clothing Accessories",
            "cat3": "Stoles & Scarves",
            "brand": "ampm"
        },
        {
            "product-id": "464401211",
            "avg-rating": "",
            "img-url": "https://assets.ajio.com/medias/sys_master/root/20220530/QYld/6294def7aeb26921aff4f7c7/-78Wx98H-464401211-brown-MODEL.jpg",
            "price": 14950,
            "was-price": 14950,
            "name": "Solid Bucket Bag",
            "url": "/ampm-solid-bucket-bag/p/464401211_brown",
            "offer-price": 13950,
            "rating-count": 0,
            "cat1": "Women",
            "cat2": "Bags, Belts & Wallets",
            "cat3": "Handbags",
            "brand": "ampm"
        },
        {
            "product-id": "464401283",
            "avg-rating": "",
            "img-url": "https://assets.ajio.com/medias/sys_master/root/20230623/MCZD/6494bf86d55b7d0c63a423de/-78Wx98H-464401283-yellow-MODEL.jpg",
            "price": 6900,
            "was-price": 6900,
            "name": "Floral Print Shirt with Patch Pocket  ",
            "url": "/linen-bloom-floral-print-shirt-with-patch-pocket/p/464401283_yellow",
            "offer-price": 5900,
            "rating-count": 0,
            "cat1": "Men",
            "cat2": "Western Wear",
            "cat3": "Shirts",
            "brand": "linen-bloom"
        },
        {
            "product-id": "464408424",
            "avg-rating": "",
            "img-url": "https://assets.ajio.com/medias/sys_master/root/20220530/7FT0/6295049ff997dd03e2492d7d/-78Wx98H-464408424-brown-MODEL.jpg",
            "price": 55500,
            "was-price": 55500,
            "name": "Abstract Skirt",
            "url": "/nikita-mhaisalkar-abstract-skirt/p/464408424_brown",
            "offer-price": 49950,
            "rating-count": 0,
            "cat1": "Women",
            "cat2": "Western Wear",
            "cat3": "Skirts",
            "brand": "nikita-mhaisalkar"
        },
        {
            "product-id": "464400033",
            "avg-rating": "",
            "img-url": "https://assets.ajio.com/medias/sys_master/root/20230525/AhcG/646eae2142f9e729d7b462ed/-78Wx98H-464400033-silver-MODEL.jpg",
            "price": 19425,
            "was-price": 19425,
            "name": "Analogue Watch with Push-Button Clasp",
            "url": "/hugo-boss-analogue-watch-with-push-button-clasp/p/464400033_silver",
            "offer-price": 19230.75,
            "rating-count": 0,
            "cat1": "Men",
            "cat2": "Timewear",
            "cat3": "Watches",
            "brand": "hugo-boss"
        },
        {
            "product-id": "464406554",
            "avg-rating": "",
            "img-url": "https://assets.ajio.com/medias/sys_master/root/20220530/rRPJ/629505dbf997dd03e2495935/-78Wx98H-464406554-silver-MODEL.jpg",
            "price": 23200,
            "was-price": 23200,
            "name": "20491480754T4 Full-Rim Butterfly Sunglasses",
            "url": "/dsquared2-20491480754t4-full-rim-butterfly-sunglasses/p/464406554_silver",
            "offer-price": 22040,
            "rating-count": 0,
            "cat1": "Women",
            "cat2": "Eyewear",
            "cat3": "Sunglasses",
            "brand": "dsquared2"
        },
        {
            "product-id": "464406608",
            "avg-rating": "",
            "img-url": "https://assets.ajio.com/medias/sys_master/root/20220530/lN1A/629505d7aeb26921aff69dfe/-78Wx98H-464406608-grey-MODEL.jpg",
            "price": 13400,
            "was-price": 13400,
            "name": "20488380753Ir Full-Rim Butterfly Sunglasses",
            "url": "/dsquared2-20488380753ir-full-rim-butterfly-sunglasses/p/464406608_grey",
            "offer-price": 12400,
            "rating-count": 0,
            "cat1": "Women",
            "cat2": "Eyewear",
            "cat3": "Sunglasses",
            "brand": "dsquared2"
        },
        {
            "product-id": "464405673",
            "avg-rating": "",
            "img-url": "https://assets.ajio.com/medias/sys_master/root/20220530/OhlR/6295000df997dd03e24892fb/-78Wx98H-464405673-multi-MODEL.jpg",
            "price": 42500,
            "was-price": 42500,
            "name": "Printed Fit & Flare Dress",
            "url": "/nikita-mhaisalkar-printed-fit-flare-dress/p/464405673_multi",
            "offer-price": 38250,
            "rating-count": 0,
            "cat1": "Women",
            "cat2": "Western Wear",
            "cat3": "Dresses",
            "brand": "nikita-mhaisalkar"
        },
        {
            "product-id": "464408283",
            "avg-rating": "",
            "img-url": "https://assets.ajio.com/medias/sys_master/root/20240310/M40K/65ed7e1005ac7d77bba5fe3e/-78Wx98H-464408283-red-MODEL.jpg",
            "price": 8100,
            "was-price": 8100,
            "name": "Graphic Print Round-Neck Tankini",
            "url": "/stella-mccartney-graphic-print-round-neck-tankini/p/464408283_red",
            "offer-price": 7290,
            "rating-count": 0,
            "cat1": "Girls",
            "cat2": "Western Wear",
            "cat3": "Swimwear",
            "brand": "stella-mccartney"
        },
        {
            "product-id": "464408321",
            "avg-rating": "",
            "img-url": "https://assets.ajio.com/medias/sys_master/root/20220530/gSst/62950432f997dd03e2491db1/-78Wx98H-464408321-silver-MODEL.jpg",
            "price": 3450,
            "was-price": 3450,
            "name": "Silver-Plated Abstract Hoop Earrings",
            "url": "/vasundhara-silver-plated-abstract-hoop-earrings/p/464408321_silver",
            "offer-price": 2585.34,
            "rating-count": 0,
            "cat1": "Women",
            "cat2": "Fashion Jewellery",
            "cat3": "Earrings",
            "brand": "vasundhara"
        },
        {
            "product-id": "469155270",
            "avg-rating": "",
            "img-url": "https://assets.ajio.com/medias/sys_master/root/20220528/RhkC/62915369f997dd03e2408a6c/-78Wx98H-469155270-yellow-MODEL.jpg",
            "price": 19999,
            "was-price": 19999,
            "name": "Icon Embossed Beach Slides",
            "url": "/dsquared2-icon-embossed-beach-slides/p/469155270_yellow",
            "offer-price": 3000,
            "rating-count": 0,
            "cat1": "Men",
            "cat2": "Footwear",
            "cat3": "Flip Flop & Slippers",
            "brand": "dsquared2"
        },
        {
            "product-id": "464400085",
            "avg-rating": "",
            "img-url": "https://assets.ajio.com/medias/sys_master/root/20220528/SWvd/62914054aeb26921afee566b/-78Wx98H-464400085-brown-MODEL.jpg",
            "price": 20925,
            "was-price": 20925,
            "name": "Chronograph Watch with Tang Buckle",
            "url": "/hugo-boss-chronograph-watch-with-tang-buckle/p/464400085_brown",
            "offer-price": 20715.75,
            "rating-count": 0,
            "cat1": "Men",
            "cat2": "Timewear",
            "cat3": "Watches",
            "brand": "hugo-boss"
        },
        {
            "product-id": "464400786",
            "avg-rating": "",
            "img-url": "https://assets.ajio.com/medias/sys_master/root/20220528/Gj0b/62913eaaf997dd03e23ff499/-78Wx98H-464400786-green-MODEL.jpg",
            "price": 12950,
            "was-price": 12950,
            "name": "Solid Bucket Bag",
            "url": "/ampm-solid-bucket-bag/p/464400786_green",
            "offer-price": 11950,
            "rating-count": 0,
            "cat1": "Women",
            "cat2": "Bags, Belts & Wallets",
            "cat3": "Handbags",
            "brand": "ampm"
        },
        {
            "product-id": "464402337",
            "avg-rating": "",
            "img-url": "https://assets.ajio.com/medias/sys_master/root/20220530/mkrY/6294daeaaeb26921aff48216/-78Wx98H-464402337-orange-MODEL.jpg",
            "price": 8000,
            "was-price": 8000,
            "name": "Solid Handbag",
            "url": "/perona-solid-handbag/p/464402337_orange",
            "offer-price": 7000,
            "rating-count": 0,
            "cat1": "Women",
            "cat2": "Bags, Belts & Wallets",
            "cat3": "Handbags",
            "brand": "perona"
        },
        {
            "product-id": "464400273",
            "avg-rating": "",
            "img-url": "https://assets.ajio.com/medias/sys_master/root/20220528/VmZv/62913cd7aeb26921afee016f/-78Wx98H-464400273-brown-MODEL.jpg",
            "price": 24675,
            "was-price": 24675,
            "name": "Chronograph Watch with Tang Buckle",
            "url": "/hugo-boss-chronograph-watch-with-tang-buckle/p/464400273_brown",
            "offer-price": 24428.25,
            "rating-count": 0,
            "cat1": "Men",
            "cat2": "Timewear",
            "cat3": "Watches",
            "brand": "hugo-boss"
        },
        {
            "product-id": "464412551",
            "avg-rating": "",
            "img-url": "https://assets.ajio.com/medias/sys_master/root/20220531/0wlv/62953127aeb26921aff8a6f1/-78Wx98H-464412551-peach-MODEL.jpg",
            "price": 68500,
            "was-price": 68500,
            "name": "Floral Print Slim Fit Nehru Jacket",
            "url": "/jatin-malik-floral-print-slim-fit-nehru-jacket/p/464412551_peach",
            "offer-price": 67500,
            "rating-count": 0,
            "cat1": "Men",
            "cat2": "Ethnic Wear",
            "cat3": "3-Piece Ethnic Suit",
            "brand": "jatin-malik"
        },
        {
            "product-id": "464414596",
            "avg-rating": "",
            "img-url": "https://assets.ajio.com/medias/sys_master/root/20220531/w0oX/629532d6aeb26921aff8da4f/-78Wx98H-464414596-blue-MODEL.jpg",
            "price": 19500,
            "was-price": 19500,
            "name": "Aqua Printed Crepe Kaftan Tunic",
            "url": "/payal-singhal-aqua-printed-crepe-kaftan-tunic/p/464414596_blue",
            "offer-price": 17550,
            "rating-count": 0,
            "cat1": "Women",
            "cat2": "Fusion Wear",
            "cat3": "Shirts, Tops & Tunic",
            "brand": "payal-singhal"
        },
        {
            "product-id": "464212193",
            "avg-rating": "",
            "img-url": "https://assets.ajio.com/medias/sys_master/root/20220523/8mPG/628b5d6ef997dd03e213974f/-78Wx98H-464212193-blue-MODEL.jpg",
            "price": 5775,
            "was-price": 8250,
            "name": "Full-Rim Square Sunglasses",
            "url": "/web-full-rim-square-sunglasses/p/464212193_blue",
            "offer-price": 4775,
            "rating-count": 0,
            "cat1": "Men",
            "cat2": "Eyewear",
            "cat3": "Sunglasses",
            "brand": "web"
        },
        {
            "product-id": "464291751",
            "avg-rating": "",
            "img-url": "https://assets.ajio.com/medias/sys_master/root/20220523/Moju/628b67f2f997dd03e2143733/-78Wx98H-464291751-silver-MODEL.jpg",
            "price": 3913,
            "was-price": 5590,
            "name": "Metal Rectangular Half Rim Frames",
            "url": "/web-metal-rectangular-half-rim-frames/p/464291751_silver",
            "offer-price": 2932.3,
            "rating-count": 0,
            "cat1": "Men",
            "cat2": "Eyewear",
            "cat3": "Frames",
            "brand": "web"
        },
        {
            "product-id": "464291659",
            "avg-rating": "",
            "img-url": "https://assets.ajio.com/medias/sys_master/root/20220523/T1Bp/628b647eaeb26921afc69faf/-78Wx98H-464291659-brown-MODEL.jpg",
            "price": 3913,
            "was-price": 5590,
            "name": "Acetate Square Full Rim Frames",
            "url": "/web-acetate-square-full-rim-frames/p/464291659_brown",
            "offer-price": 2932.3,
            "rating-count": 0,
            "cat1": "Men",
            "cat2": "Eyewear",
            "cat3": "Frames",
            "brand": "web"
        },
        {
            "product-id": "464414102",
            "avg-rating": "",
            "img-url": "https://assets.ajio.com/medias/sys_master/root/20220531/Ikxr/6295394caeb26921aff92bff/-78Wx98H-464414102-silver-MODEL.jpg",
            "price": 13100,
            "was-price": 13100,
            "name": "925 Sterling Silver Kundan Dangler Earrings",
            "url": "/neeta-boochra-jewellery-925-sterling-silver-kundan-dangler-earrings/p/464414102_silver",
            "offer-price": 12100,
            "rating-count": 0,
            "cat1": "Women",
            "cat2": "Fashion Jewellery",
            "cat3": "Earrings",
            "brand": "neeta-boochra-jewellery"
        },
        {
            "product-id": "464413926",
            "avg-rating": "",
            "img-url": "https://assets.ajio.com/medias/sys_master/root/20220531/YjxL/62953286f997dd03e24b8dad/-78Wx98H-464413926-white-MODEL.jpg",
            "price": 15500,
            "was-price": 15500,
            "name": "Printed Velvet Kaftan",
            "url": "/payal-singhal-printed-velvet-kaftan/p/464413926_white",
            "offer-price": 13950,
            "rating-count": 0,
            "cat1": "Women",
            "cat2": "Western Wear",
            "cat3": "Dresses",
            "brand": "payal-singhal"
        },
        {
            "product-id": "464207256",
            "avg-rating": "",
            "img-url": "https://assets.ajio.com/medias/sys_master/root/20220523/EX1f/628b588cf997dd03e2133f2d/-78Wx98H-464207256-grey-MODEL.jpg",
            "price": 4949,
            "was-price": 7070,
            "name": "UV-Protected Half-Rim Frame Sunglasses",
            "url": "/web-uv-protected-half-rim-frame-sunglasses/p/464207256_grey",
            "offer-price": 3949,
            "rating-count": 0,
            "cat1": "Men",
            "cat2": "Eyewear",
            "cat3": "Sunglasses",
            "brand": "web"
        },
        {
            "product-id": "464291866",
            "avg-rating": "",
            "img-url": "https://assets.ajio.com/medias/sys_master/root/20220523/CMPc/628b67f2f997dd03e214372e/-78Wx98H-464291866-brown-MODEL.jpg",
            "price": 4697,
            "was-price": 6710,
            "name": "Acetate Square Full Rim Frames",
            "url": "/web-acetate-square-full-rim-frames/p/464291866_brown",
            "offer-price": 3697,
            "rating-count": 0,
            "cat1": "Men",
            "cat2": "Eyewear",
            "cat3": "Frames",
            "brand": "web"
        },
        {
            "product-id": "464252328",
            "avg-rating": "",
            "img-url": "https://assets.ajio.com/medias/sys_master/root/20220530/ADtf/62950bcbf997dd03e249e5a4/-78Wx98H-464252328-cream-MODEL.jpg",
            "price": 5250,
            "was-price": 5250,
            "name": "Lavender Lime Printed Art Crepe Sleeveless Frill Hem Tunic",
            "url": "/ps-pret-by-payal-singhal-lavender-lime-printed-art-crepe-sleeveless-frill-hem-tunic/p/464252328_cream",
            "offer-price": 4725,
            "rating-count": 0,
            "cat1": "Women",
            "cat2": "Western Wear",
            "cat3": "Dresses",
            "brand": "ps-pret-by-payal-singhal"
        },
        {
            "product-id": "464412760",
            "avg-rating": "",
            "img-url": "https://assets.ajio.com/medias/sys_master/root/20220531/mkFA/62952eb0f997dd03e24b2638/-78Wx98H-464412760-maroon-MODEL.jpg",
            "price": 86500,
            "was-price": 86500,
            "name": "Embellished Slim Fit Nehru Jacket",
            "url": "/jatin-malik-embellished-slim-fit-nehru-jacket/p/464412760_maroon",
            "offer-price": 85500,
            "rating-count": 0,
            "cat1": "Men",
            "cat2": "Ethnic Wear",
            "cat3": "3-Piece Ethnic Suit",
            "brand": "jatin-malik"
        },
        {
            "product-id": "464413918",
            "avg-rating": "",
            "img-url": "https://assets.ajio.com/medias/sys_master/root/20220531/zyBU/62953578aeb26921aff9089c/-78Wx98H-464413918-white-MODEL.jpg",
            "price": 15500,
            "was-price": 15500,
            "name": "Printed Velvet Kaftan",
            "url": "/payal-singhal-printed-velvet-kaftan/p/464413918_white",
            "offer-price": 13950,
            "rating-count": 0,
            "cat1": "Women",
            "cat2": "Western Wear",
            "cat3": "Dresses",
            "brand": "payal-singhal"
        },
        {
            "product-id": "464400798",
            "avg-rating": "",
            "img-url": "https://assets.ajio.com/medias/sys_master/root/20220528/RpAW/62913dedaeb26921afee1c17/-78Wx98H-464400798-brown-MODEL.jpg",
            "price": 16950,
            "was-price": 16950,
            "name": "Solid Shoulder Bag",
            "url": "/ampm-solid-shoulder-bag/p/464400798_brown",
            "offer-price": 15950,
            "rating-count": 0,
            "cat1": "Women",
            "cat2": "Bags, Belts & Wallets",
            "cat3": "Handbags",
            "brand": "ampm"
        },
        {
            "product-id": "464412776",
            "avg-rating": "",
            "img-url": "https://assets.ajio.com/medias/sys_master/root/20220531/UUfA/62952ebcf997dd03e24b27e0/-78Wx98H-464412776-blue-MODEL.jpg",
            "price": 78500,
            "was-price": 78500,
            "name": "Embellished Slim Fit Jacket",
            "url": "/jatin-malik-embellished-slim-fit-jacket/p/464412776_blue",
            "offer-price": 77500,
            "rating-count": 0,
            "cat1": "Men",
            "cat2": "Ethnic Wear",
            "cat3": "3-Piece Ethnic Suit",
            "brand": "jatin-malik"
        },
        {
            "product-id": "463666258",
            "avg-rating": "",
            "img-url": "https://assets.ajio.com/medias/sys_master/root/20220117/f7aM/61e56122aeb2695cdd1887b7/-78Wx98H-463666258-purple-MODEL.jpg",
            "price": 13499,
            "was-price": 13499,
            "name": " Solid Full-rim Frame Sunglasses",
            "url": "/numi-paris-solid-full-rim-frame-sunglasses/p/463666258_purple",
            "offer-price": 12824.05,
            "rating-count": 0,
            "cat1": "Men",
            "cat2": "Eyewear",
            "cat3": "Sunglasses",
            "brand": "numi-paris"
        },
        {
            "product-id": "464400788",
            "avg-rating": "",
            "img-url": "https://assets.ajio.com/medias/sys_master/root/20220528/8kNA/62914037aeb26921afee53ca/-78Wx98H-464400788-blue-MODEL.jpg",
            "price": 16950,
            "was-price": 16950,
            "name": "Solid Shoulder Bag",
            "url": "/ampm-solid-shoulder-bag/p/464400788_blue",
            "offer-price": 15950,
            "rating-count": 0,
            "cat1": "Women",
            "cat2": "Bags, Belts & Wallets",
            "cat3": "Handbags",
            "brand": "ampm"
        },
        {
            "product-id": "464412823",
            "avg-rating": "",
            "img-url": "https://assets.ajio.com/medias/sys_master/root/20220531/0xr2/62952e7bf997dd03e24b1f3f/-78Wx98H-464412823-maroon-MODEL.jpg",
            "price": 87500,
            "was-price": 87500,
            "name": "Floral Embroidered Slim Fit Jacket",
            "url": "/jatin-malik-floral-embroidered-slim-fit-jacket/p/464412823_maroon",
            "offer-price": 86500,
            "rating-count": 0,
            "cat1": "Men",
            "cat2": "Ethnic Wear",
            "cat3": "3-Piece Ethnic Suit",
            "brand": "jatin-malik"
        },
        {
            "product-id": "464414032",
            "avg-rating": "",
            "img-url": "https://assets.ajio.com/medias/sys_master/root/20220531/zGy7/62953235f997dd03e24b832d/-78Wx98H-464414032-silver-MODEL.jpg",
            "price": 17900,
            "was-price": 17900,
            "name": "925 Sterling Silver Statement Dangler Earrings",
            "url": "/neeta-boochra-jewellery-925-sterling-silver-statement-dangler-earrings/p/464414032_silver",
            "offer-price": 16900,
            "rating-count": 0,
            "cat1": "Women",
            "cat2": "Fashion Jewellery",
            "cat3": "Earrings",
            "brand": "neeta-boochra-jewellery"
        },
        {
            "product-id": "469155270",
            "avg-rating": "",
            "img-url": "https://assets.ajio.com/medias/sys_master/root/20220528/ti0l/6291bbbff997dd03e242b44f/-78Wx98H-469155270-white-MODEL.jpg",
            "price": 19999,
            "was-price": 19999,
            "name": "Icon Embossed Beach Slides",
            "url": "/dsquared2-icon-embossed-beach-slides/p/469155270_white",
            "offer-price": 18999,
            "rating-count": 0,
            "cat1": "Men",
            "cat2": "Footwear",
            "cat3": "Flip Flop & Slippers",
            "brand": "dsquared2"
        },
        {
            "product-id": "464399492",
            "avg-rating": "",
            "img-url": "https://assets.ajio.com/medias/sys_master/root/20220528/55GJ/62914058f997dd03e24018e0/-78Wx98H-464399492-pink-MODEL.jpg",
            "price": 12900,
            "was-price": 12900,
            "name": "V-neck Dress with Waist Belt",
            "url": "/the-dapper-lady-v-neck-dress-with-waist-belt/p/464399492_pink",
            "offer-price": 11900,
            "rating-count": 0,
            "cat1": "Women",
            "cat2": "Western Wear",
            "cat3": "Dresses",
            "brand": "the-dapper-lady"
        },
        {
            "product-id": "464413930",
            "avg-rating": "",
            "img-url": "https://assets.ajio.com/medias/sys_master/root/20220531/vs4O/62953212aeb26921aff8c119/-78Wx98H-464413930-grey-MODEL.jpg",
            "price": 24500,
            "was-price": 24500,
            "name": "Printed Crepe Kaftan",
            "url": "/payal-singhal-printed-crepe-kaftan/p/464413930_grey",
            "offer-price": 22050,
            "rating-count": 0,
            "cat1": "Women",
            "cat2": "Western Wear",
            "cat3": "Dresses",
            "brand": "payal-singhal"
        },
        {
            "product-id": "410312103",
            "avg-rating": "",
            "img-url": "https://assets.ajio.com/medias/sys_master/root/20220531/s0Iy/6295718baeb26921affa3bae/-78Wx98H-410312103-401-MODEL.jpg",
            "price": 11000,
            "was-price": 11000,
            "name": "Logo Print Cotton Polo T-shirt",
            "url": "/michael-kors-logo-print-cotton-polo-t-shirt/p/410312103_401",
            "offer-price": 9900,
            "rating-count": 0,
            "cat1": "Men",
            "cat2": "Western Wear",
            "cat3": "Tshirts",
            "brand": "michael-kors"
        },
        {
            "product-id": "410312103",
            "avg-rating": "",
            "img-url": "https://assets.ajio.com/medias/sys_master/root/20220531/ynJe/6295959eaeb26921affaf653/-78Wx98H-410312103-035-MODEL.jpg",
            "price": 11000,
            "was-price": 11000,
            "name": "Logo Print Cotton Polo T-shirt",
            "url": "/michael-kors-logo-print-cotton-polo-t-shirt/p/410312103_035",
            "offer-price": 5940,
            "rating-count": 0,
            "cat1": "Men",
            "cat2": "Western Wear",
            "cat3": "Tshirts",
            "brand": "michael-kors"
        },
        {
            "product-id": "464416871",
            "avg-rating": "",
            "img-url": "https://assets.ajio.com/medias/sys_master/root/20220601/YsLG/629684a3aeb26921afff8a7d/-78Wx98H-464416871-black-MODEL.jpg",
            "price": 42999,
            "was-price": 42999,
            "name": "24-piece Desire Cutlery Set",
            "url": "/herdmar-24-piece-desire-cutlery-set/p/464416871_black",
            "offer-price": 41999,
            "rating-count": 0,
            "cat1": "Home & Kitchen",
            "cat2": "Kitchen & Dining",
            "cat3": "Cutlery",
            "brand": "herdmar"
        },
        {
            "product-id": "464415860",
            "avg-rating": "",
            "img-url": "https://assets.ajio.com/medias/sys_master/root/20220601/YzXx/62967e55f997dd03e25275c9/-78Wx98H-464415860-blue-MODEL.jpg",
            "price": 22500,
            "was-price": 22500,
            "name": "Printed Crepe Kaftan",
            "url": "/payal-singhal-printed-crepe-kaftan/p/464415860_blue",
            "offer-price": 20250,
            "rating-count": 0,
            "cat1": "Women",
            "cat2": "Western Wear",
            "cat3": "Dresses",
            "brand": "payal-singhal"
        },
        {
            "product-id": "464416813",
            "avg-rating": "",
            "img-url": "https://assets.ajio.com/medias/sys_master/root/20230623/db2X/6494d1b9d55b7d0c63a6fee0/-78Wx98H-464416813-silver-MODEL.jpg",
            "price": 2150,
            "was-price": 2150,
            "name": "6-piece Vintage Tea Spoon Set",
            "url": "/herdmar-6-piece-vintage-tea-spoon-set/p/464416813_silver",
            "offer-price": 1611.15,
            "rating-count": 0,
            "cat1": "Home & Kitchen",
            "cat2": "Kitchen & Dining",
            "cat3": "Cutlery",
            "brand": "herdmar"
        },
        {
            "product-id": "464352632",
            "avg-rating": "",
            "img-url": "https://assets.ajio.com/medias/sys_master/root/20220523/TMNt/628b6631f997dd03e214228b/-78Wx98H-464352632-green-MODEL.jpg",
            "price": 3913,
            "was-price": 5590,
            "name": "WE5128 53 097 Square Frames",
            "url": "/web-we5128-53-097-square-frames/p/464352632_green",
            "offer-price": 2932.3,
            "rating-count": 0,
            "cat1": "Men",
            "cat2": "Eyewear",
            "cat3": "Frames",
            "brand": "web"
        },
        {
            "product-id": "464402269",
            "avg-rating": "",
            "img-url": "https://assets.ajio.com/medias/sys_master/root/20230525/rw6w/646eadd2d55b7d0c63df7d05/-78Wx98H-464402269-white-MODEL.jpg",
            "price": 8500,
            "was-price": 8500,
            "name": "Solid Shoulder Bag",
            "url": "/perona-solid-shoulder-bag/p/464402269_white",
            "offer-price": 7500,
            "rating-count": 0,
            "cat1": "Women",
            "cat2": "Bags, Belts & Wallets",
            "cat3": "Handbags",
            "brand": "perona"
        },
        {
            "product-id": "464416000",
            "avg-rating": "",
            "img-url": "https://assets.ajio.com/medias/sys_master/root/20220601/D0VW/629680aaaeb26921afff1346/-78Wx98H-464416000-orange-MODEL.jpg",
            "price": 25500,
            "was-price": 25500,
            "name": "Printed Crepe High-Slit Kaftan with Belt",
            "url": "/payal-singhal-printed-crepe-high-slit-kaftan-with-belt/p/464416000_orange",
            "offer-price": 22950,
            "rating-count": 0,
            "cat1": "Women",
            "cat2": "Western Wear",
            "cat3": "Dresses",
            "brand": "payal-singhal"
        }
    ],
    "ajio": [],
    "": []
}