{
    "luxe.ajio": [
        {
            "product-id": "464363404",
            "avg-rating": "",
            "img-url": "https://assets.ajio.com/medias/sys_master/root/20220521/2iao/6287ff91f997dd03e2ff1f49/-78Wx98H-464363404-cream-MODEL.jpg",
            "price": 10746,
            "was-price": 10746,
            "name": "Floral Print Full Sleeves Top ",
            "url": "/nikasha-floral-print-full-sleeves-top/p/464363404_cream",
            "offer-price": 9671.4,
            "rating-count": 0,
            "cat1": "Women",
            "cat2": "Fusion Wear",
            "cat3": "Shirts, Tops & Tunic",
            "brand": "nikasha"
        },
        {
            "product-id": "469157576",
            "avg-rating": "",
            "img-url": "https://assets.ajio.com/medias/sys_master/root/20220520/OnoE/6286e20bf997dd03e2f7e8f0/-78Wx98H-469157576-red-MODEL.jpg",
            "price": 37999,
            "was-price": 37999,
            "name": "Macrame Lace Organic Cotton Skater Dress",
            "url": "/self-portrait-macrame-lace-organic-cotton-skater-dress/p/469157576_red",
            "offer-price": 34199.1,
            "rating-count": 0,
            "cat1": "Women",
            "cat2": "Western Wear",
            "cat3": "Dresses",
            "brand": "self-portrait"
        },
        {
            "product-id": "464363400",
            "avg-rating": "",
            "img-url": "https://assets.ajio.com/medias/sys_master/root/20220521/uOmV/6287fe36aeb26921afb43be7/-78Wx98H-464363400-multi-MODEL.jpg",
            "price": 15390,
            "was-price": 15390,
            "name": "Printed Collar-Neck Tunic",
            "url": "/nikasha-printed-collar-neck-tunic/p/464363400_multi",
            "offer-price": 13851,
            "rating-count": 0,
            "cat1": "Women",
            "cat2": "Fusion Wear",
            "cat3": "Shirts, Tops & Tunic",
            "brand": "nikasha"
        },
        {
            "product-id": "469157581",
            "avg-rating": "",
            "img-url": "https://assets.ajio.com/medias/sys_master/root/20220520/fu3l/62868da8f997dd03e2f595f0/-78Wx98H-469157581-deepblue-MODEL.jpg",
            "price": 33999,
            "was-price": 33999,
            "name": "Lace V-neck Fit & Flare Dress",
            "url": "/self-portrait-lace-v-neck-fit-flare-dress/p/469157581_deepblue",
            "offer-price": 30599.1,
            "rating-count": 0,
            "cat1": "Women",
            "cat2": "Western Wear",
            "cat3": "Dresses",
            "brand": "self-portrait"
        },
        {
            "product-id": "464363425",
            "avg-rating": "",
            "img-url": "https://assets.ajio.com/medias/sys_master/root/20220521/0yr7/62880100f997dd03e2ff3796/-78Wx98H-464363425-blue-MODEL.jpg",
            "price": 7830,
            "was-price": 7830,
            "name": "Floral Print Sleeveless  Top",
            "url": "/nikasha-floral-print-sleeveless-top/p/464363425_blue",
            "offer-price": 6830,
            "rating-count": 0,
            "cat1": "Women",
            "cat2": "Fusion Wear",
            "cat3": "Shirts, Tops & Tunic",
            "brand": "nikasha"
        },
        {
            "product-id": "469157582",
            "avg-rating": "",
            "img-url": "https://assets.ajio.com/medias/sys_master/root/20220520/MNab/6286b85aaeb26921afad4699/-78Wx98H-469157582-blue-MODEL.jpg",
            "price": 30999,
            "was-price": 30999,
            "name": "Fitted Square-Neck Bodycon Dress",
            "url": "/self-portrait-fitted-square-neck-bodycon-dress/p/469157582_blue",
            "offer-price": 27899.1,
            "rating-count": 0,
            "cat1": "Women",
            "cat2": "Western Wear",
            "cat3": "Dresses",
            "brand": "self-portrait"
        },
        {
            "product-id": "464363427",
            "avg-rating": "",
            "img-url": "https://assets.ajio.com/medias/sys_master/root/20220521/Vx40/6287ff13f997dd03e2ff17be/-78Wx98H-464363427-cream-MODEL.jpg",
            "price": 9990,
            "was-price": 9990,
            "name": "Floral Print Collar-Neck Top",
            "url": "/nikasha-floral-print-collar-neck-top/p/464363427_cream",
            "offer-price": 8990,
            "rating-count": 0,
            "cat1": "Women",
            "cat2": "Fusion Wear",
            "cat3": "Shirts, Tops & Tunic",
            "brand": "nikasha"
        },
        {
            "product-id": "464363213",
            "avg-rating": "",
            "img-url": "https://assets.ajio.com/medias/sys_master/root/20240308/ZgOT/65eafb9505ac7d77bba11b9c/-78Wx98H-464363213-grey-MODEL.jpg",
            "price": 34500,
            "was-price": 34500,
            "name": "FT0816 51 52N Round Sunglasses",
            "url": "/tom-ford-ft0816-51-52n-round-sunglasses/p/464363213_grey",
            "offer-price": 32775,
            "rating-count": 0,
            "cat1": "Men",
            "cat2": "Eyewear",
            "cat3": "Sunglasses",
            "brand": "tom-ford"
        },
        {
            "product-id": "469157589",
            "avg-rating": "",
            "img-url": "https://assets.ajio.com/medias/sys_master/root/20220520/79ks/6286c8b3aeb26921afad8944/-78Wx98H-469157589-black-MODEL.jpg",
            "price": 37999,
            "was-price": 37999,
            "name": "Floral Print Fit & Flare Dress",
            "url": "/self-portrait-floral-print-fit-flare-dress/p/469157589_black",
            "offer-price": 34199.1,
            "rating-count": 0,
            "cat1": "Women",
            "cat2": "Western Wear",
            "cat3": "Dresses",
            "brand": "self-portrait"
        },
        {
            "product-id": "410312092",
            "avg-rating": "",
            "img-url": "https://assets.ajio.com/medias/sys_master/root/20220520/Zvvn/6286fa80f997dd03e2f87a3e/-78Wx98H-410312092-945-MODEL.jpg",
            "price": 36500,
            "was-price": 36500,
            "name": "Denim Shirt Dress with Metal Waist Belt",
            "url": "/michael-kors-denim-shirt-dress-with-metal-waist-belt/p/410312092_945",
            "offer-price": 32850,
            "rating-count": 0,
            "cat1": "Women",
            "cat2": "Western Wear",
            "cat3": "Dresses",
            "brand": "michael-kors"
        },
        {
            "product-id": "464363216",
            "avg-rating": "",
            "img-url": "https://assets.ajio.com/medias/sys_master/root/20240308/nQfe/65eafaad05ac7d77bba0f722/-78Wx98H-464363216-grey-MODEL.jpg",
            "price": 40000,
            "was-price": 40000,
            "name": "FT0826 54 28B Round Sunglasses",
            "url": "/tom-ford-ft0826-54-28b-round-sunglasses/p/464363216_grey",
            "offer-price": 38000,
            "rating-count": 0,
            "cat1": "Men",
            "cat2": "Eyewear",
            "cat3": "Sunglasses",
            "brand": "tom-ford"
        },
        {
            "product-id": "464360810",
            "avg-rating": "",
            "img-url": "https://assets.ajio.com/medias/sys_master/root/20230823/IyGS/64e61220ddf7791519649de3/-78Wx98H-464360810-blue-MODEL.jpg",
            "price": 2500,
            "was-price": 2500,
            "name": "Micro Print Pocket Square",
            "url": "/s-n-by-shantnu-nikhil-micro-print-pocket-square/p/464360810_blue",
            "offer-price": 1123.12,
            "rating-count": 0,
            "cat1": "Men",
            "cat2": "Clothing Accessories",
            "cat3": "Ties",
            "brand": "s-n-by-shantnu-nikhil"
        },
        {
            "product-id": "463616662",
            "avg-rating": "",
            "img-url": "https://assets.ajio.com/medias/sys_master/root/20220107/Ektu/61d75a93f997dd662313e819/-78Wx98H-463616662-green-MODEL.jpg",
            "price": 1590,
            "was-price": 1590,
            "name": "Jade Gua Sha",
            "url": "/ras-luxury-oils-jade-gua-sha/p/463616662_green",
            "offer-price": 1190.5,
            "rating-count": 0,
            "cat1": "Women",
            "cat2": "Personal Care",
            "cat3": "Personal Care Tools",
            "brand": "ras-luxury-oils"
        },
        {
            "product-id": "469099763",
            "avg-rating": "",
            "img-url": "https://assets.ajio.com/medias/sys_master/root/20220106/ZsJ6/61d5f3bff997dd662311d8e1/-78Wx98H-469099763-gold-MODEL.jpg",
            "price": 13825,
            "was-price": 19750,
            "name": "KW131 Automatic Skeleton Analogue Wrist Watch",
            "url": "/kredo-kw131-automatic-skeleton-analogue-wrist-watch/p/469099763_gold",
            "offer-price": 12825,
            "rating-count": 0,
            "cat1": "Men",
            "cat2": "Timewear",
            "cat3": "Watches",
            "brand": "kredo"
        },
        {
            "product-id": "469099764",
            "avg-rating": "",
            "img-url": "https://assets.ajio.com/medias/sys_master/root/20220106/Fi3Z/61d5f33baeb2695cdd063a0f/-78Wx98H-469099764-black-MODEL.jpg",
            "price": 8323,
            "was-price": 11890,
            "name": "KW029 Dedon Automatic Skeleton Analogue Wrist Watch",
            "url": "/kredo-kw029-dedon-automatic-skeleton-analogue-wrist-watch/p/469099764_black",
            "offer-price": 7323,
            "rating-count": 0,
            "cat1": "Men",
            "cat2": "Timewear",
            "cat3": "Watches",
            "brand": "kredo"
        },
        {
            "product-id": "469099781",
            "avg-rating": "",
            "img-url": "https://assets.ajio.com/medias/sys_master/root/20220106/Ksnw/61d5ef6bf997dd662311c1d6/-78Wx98H-469099781-black-MODEL.jpg",
            "price": 10143,
            "was-price": 14490,
            "name": "KW077 OTUS MALIK Automatic Skeleton Analogue Watch with Stainless Steel Strap",
            "url": "/kredo-kw077-otus-malik-automatic-skeleton-analogue-watch-with-stainless-steel-strap/p/469099781_black",
            "offer-price": 9143,
            "rating-count": 0,
            "cat1": "Men",
            "cat2": "Timewear",
            "cat3": "Watches",
            "brand": "kredo"
        },
        {
            "product-id": "469099782",
            "avg-rating": "",
            "img-url": "https://assets.ajio.com/medias/sys_master/root/20220106/gnTl/61d5ed47aeb2695cdd062077/-78Wx98H-469099782-blue-MODEL.jpg",
            "price": 10143,
            "was-price": 14490,
            "name": "KW078 OTUS MALIK Automatic Skeleton Analogue Watch with Stainless Steel Strap",
            "url": "/kredo-kw078-otus-malik-automatic-skeleton-analogue-watch-with-stainless-steel-strap/p/469099782_blue",
            "offer-price": 9143,
            "rating-count": 0,
            "cat1": "Men",
            "cat2": "Timewear",
            "cat3": "Watches",
            "brand": "kredo"
        },
        {
            "product-id": "464363456",
            "avg-rating": "",
            "img-url": "https://assets.ajio.com/medias/sys_master/root/20220521/21BZ/62880206aeb26921afb47ce8/-78Wx98H-464363456-yellow-MODEL.jpg",
            "price": 14850,
            "was-price": 14850,
            "name": "Floral Print Collar-Neck Tunic",
            "url": "/nikasha-floral-print-collar-neck-tunic/p/464363456_yellow",
            "offer-price": 13365,
            "rating-count": 0,
            "cat1": "Women",
            "cat2": "Fusion Wear",
            "cat3": "Shirts, Tops & Tunic",
            "brand": "nikasha"
        },
        {
            "product-id": "464363411",
            "avg-rating": "",
            "img-url": "https://assets.ajio.com/medias/sys_master/root/20220521/QhRn/6287fe0ff997dd03e2ff056c/-78Wx98H-464363411-cream-MODEL.jpg",
            "price": 14850,
            "was-price": 14850,
            "name": "Floral Print Full Sleeves Tunic",
            "url": "/nikasha-floral-print-full-sleeves-tunic/p/464363411_cream",
            "offer-price": 13365,
            "rating-count": 0,
            "cat1": "Women",
            "cat2": "Fusion Wear",
            "cat3": "Shirts, Tops & Tunic",
            "brand": "nikasha"
        },
        {
            "product-id": "464363210",
            "avg-rating": "",
            "img-url": "https://assets.ajio.com/medias/sys_master/root/20221215/57lu/639ad807f997ddfdbdd650fe/-78Wx98H-464363210-grey-MODEL.jpg",
            "price": 27900,
            "was-price": 27900,
            "name": "FT0817-N 51 01A Round Sunglasses",
            "url": "/tom-ford-ft0817-n-51-01a-round-sunglasses/p/464363210_grey",
            "offer-price": 26505,
            "rating-count": 0,
            "cat1": "Men",
            "cat2": "Eyewear",
            "cat3": "Sunglasses",
            "brand": "tom-ford"
        },
        {
            "product-id": "469157588",
            "avg-rating": "",
            "img-url": "https://assets.ajio.com/medias/sys_master/root/20220520/2UEv/6286f274f997dd03e2f84bb4/-78Wx98H-469157588-blue-MODEL.jpg",
            "price": 21999,
            "was-price": 21999,
            "name": "Off-Shoulder Top with Ruffle Accent",
            "url": "/self-portrait-off-shoulder-top-with-ruffle-accent/p/469157588_blue",
            "offer-price": 19799.1,
            "rating-count": 0,
            "cat1": "Women",
            "cat2": "Western Wear",
            "cat3": "Tops",
            "brand": "self-portrait"
        },
        {
            "product-id": "464363480",
            "avg-rating": "",
            "img-url": "https://assets.ajio.com/medias/sys_master/root/20220521/VrQU/62880195aeb26921afb47382/-78Wx98H-464363480-cream-MODEL.jpg",
            "price": 10746,
            "was-price": 10746,
            "name": "Polka-dotted Full Sleeves Top",
            "url": "/nikasha-polka-dotted-full-sleeves-top/p/464363480_cream",
            "offer-price": 9671.4,
            "rating-count": 0,
            "cat1": "Women",
            "cat2": "Fusion Wear",
            "cat3": "Shirts, Tops & Tunic",
            "brand": "nikasha"
        },
        {
            "product-id": "410311497",
            "avg-rating": "",
            "img-url": "https://assets.ajio.com/medias/sys_master/root/20220520/cHl7/62870ae1aeb26921afaed5f6/-78Wx98H-410311497-421-MODEL.jpg",
            "price": 8000,
            "was-price": 8000,
            "name": "Crew-Neck T-shirt with Graphic Logo Print",
            "url": "/boss-crew-neck-t-shirt-with-graphic-logo-print/p/410311497_421",
            "offer-price": 4200,
            "rating-count": 0,
            "cat1": "Men",
            "cat2": "Night & Lounge Wear",
            "cat3": "Tshirts",
            "brand": "boss"
        },
        {
            "product-id": "464359598",
            "avg-rating": "",
            "img-url": "https://assets.ajio.com/medias/sys_master/root/20220520/ypfc/62877d7aaeb26921afb11394/-78Wx98H-464359598-cream-MODEL.jpg",
            "price": 8370,
            "was-price": 8370,
            "name": "Floral Print Sleeveless Tube Top",
            "url": "/nikasha-floral-print-sleeveless-tube-top/p/464359598_cream",
            "offer-price": 7370,
            "rating-count": 0,
            "cat1": "Women",
            "cat2": "Fusion Wear",
            "cat3": "Shirts, Tops & Tunic",
            "brand": "nikasha"
        },
        {
            "product-id": "464363431",
            "avg-rating": "",
            "img-url": "https://assets.ajio.com/medias/sys_master/root/20220521/keyW/6287fd49f997dd03e2fefa11/-78Wx98H-464363431-cream-MODEL.jpg",
            "price": 11610,
            "was-price": 11610,
            "name": "Polka-dotted Round-Neck Top",
            "url": "/nikasha-polka-dotted-round-neck-top/p/464363431_cream",
            "offer-price": 10449,
            "rating-count": 0,
            "cat1": "Women",
            "cat2": "Fusion Wear",
            "cat3": "Shirts, Tops & Tunic",
            "brand": "nikasha"
        },
        {
            "product-id": "464360126",
            "avg-rating": "",
            "img-url": "https://assets.ajio.com/medias/sys_master/root/20220520/8sb0/6287a812f997dd03e2fcf19b/-78Wx98H-464360126-black-MODEL.jpg",
            "price": 8990,
            "was-price": 8990,
            "name": "Off Shoulder Sheath Dress",
            "url": "/the-dapper-lady-off-shoulder-sheath-dress/p/464360126_black",
            "offer-price": 7990,
            "rating-count": 0,
            "cat1": "Women",
            "cat2": "Western Wear",
            "cat3": "Dresses",
            "brand": "the-dapper-lady"
        },
        {
            "product-id": "464356860",
            "avg-rating": "",
            "img-url": "https://assets.ajio.com/medias/sys_master/root/20220520/bH9K/6286aad7f997dd03e2f64c57/-78Wx98H-464356860-pink-MODEL.jpg",
            "price": 3990,
            "was-price": 3990,
            "name": "One-Shoulder Crop Top",
            "url": "/the-dapper-lady-one-shoulder-crop-top/p/464356860_pink",
            "offer-price": 2990,
            "rating-count": 0,
            "cat1": "Women",
            "cat2": "Western Wear",
            "cat3": "Tops",
            "brand": "the-dapper-lady"
        },
        {
            "product-id": "410311441",
            "avg-rating": "",
            "img-url": "https://assets.ajio.com/medias/sys_master/root/20221028/Z6PA/635bf7d6aeb269659c636e2f/-78Wx98H-410311441-337-MODEL.jpg",
            "price": 11000,
            "was-price": 11000,
            "name": "Polo T-shirt with Contrast Tipping",
            "url": "/boss-polo-t-shirt-with-contrast-tipping/p/410311441_337",
            "offer-price": 6150,
            "rating-count": 0,
            "cat1": "Men",
            "cat2": "Western Wear",
            "cat3": "Tshirts",
            "brand": "boss"
        },
        {
            "product-id": "463592794",
            "avg-rating": "",
            "img-url": "https://assets.ajio.com/medias/sys_master/root/20211231/UUwr/61cf489caeb2695cdd0185a2/-78Wx98H-463592794-grey-MODEL.jpg",
            "price": 9499,
            "was-price": 9499,
            "name": " Solid Full-rim Frame Sunglasses",
            "url": "/numi-paris-solid-full-rim-frame-sunglasses/p/463592794_grey",
            "offer-price": 9024.05,
            "rating-count": 0,
            "cat1": "Men",
            "cat2": "Eyewear",
            "cat3": "Sunglasses",
            "brand": "numi-paris"
        },
        {
            "product-id": "469099767",
            "avg-rating": "",
            "img-url": "https://assets.ajio.com/medias/sys_master/root/20220106/p80l/61d5e4a9aeb2695cdd05fc35/-78Wx98H-469099767-black-MODEL.jpg",
            "price": 8323,
            "was-price": 11890,
            "name": "KW036 Forte Automatic Skeleton Analogue Wrist Watch",
            "url": "/kredo-kw036-forte-automatic-skeleton-analogue-wrist-watch/p/469099767_black",
            "offer-price": 7323,
            "rating-count": 0,
            "cat1": "Men",
            "cat2": "Timewear",
            "cat3": "Watches",
            "brand": "kredo"
        },
        {
            "product-id": "463601056",
            "avg-rating": "",
            "img-url": "https://assets.ajio.com/medias/sys_master/root/20220103/eBem/61d340a8f997dd66230ef808/-78Wx98H-463601056-green-MODEL.jpg",
            "price": 8499,
            "was-price": 8499,
            "name": "Solid Square Shaped Sunglasses",
            "url": "/numi-paris-solid-square-shaped-sunglasses/p/463601056_green",
            "offer-price": 8074.05,
            "rating-count": 0,
            "cat1": "Men",
            "cat2": "Eyewear",
            "cat3": "Sunglasses",
            "brand": "numi-paris"
        },
        {
            "product-id": "469099766",
            "avg-rating": "",
            "img-url": "https://assets.ajio.com/medias/sys_master/root/20220106/nClL/61d5eb03f997dd662311ab21/-78Wx98H-469099766-black-MODEL.jpg",
            "price": 8323,
            "was-price": 11890,
            "name": "KW031 Dedon Automatic Skeleton Analogue Wrist Watch",
            "url": "/kredo-kw031-dedon-automatic-skeleton-analogue-wrist-watch/p/469099766_black",
            "offer-price": 7323,
            "rating-count": 0,
            "cat1": "Men",
            "cat2": "Timewear",
            "cat3": "Watches",
            "brand": "kredo"
        },
        {
            "product-id": "469099768",
            "avg-rating": "",
            "img-url": "https://assets.ajio.com/medias/sys_master/root/20220106/fxEU/61d5f26af997dd662311d2a0/-78Wx98H-469099768-black-MODEL.jpg",
            "price": 8323,
            "was-price": 11890,
            "name": "KW037 Forte Automatic Skeleton Analogue Wrist Watch",
            "url": "/kredo-kw037-forte-automatic-skeleton-analogue-wrist-watch/p/469099768_black",
            "offer-price": 7323,
            "rating-count": 0,
            "cat1": "Men",
            "cat2": "Timewear",
            "cat3": "Watches",
            "brand": "kredo"
        },
        {
            "product-id": "463594199",
            "avg-rating": "",
            "img-url": "https://assets.ajio.com/medias/sys_master/root/20221118/gzaN/63774d17aeb269659c9b87d5/-78Wx98H-463594199-grey-MODEL.jpg",
            "price": 16000,
            "was-price": 16000,
            "name": "Striped Briefcase Travel Bag",
            "url": "/swiss-brand-striped-briefcase-travel-bag/p/463594199_grey",
            "offer-price": 7800,
            "rating-count": 0,
            "cat1": "Men",
            "cat2": "Bags, Belts & Wallets",
            "cat3": "Travel Bags",
            "brand": "swiss-brand"
        },
        {
            "product-id": "469099773",
            "avg-rating": "",
            "img-url": "https://assets.ajio.com/medias/sys_master/root/20220106/Q8CL/61d5e748aeb2695cdd060595/-78Wx98H-469099773-black-MODEL.jpg",
            "price": 8323,
            "was-price": 11890,
            "name": "KW045 Otus Automatic Skeleton Analogue Wrist Watch",
            "url": "/kredo-kw045-otus-automatic-skeleton-analogue-wrist-watch/p/469099773_black",
            "offer-price": 7323,
            "rating-count": 0,
            "cat1": "Men",
            "cat2": "Timewear",
            "cat3": "Watches",
            "brand": "kredo"
        },
        {
            "product-id": "469129581",
            "avg-rating": "",
            "img-url": "https://assets.ajio.com/medias/sys_master/root/20220106/1Qh6/61d5e4a9aeb2695cdd05fc3b/-78Wx98H-469129581-gold-MODEL.jpg",
            "price": 22495,
            "was-price": 22495,
            "name": "CIWLG2116903 Analog Watch with Stainless Steel Strap",
            "url": "/cerruti-1881-ciwlg2116903-analog-watch-with-stainless-steel-strap/p/469129581_gold",
            "offer-price": 21495,
            "rating-count": 0,
            "cat1": "Women",
            "cat2": "Timewear",
            "cat3": "Watches",
            "brand": "cerruti-1881"
        },
        {
            "product-id": "463592982",
            "avg-rating": "",
            "img-url": "https://assets.ajio.com/medias/sys_master/root/20211231/98C5/61cf4786f997dd66230cb93a/-78Wx98H-463592982-grey-MODEL.jpg",
            "price": 12499,
            "was-price": 12499,
            "name": " Solid Full-rim Frame Sunglasses",
            "url": "/numi-paris-solid-full-rim-frame-sunglasses/p/463592982_grey",
            "offer-price": 11874.05,
            "rating-count": 0,
            "cat1": "Men",
            "cat2": "Eyewear",
            "cat3": "Sunglasses",
            "brand": "numi-paris"
        },
        {
            "product-id": "463601889",
            "avg-rating": "",
            "img-url": "https://assets.ajio.com/medias/sys_master/root/20220104/3WVo/61d361cdaeb2695cdd045aae/-78Wx98H-463601889-multi-MODEL.jpg",
            "price": 7300,
            "was-price": 7300,
            "name": "Gold-Plated Chandni Necklace",
            "url": "/queen-be-gold-plated-chandni-necklace/p/463601889_multi",
            "offer-price": 1421.12,
            "rating-count": 0,
            "cat1": "Women",
            "cat2": "Fashion Jewellery",
            "cat3": "Necklaces & Pendants",
            "brand": "queen-be"
        },
        {
            "product-id": "464363434",
            "avg-rating": "",
            "img-url": "https://assets.ajio.com/medias/sys_master/root/20220521/aKLk/6287fe36aeb26921afb43bf9/-78Wx98H-464363434-cream-MODEL.jpg",
            "price": 11880,
            "was-price": 11880,
            "name": "Floral Print Collar-Neck Tunic",
            "url": "/nikasha-floral-print-collar-neck-tunic/p/464363434_cream",
            "offer-price": 10692,
            "rating-count": 0,
            "cat1": "Women",
            "cat2": "Fusion Wear",
            "cat3": "Shirts, Tops & Tunic",
            "brand": "nikasha"
        },
        {
            "product-id": "410323296",
            "avg-rating": "",
            "img-url": "https://assets.ajio.com/medias/sys_master/root/20220520/6ABL/6286c23aaeb26921afad7242/-78Wx98H-410323296-830-MODEL.jpg",
            "price": 11000,
            "was-price": 11000,
            "name": "Organic Cotton Polo Shirt with Embroidered Logo",
            "url": "/boss-organic-cotton-polo-shirt-with-embroidered-logo/p/410323296_830",
            "offer-price": 6150,
            "rating-count": 0,
            "cat1": "Men",
            "cat2": "Western Wear",
            "cat3": "Tshirts",
            "brand": "boss"
        },
        {
            "product-id": "410323290",
            "avg-rating": "",
            "img-url": "https://assets.ajio.com/medias/sys_master/root/20220520/urDV/6286e20bf997dd03e2f7e8f5/-78Wx98H-410323290-623-MODEL.jpg",
            "price": 6000,
            "was-price": 6000,
            "name": "Baseball Cap with Contrast Brand Print",
            "url": "/boss-baseball-cap-with-contrast-brand-print/p/410323290_623",
            "offer-price": 2922.56,
            "rating-count": 0,
            "cat1": "Men",
            "cat2": "Clothing Accessories",
            "cat3": "Caps & Hats",
            "brand": "boss"
        },
        {
            "product-id": "464361402",
            "avg-rating": "",
            "img-url": "https://assets.ajio.com/medias/sys_master/root/20220627/pBwW/62b99854f997dd03e29f43f6/-78Wx98H-464361402-gold-MODEL.jpg",
            "price": 37425,
            "was-price": 37425,
            "name": "1513932 Globetrotter Chronograph Watch",
            "url": "/hugo-boss-1513932-globetrotter-chronograph-watch/p/464361402_gold",
            "offer-price": 33682.5,
            "rating-count": 0,
            "cat1": "Men",
            "cat2": "Timewear",
            "cat3": "Watches",
            "brand": "hugo-boss"
        },
        {
            "product-id": "464356592",
            "avg-rating": "",
            "img-url": "https://assets.ajio.com/medias/sys_master/root/20230525/cEjY/646eace842f9e729d7b439df/-78Wx98H-464356592-brown-MODEL.jpg",
            "price": 28500,
            "was-price": 28500,
            "name": "Embellished Sheath Dress with Blazer",
            "url": "/nikita-mhaisalkar-embellished-sheath-dress-with-blazer/p/464356592_brown",
            "offer-price": 25650,
            "rating-count": 0,
            "cat1": "Women",
            "cat2": "Western Wear",
            "cat3": "Dresses",
            "brand": "nikita-mhaisalkar"
        },
        {
            "product-id": "464354160",
            "avg-rating": "",
            "img-url": "https://assets.ajio.com/medias/sys_master/root/20220519/UBXR/62863108aeb26921afa910f2/-78Wx98H-464354160-gold-MODEL.jpg",
            "price": 18675,
            "was-price": 18675,
            "name": "1502548 Analogue Watch with Stainless Steel Strap",
            "url": "/hugo-boss-1502548-analogue-watch-with-stainless-steel-strap/p/464354160_gold",
            "offer-price": 18488.25,
            "rating-count": 0,
            "cat1": "Women",
            "cat2": "Timewear",
            "cat3": "Watches",
            "brand": "hugo-boss"
        },
        {
            "product-id": "410323275",
            "avg-rating": "",
            "img-url": "https://assets.ajio.com/medias/sys_master/root/20220520/XdGM/6286eeacf997dd03e2f834f7/-78Wx98H-410323275-439-MODEL.jpg",
            "price": 27000,
            "was-price": 27000,
            "name": "Water-Repellent Bomber Jacket with Logo Badge",
            "url": "/boss-water-repellent-bomber-jacket-with-logo-badge/p/410323275_439",
            "offer-price": 15795,
            "rating-count": 0,
            "cat1": "Men",
            "cat2": "Western Wear",
            "cat3": "Jackets & Coats",
            "brand": "boss"
        },
        {
            "product-id": "464359754",
            "avg-rating": "",
            "img-url": "https://assets.ajio.com/medias/sys_master/root/20220520/ms91/62877d26f997dd03e2fb6d3a/-78Wx98H-464359754-white-MODEL.jpg",
            "price": 7290,
            "was-price": 7290,
            "name": "Cuffed Sleeves  Shirt Dress",
            "url": "/the-dapper-lady-cuffed-sleeves-shirt-dress/p/464359754_white",
            "offer-price": 6290,
            "rating-count": 0,
            "cat1": "Women",
            "cat2": "Western Wear",
            "cat3": "Dresses",
            "brand": "the-dapper-lady"
        },
        {
            "product-id": "464363406",
            "avg-rating": "",
            "img-url": "https://assets.ajio.com/medias/sys_master/root/20220521/zKUh/6287fef6aeb26921afb448f0/-78Wx98H-464363406-blue-MODEL.jpg",
            "price": 8910,
            "was-price": 8910,
            "name": "Floral Print Sleeveless Top",
            "url": "/nikasha-floral-print-sleeveless-top/p/464363406_blue",
            "offer-price": 7910,
            "rating-count": 0,
            "cat1": "Women",
            "cat2": "Fusion Wear",
            "cat3": "Shirts, Tops & Tunic",
            "brand": "nikasha"
        },
        {
            "product-id": "469157590",
            "avg-rating": "",
            "img-url": "https://assets.ajio.com/medias/sys_master/root/20220520/j3uA/6286ff87aeb26921afae9b8f/-78Wx98H-469157590-red-MODEL.jpg",
            "price": 40999,
            "was-price": 40999,
            "name": "Gown Dress with Ruffle Accent",
            "url": "/self-portrait-gown-dress-with-ruffle-accent/p/469157590_red",
            "offer-price": 36899.1,
            "rating-count": 0,
            "cat1": "Women",
            "cat2": "Western Wear",
            "cat3": "Dresses",
            "brand": "self-portrait"
        },
        {
            "product-id": "464363415",
            "avg-rating": "",
            "img-url": "https://assets.ajio.com/medias/sys_master/root/20220521/Fzl1/6287fd6faeb26921afb42fca/-78Wx98H-464363415-cream-MODEL.jpg",
            "price": 14850,
            "was-price": 14850,
            "name": "Floral Print Collar-Neck  Tunic",
            "url": "/nikasha-floral-print-collar-neck-tunic/p/464363415_cream",
            "offer-price": 13365,
            "rating-count": 0,
            "cat1": "Women",
            "cat2": "Fusion Wear",
            "cat3": "Shirts, Tops & Tunic",
            "brand": "nikasha"
        },
        {
            "product-id": "410311434",
            "avg-rating": "",
            "img-url": "https://assets.ajio.com/medias/sys_master/root/20220520/HEYF/6286a691f997dd03e2f6120e/-78Wx98H-410311434-001-MODEL.jpg",
            "price": 11700,
            "was-price": 18000,
            "name": "Pleated Track Pants with Contrast Panels",
            "url": "/boss-pleated-track-pants-with-contrast-panels/p/410311434_001",
            "offer-price": 10530,
            "rating-count": 0,
            "cat1": "Men",
            "cat2": "Western Wear",
            "cat3": "Track Pants",
            "brand": "boss"
        },
        {
            "product-id": "464275391",
            "avg-rating": "",
            "img-url": "https://assets.ajio.com/medias/sys_master/root/20220523/Me1s/628b51a3aeb26921afc53780/-78Wx98H-464275391-black-MODEL.jpg",
            "price": 3950,
            "was-price": 3950,
            "name": "V-neck Blouse with Tie-Up",
            "url": "/gulabo-by-ajsk-v-neck-blouse-with-tie-up/p/464275391_black",
            "offer-price": 3555,
            "rating-count": 0,
            "cat1": "Women",
            "cat2": "Fusion Wear",
            "cat3": "Shirts, Tops & Tunic",
            "brand": "gulabo-by-ajsk"
        },
        {
            "product-id": "464275278",
            "avg-rating": "",
            "img-url": "https://assets.ajio.com/medias/sys_master/root/20220523/7MjY/628b514bf997dd03e212a676/-78Wx98H-464275278-white-MODEL.jpg",
            "price": 5950,
            "was-price": 5950,
            "name": "Halter-Neck Blouse with Tie-Up",
            "url": "/gulabo-by-ajsk-halter-neck-blouse-with-tie-up/p/464275278_white",
            "offer-price": 5355,
            "rating-count": 0,
            "cat1": "Women",
            "cat2": "Fusion Wear",
            "cat3": "Shirts, Tops & Tunic",
            "brand": "gulabo-by-ajsk"
        },
        {
            "product-id": "464275797",
            "avg-rating": "",
            "img-url": "https://assets.ajio.com/medias/sys_master/root/20220523/rBnL/628b515ff997dd03e212a89e/-78Wx98H-464275797-black-MODEL.jpg",
            "price": 8499,
            "was-price": 8499,
            "name": "Floral Fit & Flare Dress",
            "url": "/balance-by-rohit-bal-floral-fit-flare-dress/p/464275797_black",
            "offer-price": 7499,
            "rating-count": 0,
            "cat1": "Women",
            "cat2": "Western Wear",
            "cat3": "Dresses",
            "brand": "balance-by-rohit-bal"
        },
        {
            "product-id": "464274927",
            "avg-rating": "",
            "img-url": "https://assets.ajio.com/medias/sys_master/root/20220523/tNwT/628b517aaeb26921afc53411/-78Wx98H-464274927-black-MODEL.jpg",
            "price": 9999,
            "was-price": 9999,
            "name": "Floral Pant-Suit Set",
            "url": "/balance-by-rohit-bal-floral-pant-suit-set/p/464274927_black",
            "offer-price": 8999,
            "rating-count": 0,
            "cat1": "Women",
            "cat2": "Fusion Wear",
            "cat3": "Fusion Wear Sets",
            "brand": "balance-by-rohit-bal"
        },
        {
            "product-id": "463616608",
            "avg-rating": "",
            "img-url": "https://assets.ajio.com/medias/sys_master/root/20220107/GOLp/61d75aedf997dd662313ed87/-78Wx98H-463616608-pink-MODEL.jpg",
            "price": 1890,
            "was-price": 1890,
            "name": "Rose Quartz Gua Sha",
            "url": "/ras-luxury-oils-rose-quartz-gua-sha/p/463616608_pink",
            "offer-price": 1415.13,
            "rating-count": 0,
            "cat1": "Women",
            "cat2": "Personal Care",
            "cat3": "Personal Care Tools",
            "brand": "ras-luxury-oils"
        },
        {
            "product-id": "463614986",
            "avg-rating": "",
            "img-url": "https://assets.ajio.com/medias/sys_master/root/20220107/7MQj/61d7561baeb2695cdd07f5da/-78Wx98H-463614986-yellow-MODEL.jpg",
            "price": 1050,
            "was-price": 1050,
            "name": "Radiance Beauty Boosting Face Elixir ",
            "url": "/ras-luxury-oils-radiance-beauty-boosting-face-elixir/p/463614986_yellow",
            "offer-price": 786.18,
            "rating-count": 0,
            "cat1": "Women",
            "cat2": "Personal Care",
            "cat3": "Face Care",
            "brand": "ras-luxury-oils"
        },
        {
            "product-id": "463600988",
            "avg-rating": "",
            "img-url": "https://assets.ajio.com/medias/sys_master/root/20220103/LSk5/61d344c7f997dd66230f1762/-78Wx98H-463600988-brown-MODEL.jpg",
            "price": 7999,
            "was-price": 7999,
            "name": "Solid Round Sunglasses",
            "url": "/numi-paris-solid-round-sunglasses/p/463600988_brown",
            "offer-price": 7599.05,
            "rating-count": 0,
            "cat1": "Men",
            "cat2": "Eyewear",
            "cat3": "Sunglasses",
            "brand": "numi-paris"
        },
        {
            "product-id": "463593970",
            "avg-rating": "",
            "img-url": "https://assets.ajio.com/medias/sys_master/root/20221118/bSrh/63774b09aeb269659c9b4b27/-78Wx98H-463593970-blue-MODEL.jpg",
            "price": 11275,
            "was-price": 20500,
            "name": "Striped Briefcase Travel Bag",
            "url": "/swiss-brand-striped-briefcase-travel-bag/p/463593970_blue",
            "offer-price": 10275,
            "rating-count": 0,
            "cat1": "Men",
            "cat2": "Bags, Belts & Wallets",
            "cat3": "Travel Bags",
            "brand": "swiss-brand"
        },
        {
            "product-id": "463592802",
            "avg-rating": "",
            "img-url": "https://assets.ajio.com/medias/sys_master/root/20211231/7j74/61cf4908aeb2695cdd018bd1/-78Wx98H-463592802-brown-MODEL.jpg",
            "price": 10499,
            "was-price": 10499,
            "name": "Solid Full-rim Frame Sunglasses",
            "url": "/numi-paris-solid-full-rim-frame-sunglasses/p/463592802_brown",
            "offer-price": 9974.05,
            "rating-count": 0,
            "cat1": "Men",
            "cat2": "Eyewear",
            "cat3": "Sunglasses",
            "brand": "numi-paris"
        },
        {
            "product-id": "463592812",
            "avg-rating": "",
            "img-url": "https://assets.ajio.com/medias/sys_master/root/20211231/nUc7/61cf47acaeb2695cdd0177ac/-78Wx98H-463592812-blue-MODEL.jpg",
            "price": 12499,
            "was-price": 12499,
            "name": " Solid Full-rim Frame Sunglasses",
            "url": "/numi-paris-solid-full-rim-frame-sunglasses/p/463592812_blue",
            "offer-price": 11874.05,
            "rating-count": 0,
            "cat1": "Men",
            "cat2": "Eyewear",
            "cat3": "Sunglasses",
            "brand": "numi-paris"
        },
        {
            "product-id": "463601120",
            "avg-rating": "",
            "img-url": "https://assets.ajio.com/medias/sys_master/root/20220103/fSf7/61d347abaeb2695cdd03c8e1/-78Wx98H-463601120-brown-MODEL.jpg",
            "price": 7499,
            "was-price": 7499,
            "name": "Solid Round Shaped Sunglasses",
            "url": "/numi-paris-solid-round-shaped-sunglasses/p/463601120_brown",
            "offer-price": 7124.05,
            "rating-count": 0,
            "cat1": "Men",
            "cat2": "Eyewear",
            "cat3": "Sunglasses",
            "brand": "numi-paris"
        },
        {
            "product-id": "463592789",
            "avg-rating": "",
            "img-url": "https://assets.ajio.com/medias/sys_master/root/20211231/SGra/61cf4711aeb2695cdd016f50/-78Wx98H-463592789-blue-MODEL.jpg",
            "price": 7999,
            "was-price": 7999,
            "name": " Solid Full-rim Frame Sunglasses",
            "url": "/numi-paris-solid-full-rim-frame-sunglasses/p/463592789_blue",
            "offer-price": 7599.05,
            "rating-count": 0,
            "cat1": "Men",
            "cat2": "Eyewear",
            "cat3": "Sunglasses",
            "brand": "numi-paris"
        },
        {
            "product-id": "463593139",
            "avg-rating": "",
            "img-url": "https://assets.ajio.com/medias/sys_master/root/20211231/9dQl/61cf484aaeb2695cdd0180d9/-78Wx98H-463593139-green-MODEL.jpg",
            "price": 7499,
            "was-price": 7499,
            "name": " Solid Full-rim Frame Sunglasses",
            "url": "/numi-paris-solid-full-rim-frame-sunglasses/p/463593139_green",
            "offer-price": 6374.15,
            "rating-count": 0,
            "cat1": "Men",
            "cat2": "Eyewear",
            "cat3": "Sunglasses",
            "brand": "numi-paris"
        },
        {
            "product-id": "463600910",
            "avg-rating": "",
            "img-url": "https://assets.ajio.com/medias/sys_master/root/20230621/rXhk/649260a142f9e729d7638fc8/-78Wx98H-463600910-grey-MODEL.jpg",
            "price": 7999,
            "was-price": 7999,
            "name": "Solid Square Shaped Sunglasses",
            "url": "/numi-paris-solid-square-shaped-sunglasses/p/463600910_grey",
            "offer-price": 7599.05,
            "rating-count": 0,
            "cat1": "Men",
            "cat2": "Eyewear",
            "cat3": "Sunglasses",
            "brand": "numi-paris"
        },
        {
            "product-id": "463942366",
            "avg-rating": "",
            "img-url": "https://assets.ajio.com/medias/sys_master/root/20231227/TRBC/658bfc61ddf7791519ed8288/-78Wx98H-463942366-white-MODEL.jpg",
            "price": 5450,
            "was-price": 5450,
            "name": "Embroidered Slim Fit Shirt with Cuffed Sleeves",
            "url": "/abkasa-embroidered-slim-fit-shirt-with-cuffed-sleeves/p/463942366_white",
            "offer-price": 4450,
            "rating-count": 0,
            "cat1": "Men",
            "cat2": "Western Wear",
            "cat3": "Shirts",
            "brand": "abkasa"
        },
        {
            "product-id": "464275488",
            "avg-rating": "",
            "img-url": "https://assets.ajio.com/medias/sys_master/root/20220523/wzu4/628b531caeb26921afc554ce/-78Wx98H-464275488-blue-MODEL.jpg",
            "price": 2990,
            "was-price": 2990,
            "name": "Sleeveless Crop Top",
            "url": "/the-dapper-lady-sleeveless-crop-top/p/464275488_blue",
            "offer-price": 2240.63,
            "rating-count": 0,
            "cat1": "Women",
            "cat2": "Western Wear",
            "cat3": "Tops",
            "brand": "the-dapper-lady"
        },
        {
            "product-id": "464363440",
            "avg-rating": "",
            "img-url": "https://assets.ajio.com/medias/sys_master/root/20220521/krL4/6287fd8df997dd03e2fefd60/-78Wx98H-464363440-black-MODEL.jpg",
            "price": 11610,
            "was-price": 11610,
            "name": "Graphic Print High-Neck  Top",
            "url": "/nikasha-graphic-print-high-neck-top/p/464363440_black",
            "offer-price": 10449,
            "rating-count": 0,
            "cat1": "Women",
            "cat2": "Fusion Wear",
            "cat3": "Shirts, Tops & Tunic",
            "brand": "nikasha"
        },
        {
            "product-id": "469130765",
            "avg-rating": "",
            "img-url": "https://assets.ajio.com/medias/sys_master/root/20220430/R6UG/626c3ad1f997dd03e28bd312/-78Wx98H-469130765-black-MODEL.jpg",
            "price": 24999,
            "was-price": 24999,
            "name": "Josephine Crossbody Bag",
            "url": "/coccinelle-josephine-crossbody-bag/p/469130765_black",
            "offer-price": 23999,
            "rating-count": 0,
            "cat1": "Women",
            "cat2": "Bags, Belts & Wallets",
            "cat3": "Handbags",
            "brand": "coccinelle"
        },
        {
            "product-id": "469130777",
            "avg-rating": "",
            "img-url": "https://assets.ajio.com/medias/sys_master/root/20220430/T1ix/626c42a3aeb26921af4cf6cd/-78Wx98H-469130777-white-MODEL.jpg",
            "price": 22999,
            "was-price": 22999,
            "name": "Beat Nassa Sling Bag",
            "url": "/coccinelle-beat-nassa-sling-bag/p/469130777_white",
            "offer-price": 21999,
            "rating-count": 0,
            "cat1": "Women",
            "cat2": "Bags, Belts & Wallets",
            "cat3": "Handbags",
            "brand": "coccinelle"
        },
        {
            "product-id": "464360103",
            "avg-rating": "",
            "img-url": "https://assets.ajio.com/medias/sys_master/root/20220520/thBo/62877ecff997dd03e2fb98a6/-78Wx98H-464360103-navy-MODEL.jpg",
            "price": 8690,
            "was-price": 8690,
            "name": "Off Shoulder Sheath Dress",
            "url": "/the-dapper-lady-off-shoulder-sheath-dress/p/464360103_navy",
            "offer-price": 7690,
            "rating-count": 0,
            "cat1": "Women",
            "cat2": "Western Wear",
            "cat3": "Dresses",
            "brand": "the-dapper-lady"
        },
        {
            "product-id": "464274842",
            "avg-rating": "",
            "img-url": "https://assets.ajio.com/medias/sys_master/root/20220523/aP5W/628b51e1aeb26921afc53c33/-78Wx98H-464274842-black-MODEL.jpg",
            "price": 16999,
            "was-price": 16999,
            "name": "Floral Anarkali Kurta Set",
            "url": "/balance-by-rohit-bal-floral-anarkali-kurta-set/p/464274842_black",
            "offer-price": 15999,
            "rating-count": 0,
            "cat1": "Women",
            "cat2": "Ethnic Wear",
            "cat3": "Kurta Suit Sets",
            "brand": "balance-by-rohit-bal"
        },
        {
            "product-id": "463592685",
            "avg-rating": "",
            "img-url": "https://assets.ajio.com/medias/sys_master/root/20211231/ruge/61cf484aaeb2695cdd0180e0/-78Wx98H-463592685-brown-MODEL.jpg",
            "price": 5299,
            "was-price": 5299,
            "name": "Solid Full-rim Frame Sunglasses ",
            "url": "/numi-paris-solid-full-rim-frame-sunglasses/p/463592685_brown",
            "offer-price": 5034.05,
            "rating-count": 0,
            "cat1": "Men",
            "cat2": "Eyewear",
            "cat3": "Sunglasses",
            "brand": "numi-paris"
        },
        {
            "product-id": "463600963",
            "avg-rating": "",
            "img-url": "https://assets.ajio.com/medias/sys_master/root/20220103/xNgW/61d3411df997dd66230eff57/-78Wx98H-463600963-green-MODEL.jpg",
            "price": 5999,
            "was-price": 5999,
            "name": "Solid Aviator Sunglasses",
            "url": "/numi-paris-solid-aviator-sunglasses/p/463600963_green",
            "offer-price": 5699.05,
            "rating-count": 0,
            "cat1": "Men",
            "cat2": "Eyewear",
            "cat3": "Sunglasses",
            "brand": "numi-paris"
        },
        {
            "product-id": "463600961",
            "avg-rating": "",
            "img-url": "https://assets.ajio.com/medias/sys_master/root/20220103/dcUE/61d348b3aeb2695cdd03cdf5/-78Wx98H-463600961-blue-MODEL.jpg",
            "price": 6499,
            "was-price": 6499,
            "name": "Solid Wayfarers Sunglasses",
            "url": "/numi-paris-solid-wayfarers-sunglasses/p/463600961_blue",
            "offer-price": 5499,
            "rating-count": 0,
            "cat1": "Men",
            "cat2": "Eyewear",
            "cat3": "Sunglasses",
            "brand": "numi-paris"
        },
        {
            "product-id": "463600780",
            "avg-rating": "",
            "img-url": "https://assets.ajio.com/medias/sys_master/root/20220103/4Z9m/61d3412af997dd66230f0084/-78Wx98H-463600780-brown-MODEL.jpg",
            "price": 6499,
            "was-price": 6499,
            "name": "Solid Wayfarers Sunglasses",
            "url": "/numi-paris-solid-wayfarers-sunglasses/p/463600780_brown",
            "offer-price": 6174.05,
            "rating-count": 0,
            "cat1": "Men",
            "cat2": "Eyewear",
            "cat3": "Sunglasses",
            "brand": "numi-paris"
        },
        {
            "product-id": "463600488",
            "avg-rating": "",
            "img-url": "https://assets.ajio.com/medias/sys_master/root/20220103/F8ou/61d34767aeb2695cdd03c74d/-78Wx98H-463600488-brown-MODEL.jpg",
            "price": 14999,
            "was-price": 14999,
            "name": "Solid Aviator Sunglasses",
            "url": "/numi-paris-solid-aviator-sunglasses/p/463600488_brown",
            "offer-price": 14249.05,
            "rating-count": 0,
            "cat1": "Men",
            "cat2": "Eyewear",
            "cat3": "Sunglasses",
            "brand": "numi-paris"
        },
        {
            "product-id": "463601091",
            "avg-rating": "",
            "img-url": "https://assets.ajio.com/medias/sys_master/root/20220103/lo4U/61d341aef997dd66230f0854/-78Wx98H-463601091-grey-MODEL.jpg",
            "price": 7499,
            "was-price": 7499,
            "name": "Solid Round-Shaped Sunglasses",
            "url": "/numi-paris-solid-round-shaped-sunglasses/p/463601091_grey",
            "offer-price": 7124.05,
            "rating-count": 0,
            "cat1": "Men",
            "cat2": "Eyewear",
            "cat3": "Sunglasses",
            "brand": "numi-paris"
        },
        {
            "product-id": "463600993",
            "avg-rating": "",
            "img-url": "https://assets.ajio.com/medias/sys_master/root/20220103/UDv1/61d3474daeb2695cdd03c676/-78Wx98H-463600993-green-MODEL.jpg",
            "price": 6499,
            "was-price": 6499,
            "name": "Solid Wayfarers Sunglasses",
            "url": "/numi-paris-solid-wayfarers-sunglasses/p/463600993_green",
            "offer-price": 6174.05,
            "rating-count": 0,
            "cat1": "Men",
            "cat2": "Eyewear",
            "cat3": "Sunglasses",
            "brand": "numi-paris"
        },
        {
            "product-id": "463598865",
            "avg-rating": "",
            "img-url": "https://assets.ajio.com/medias/sys_master/root/20220103/mg5x/61d33ff3f997dd66230eed96/-78Wx98H-463598865-orange-MODEL.jpg",
            "price": 11499,
            "was-price": 11499,
            "name": "Full-Rim Aviator Sunglasses",
            "url": "/numi-paris-full-rim-aviator-sunglasses/p/463598865_orange",
            "offer-price": 10924.05,
            "rating-count": 0,
            "cat1": "Women",
            "cat2": "Eyewear",
            "cat3": "Sunglasses",
            "brand": "numi-paris"
        },
        {
            "product-id": "463600848",
            "avg-rating": "",
            "img-url": "https://assets.ajio.com/medias/sys_master/root/20220103/a45R/61d34484f997dd66230f169e/-78Wx98H-463600848-blue-MODEL.jpg",
            "price": 9499,
            "was-price": 9499,
            "name": "Solid Square Shaped Sunglasses",
            "url": "/numi-paris-solid-square-shaped-sunglasses/p/463600848_blue",
            "offer-price": 9024.05,
            "rating-count": 0,
            "cat1": "Men",
            "cat2": "Eyewear",
            "cat3": "Sunglasses",
            "brand": "numi-paris"
        },
        {
            "product-id": "463616348",
            "avg-rating": "",
            "img-url": "https://assets.ajio.com/medias/sys_master/root/20230621/MEMy/649257b542f9e729d7627bbd/-78Wx98H-463616348-pink-MODEL.jpg",
            "price": 2790,
            "was-price": 2790,
            "name": "Rose Quartz Face Roller",
            "url": "/ras-luxury-oils-rose-quartz-face-roller/p/463616348_pink",
            "offer-price": 2090.75,
            "rating-count": 0,
            "cat1": "Women",
            "cat2": "Personal Care",
            "cat3": "Personal Care Tools",
            "brand": "ras-luxury-oils"
        },
        {
            "product-id": "469099762",
            "avg-rating": "",
            "img-url": "https://assets.ajio.com/medias/sys_master/root/20220106/zynQ/61d5ea45aeb2695cdd0612fe/-78Wx98H-469099762-silver-MODEL.jpg",
            "price": 13825,
            "was-price": 19750,
            "name": "KW130 Performante Silver Automatic Skeleton Analogue Watch",
            "url": "/kredo-kw130-performante-silver-automatic-skeleton-analogue-watch/p/469099762_silver",
            "offer-price": 12825,
            "rating-count": 0,
            "cat1": "Men",
            "cat2": "Timewear",
            "cat3": "Watches",
            "brand": "kredo"
        },
        {
            "product-id": "469099757",
            "avg-rating": "",
            "img-url": "https://assets.ajio.com/medias/sys_master/root/20220106/GtRB/61d5e97ef997dd662311a430/-78Wx98H-469099757-multicolour-MODEL.jpg",
            "price": 13825,
            "was-price": 19750,
            "name": "KW125 OTUS Analogue Watch with Stainless Steel Strap",
            "url": "/kredo-kw125-otus-analogue-watch-with-stainless-steel-strap/p/469099757_multicolour",
            "offer-price": 12825,
            "rating-count": 0,
            "cat1": "Men",
            "cat2": "Timewear",
            "cat3": "Watches",
            "brand": "kredo"
        },
        {
            "product-id": "469099759",
            "avg-rating": "",
            "img-url": "https://assets.ajio.com/medias/sys_master/root/20220106/jLrn/61d5eaebaeb2695cdd0615c5/-78Wx98H-469099759-black-MODEL.jpg",
            "price": 13825,
            "was-price": 19750,
            "name": "KW127 OTUS Analogue Watch with Stainless Steel Strap",
            "url": "/kredo-kw127-otus-analogue-watch-with-stainless-steel-strap/p/469099759_black",
            "offer-price": 12825,
            "rating-count": 0,
            "cat1": "Men",
            "cat2": "Timewear",
            "cat3": "Watches",
            "brand": "kredo"
        },
        {
            "product-id": "469099765",
            "avg-rating": "",
            "img-url": "https://assets.ajio.com/medias/sys_master/root/20220106/LWhM/61d5f0d2aeb2695cdd062f3d/-78Wx98H-469099765-black-MODEL.jpg",
            "price": 8323,
            "was-price": 11890,
            "name": "KW030 Dedon Automatic Skeleton Analogue Wrist Watch",
            "url": "/kredo-kw030-dedon-automatic-skeleton-analogue-wrist-watch/p/469099765_black",
            "offer-price": 7323,
            "rating-count": 0,
            "cat1": "Men",
            "cat2": "Timewear",
            "cat3": "Watches",
            "brand": "kredo"
        },
        {
            "product-id": "469099772",
            "avg-rating": "",
            "img-url": "https://assets.ajio.com/medias/sys_master/root/20220106/7EtG/61d5f2c2f997dd662311d370/-78Wx98H-469099772-black-MODEL.jpg",
            "price": 8323,
            "was-price": 11890,
            "name": "KW044 Otus Automatic Skeleton Analogue Wrist Watch",
            "url": "/kredo-kw044-otus-automatic-skeleton-analogue-wrist-watch/p/469099772_black",
            "offer-price": 7323,
            "rating-count": 0,
            "cat1": "Men",
            "cat2": "Timewear",
            "cat3": "Watches",
            "brand": "kredo"
        }
    ],
    "ajio": [],
    "": []
}