{
    "": [],
    "ajio": [],
    "luxe.ajio": [
        {
            "product-id": "463905544",
            "avg-rating": "",
            "img-url": "https://assets.ajio.com/medias/sys_master/root/20220228/xvgX/621cc1b2f997dd03e2f3dfd5/-78Wx98H-463905544-grey-MODEL.jpg",
            "price": 1500,
            "was-price": 1500,
            "name": "Graphic Print Cotton Blanket",
            "url": "/aditya-ahuja-graphic-print-cotton-blanket/p/463905544_grey",
            "offer-price": 1123.12,
            "rating-count": 0,
            "cat1": "Toys & Baby Care",
            "cat2": "Baby Care",
            "cat3": "Baby Bedding & Furniture",
            "brand": "aditya-ahuja"
        },
        {
            "product-id": "463905444",
            "avg-rating": "",
            "img-url": "https://assets.ajio.com/medias/sys_master/root/20220330/8TxK/6243f776f997dd03e23bb5cd/-78Wx98H-463905444-gold-MODEL.jpg",
            "price": 13800,
            "was-price": 13800,
            "name": "Textured A-line Dress with Strappy Sleeve",
            "url": "/ituvana-textured-a-line-dress-with-strappy-sleeve/p/463905444_gold",
            "offer-price": 12420,
            "rating-count": 0,
            "cat1": "Women",
            "cat2": "Western Wear",
            "cat3": "Dresses",
            "brand": "ituvana"
        },
        {
            "product-id": "464425253",
            "avg-rating": "",
            "img-url": "https://assets.ajio.com/medias/sys_master/root/20230623/Hf7l/6494da9d42f9e729d7808bd4/-78Wx98H-464425253-clear-MODEL.jpg",
            "price": 1950,
            "was-price": 1950,
            "name": "Floral Aroma Oil",
            "url": "/maison-berger-floral-aroma-oil/p/464425253_clear",
            "offer-price": 1022.04,
            "rating-count": 0,
            "cat1": "Home & Kitchen",
            "cat2": "Decor & Gifting",
            "cat3": "Home Fragrances",
            "brand": "maison-berger"
        },
        {
            "product-id": "464425216",
            "avg-rating": "",
            "img-url": "https://assets.ajio.com/medias/sys_master/root/20230623/AWUt/6494c87942f9e729d77dbc59/-78Wx98H-464425216-clear-MODEL.jpg",
            "price": 1950,
            "was-price": 1950,
            "name": "Woody Aroma Oil",
            "url": "/maison-berger-woody-aroma-oil/p/464425216_clear",
            "offer-price": 1022.04,
            "rating-count": 0,
            "cat1": "Home & Kitchen",
            "cat2": "Decor & Gifting",
            "cat3": "Home Fragrances",
            "brand": "maison-berger"
        },
        {
            "product-id": "464425302",
            "avg-rating": "",
            "img-url": "https://assets.ajio.com/medias/sys_master/root/20230525/3Q74/646eb701d55b7d0c63e0c2f6/-78Wx98H-464425302-clear-MODEL.jpg",
            "price": 4025,
            "was-price": 5750,
            "name": "Lavender Aroma Glass Burner with Refill",
            "url": "/maison-berger-lavender-aroma-glass-burner-with-refill/p/464425302_clear",
            "offer-price": 3025,
            "rating-count": 0,
            "cat1": "Home & Kitchen",
            "cat2": "Decor & Gifting",
            "cat3": "Home Fragrances",
            "brand": "maison-berger"
        },
        {
            "product-id": "464425257",
            "avg-rating": "",
            "img-url": "https://assets.ajio.com/medias/sys_master/root/20220603/AyP2/62991f7baeb26921af090760/-78Wx98H-464425257-clear-MODEL.jpg",
            "price": 1950,
            "was-price": 1950,
            "name": "Floral Aroma Oil",
            "url": "/maison-berger-floral-aroma-oil/p/464425257_clear",
            "offer-price": 1022.04,
            "rating-count": 0,
            "cat1": "Home & Kitchen",
            "cat2": "Decor & Gifting",
            "cat3": "Home Fragrances",
            "brand": "maison-berger"
        },
        {
            "product-id": "464425227",
            "avg-rating": "",
            "img-url": "https://assets.ajio.com/medias/sys_master/root/20230623/VuBc/6494c7d1d55b7d0c63a55262/-78Wx98H-464425227-clear-MODEL.jpg",
            "price": 1950,
            "was-price": 1950,
            "name": "Floral Aroma Oil",
            "url": "/maison-berger-floral-aroma-oil/p/464425227_clear",
            "offer-price": 1022.04,
            "rating-count": 0,
            "cat1": "Home & Kitchen",
            "cat2": "Decor & Gifting",
            "cat3": "Home Fragrances",
            "brand": "maison-berger"
        },
        {
            "product-id": "464425200",
            "avg-rating": "",
            "img-url": "https://assets.ajio.com/medias/sys_master/root/20230623/jkAG/6494c616d55b7d0c63a50be5/-78Wx98H-464425200-clear-MODEL.jpg",
            "price": 1085,
            "was-price": 1550,
            "name": "Floral Aroma Diffuser Refill",
            "url": "/maison-berger-floral-aroma-diffuser-refill/p/464425200_clear",
            "offer-price": 812.39,
            "rating-count": 0,
            "cat1": "Home & Kitchen",
            "cat2": "Decor & Gifting",
            "cat3": "Home Fragrances",
            "brand": "maison-berger"
        },
        {
            "product-id": "410312107",
            "avg-rating": "",
            "img-url": "https://assets.ajio.com/medias/sys_master/root/20220601/Zr38/62971ba0aeb26921af02dc01/-78Wx98H-410312107-401-MODEL.jpg",
            "price": 7500,
            "was-price": 7500,
            "name": "Brand Print Crew-Neck T-shirt",
            "url": "/michael-kors-brand-print-crew-neck-t-shirt/p/410312107_401",
            "offer-price": 6750,
            "rating-count": 0,
            "cat1": "Men",
            "cat2": "Western Wear",
            "cat3": "Tshirts",
            "brand": "michael-kors"
        },
        {
            "product-id": "410315413",
            "avg-rating": "",
            "img-url": "https://assets.ajio.com/medias/sys_master/root/20220601/tSfC/62970812f997dd03e256948f/-78Wx98H-410315413-9cq-MODEL.jpg",
            "price": 9999,
            "was-price": 9999,
            "name": "T-Diego Logo Print Crew-Neck T-shirt",
            "url": "/diesel-t-diego-logo-print-crew-neck-t-shirt/p/410315413_9cq",
            "offer-price": 5399.1,
            "rating-count": 0,
            "cat1": "Men",
            "cat2": "Night & Lounge Wear",
            "cat3": "Tshirts",
            "brand": "diesel"
        },
        {
            "product-id": "469103168",
            "avg-rating": "",
            "img-url": "https://assets.ajio.com/medias/sys_master/root/20230118/bNkw/63c7d9c0aeb269c651e9c306/-78Wx98H-469103168-multi-MODEL.jpg",
            "price": 42750,
            "was-price": 47500,
            "name": "CHBJSH Chronograph Watch with Stainless Steel Strap",
            "url": "/d1-milano-chbjsh-chronograph-watch-with-stainless-steel-strap/p/469103168_multi",
            "offer-price": 41750,
            "rating-count": 0,
            "cat1": "Men",
            "cat2": "Timewear",
            "cat3": "Watches",
            "brand": "d1-milano"
        },
        {
            "product-id": "463676145",
            "avg-rating": "",
            "img-url": "https://assets.ajio.com/medias/sys_master/root/20220118/LiWE/61e5da43f997dd6623273723/-78Wx98H-463676145-orange-MODEL.jpg",
            "price": 590,
            "was-price": 590,
            "name": "Lush Lips Conditioning Scrub",
            "url": "/ras-luxury-oils-lush-lips-conditioning-scrub/p/463676145_orange",
            "offer-price": 441.01,
            "rating-count": 0,
            "cat1": "Women",
            "cat2": "Makeup",
            "cat3": "Lips",
            "brand": "ras-luxury-oils"
        },
        {
            "product-id": "469103164",
            "avg-rating": "",
            "img-url": "https://assets.ajio.com/medias/sys_master/root/20230321/Zy1o/6419a89daeb26924e3e659ae/-78Wx98H-469103164-multi-MODEL.jpg",
            "price": 64500,
            "was-price": 64500,
            "name": "ATBJ12 Analogue Watch with Stainless Steel Strap",
            "url": "/d1-milano-atbj12-analogue-watch-with-stainless-steel-strap/p/469103164_multi",
            "offer-price": 56760,
            "rating-count": 0,
            "cat1": "Men",
            "cat2": "Timewear",
            "cat3": "Watches",
            "brand": "d1-milano"
        },
        {
            "product-id": "469103166",
            "avg-rating": "",
            "img-url": "https://assets.ajio.com/medias/sys_master/root/20240502/dwWG/6633a40916fd2c6e6ae2b263/-78Wx98H-469103166-multi-MODEL.jpg",
            "price": 41000,
            "was-price": 41000,
            "name": "CHBJ09 Chronograph Watch with Stainless Steel 316L Strap",
            "url": "/d1-milano-chbj09-chronograph-watch-with-stainless-steel-316l-strap/p/469103166_multi",
            "offer-price": 31800,
            "rating-count": 0,
            "cat1": "Men",
            "cat2": "Timewear",
            "cat3": "Watches",
            "brand": "d1-milano"
        },
        {
            "product-id": "469103203",
            "avg-rating": "",
            "img-url": "https://assets.ajio.com/medias/sys_master/root/20220115/cbVW/61e1d836f997dd662322f0b4/-78Wx98H-469103203-multi-MODEL.jpg",
            "price": 21500,
            "was-price": 21500,
            "name": "UTNJ03 Water-Resistant Analogue Watch",
            "url": "/d1-milano-utnj03-water-resistant-analogue-watch/p/469103203_multi",
            "offer-price": 18350,
            "rating-count": 0,
            "cat1": "Men",
            "cat2": "Timewear",
            "cat3": "Watches",
            "brand": "d1-milano"
        },
        {
            "product-id": "464425292",
            "avg-rating": "",
            "img-url": "https://assets.ajio.com/medias/sys_master/root/20230623/YcgU/6494c989d55b7d0c63a59bc4/-78Wx98H-464425292-clear-MODEL.jpg",
            "price": 1550,
            "was-price": 1550,
            "name": "Floral Aroma Oil",
            "url": "/maison-berger-floral-aroma-oil/p/464425292_clear",
            "offer-price": 812.39,
            "rating-count": 0,
            "cat1": "Home & Kitchen",
            "cat2": "Decor & Gifting",
            "cat3": "Home Fragrances",
            "brand": "maison-berger"
        },
        {
            "product-id": "410312108",
            "avg-rating": "",
            "img-url": "https://assets.ajio.com/medias/sys_master/root/20220601/Gmav/62970304f997dd03e2567ec4/-78Wx98H-410312108-306-MODEL.jpg",
            "price": 31000,
            "was-price": 31000,
            "name": "Halter-Neck Fit & Flare Dress",
            "url": "/michael-kors-halter-neck-fit-flare-dress/p/410312108_306",
            "offer-price": 27900,
            "rating-count": 0,
            "cat1": "Women",
            "cat2": "Western Wear",
            "cat3": "Dresses",
            "brand": "michael-kors"
        },
        {
            "product-id": "464425204",
            "avg-rating": "",
            "img-url": "https://assets.ajio.com/medias/sys_master/root/20220603/Zngc/62992296f997dd03e25e1afc/-78Wx98H-464425204-clear-MODEL.jpg",
            "price": 1950,
            "was-price": 1950,
            "name": "Fruity Aroma Diffuser Refill",
            "url": "/maison-berger-fruity-aroma-diffuser-refill/p/464425204_clear",
            "offer-price": 1022.04,
            "rating-count": 0,
            "cat1": "Home & Kitchen",
            "cat2": "Decor & Gifting",
            "cat3": "Home Fragrances",
            "brand": "maison-berger"
        },
        {
            "product-id": "410312139",
            "avg-rating": "",
            "img-url": "https://assets.ajio.com/medias/sys_master/root/20220601/ygwp/62970160f997dd03e2567615/-78Wx98H-410312139-100-MODEL.jpg",
            "price": 7500,
            "was-price": 7500,
            "name": "Newsprint Logo Aviator Crew-Neck T-shirt",
            "url": "/michael-kors-newsprint-logo-aviator-crew-neck-t-shirt/p/410312139_100",
            "offer-price": 4050,
            "rating-count": 0,
            "cat1": "Men",
            "cat2": "Western Wear",
            "cat3": "Tshirts",
            "brand": "michael-kors"
        },
        {
            "product-id": "464425288",
            "avg-rating": "",
            "img-url": "https://assets.ajio.com/medias/sys_master/root/20220603/PMCC/62991ecdaeb26921af08ef5e/-78Wx98H-464425288-clear-MODEL.jpg",
            "price": 5750,
            "was-price": 5750,
            "name": "Lavender Aroma Glass Burner with Refill",
            "url": "/maison-berger-lavender-aroma-glass-burner-with-refill/p/464425288_clear",
            "offer-price": 3025,
            "rating-count": 0,
            "cat1": "Home & Kitchen",
            "cat2": "Decor & Gifting",
            "cat3": "Home Fragrances",
            "brand": "maison-berger"
        },
        {
            "product-id": "410315410",
            "avg-rating": "",
            "img-url": "https://assets.ajio.com/medias/sys_master/root/20220601/MD66/6296f909f997dd03e2564adf/-78Wx98H-410315410-98h-MODEL.jpg",
            "price": 34999,
            "was-price": 34999,
            "name": "M-Hampton Camo Print Crew-Neck Top",
            "url": "/diesel-m-hampton-camo-print-crew-neck-top/p/410315410_98h",
            "offer-price": 18899.1,
            "rating-count": 0,
            "cat1": "Women",
            "cat2": "Western Wear",
            "cat3": "Tops",
            "brand": "diesel"
        },
        {
            "product-id": "464425233",
            "avg-rating": "",
            "img-url": "https://assets.ajio.com/medias/sys_master/root/20230525/Ve94/646eb9ed42f9e729d7b5fb4f/-78Wx98H-464425233-clear-MODEL.jpg",
            "price": 1950,
            "was-price": 1950,
            "name": "Woody Aroma Oil",
            "url": "/maison-berger-woody-aroma-oil/p/464425233_clear",
            "offer-price": 1022.04,
            "rating-count": 0,
            "cat1": "Home & Kitchen",
            "cat2": "Decor & Gifting",
            "cat3": "Home Fragrances",
            "brand": "maison-berger"
        },
        {
            "product-id": "464425268",
            "avg-rating": "",
            "img-url": "https://assets.ajio.com/medias/sys_master/root/20230623/zziH/6494d74d42f9e729d7801a3e/-78Wx98H-464425268-clear-MODEL.jpg",
            "price": 1950,
            "was-price": 1950,
            "name": "Floral Aroma Oil",
            "url": "/maison-berger-floral-aroma-oil/p/464425268_clear",
            "offer-price": 1022.04,
            "rating-count": 0,
            "cat1": "Home & Kitchen",
            "cat2": "Decor & Gifting",
            "cat3": "Home Fragrances",
            "brand": "maison-berger"
        },
        {
            "product-id": "464425111",
            "avg-rating": "",
            "img-url": "https://assets.ajio.com/medias/sys_master/root/20220603/ovea/62992065aeb26921af09271c/-78Wx98H-464425111-clear-MODEL.jpg",
            "price": 6860,
            "was-price": 9800,
            "name": "Glass Lamp Fragrance Set",
            "url": "/maison-berger-glass-lamp-fragrance-set/p/464425111_clear",
            "offer-price": 5860,
            "rating-count": 0,
            "cat1": "Home & Kitchen",
            "cat2": "Decor & Gifting",
            "cat3": "Home Fragrances",
            "brand": "maison-berger"
        },
        {
            "product-id": "464425314",
            "avg-rating": "",
            "img-url": "https://assets.ajio.com/medias/sys_master/root/20220603/oAYT/62992175aeb26921af094af1/-78Wx98H-464425314-clear-MODEL.jpg",
            "price": 6860,
            "was-price": 9800,
            "name": "Lavender Aroma Glass Burner with Refill",
            "url": "/maison-berger-lavender-aroma-glass-burner-with-refill/p/464425314_clear",
            "offer-price": 5860,
            "rating-count": 0,
            "cat1": "Home & Kitchen",
            "cat2": "Decor & Gifting",
            "cat3": "Home Fragrances",
            "brand": "maison-berger"
        },
        {
            "product-id": "463617314",
            "avg-rating": "",
            "img-url": "https://assets.ajio.com/medias/sys_master/root/20220118/5RF1/61e67f13f997dd662327ec25/-78Wx98H-463617314-yellow-MODEL.jpg",
            "price": 1150,
            "was-price": 1150,
            "name": "Infinity Anti Ageing Face Elixir",
            "url": "/ras-luxury-oils-infinity-anti-ageing-face-elixir/p/463617314_yellow",
            "offer-price": 861.06,
            "rating-count": 0,
            "cat1": "Women",
            "cat2": "Personal Care",
            "cat3": "Face Care",
            "brand": "ras-luxury-oils"
        },
        {
            "product-id": "469103193",
            "avg-rating": "",
            "img-url": "https://assets.ajio.com/medias/sys_master/root/20230307/DMFs/6406e020aeb26924e3abb06f/-78Wx98H-469103193-multi-MODEL.jpg",
            "price": 27600,
            "was-price": 34500,
            "name": "UTBJ16 Water-Resistant Analogue Watch",
            "url": "/d1-milano-utbj16-water-resistant-analogue-watch/p/469103193_multi",
            "offer-price": 26600,
            "rating-count": 0,
            "cat1": "Men",
            "cat2": "Timewear",
            "cat3": "Watches",
            "brand": "d1-milano"
        },
        {
            "product-id": "464425249",
            "avg-rating": "",
            "img-url": "https://assets.ajio.com/medias/sys_master/root/20220603/zZwD/62991fb1aeb26921af090e32/-78Wx98H-464425249-clear-MODEL.jpg",
            "price": 1950,
            "was-price": 1950,
            "name": "Floral Aroma Oil",
            "url": "/maison-berger-floral-aroma-oil/p/464425249_clear",
            "offer-price": 1022.04,
            "rating-count": 0,
            "cat1": "Home & Kitchen",
            "cat2": "Decor & Gifting",
            "cat3": "Home Fragrances",
            "brand": "maison-berger"
        },
        {
            "product-id": "410324295",
            "avg-rating": "",
            "img-url": "https://assets.ajio.com/medias/sys_master/root/20220603/Vas8/629903b2f997dd03e25cf269/-78Wx98H-410324295-001-MODEL.jpg",
            "price": 31500,
            "was-price": 31500,
            "name": "Rooftop Garden Floral Print Riviera A-line Dress",
            "url": "/kate-spade-rooftop-garden-floral-print-riviera-a-line-dress/p/410324295_001",
            "offer-price": 17010,
            "rating-count": 0,
            "cat1": "Women",
            "cat2": "Western Wear",
            "cat3": "Dresses",
            "brand": "kate-spade"
        },
        {
            "product-id": "464425261",
            "avg-rating": "",
            "img-url": "https://assets.ajio.com/medias/sys_master/root/20230525/rceB/646eb60b42f9e729d7b575e4/-78Wx98H-464425261-clear-MODEL.jpg",
            "price": 1950,
            "was-price": 1950,
            "name": "Floral Aroma Oil",
            "url": "/maison-berger-floral-aroma-oil/p/464425261_clear",
            "offer-price": 1022.04,
            "rating-count": 0,
            "cat1": "Home & Kitchen",
            "cat2": "Decor & Gifting",
            "cat3": "Home Fragrances",
            "brand": "maison-berger"
        },
        {
            "product-id": "464425273",
            "avg-rating": "",
            "img-url": "https://assets.ajio.com/medias/sys_master/root/20220603/Gg2t/62991f4daeb26921af090132/-78Wx98H-464425273-clear-MODEL.jpg",
            "price": 1950,
            "was-price": 1950,
            "name": "Floral Aroma Oil",
            "url": "/maison-berger-floral-aroma-oil/p/464425273_clear",
            "offer-price": 1022.04,
            "rating-count": 0,
            "cat1": "Home & Kitchen",
            "cat2": "Decor & Gifting",
            "cat3": "Home Fragrances",
            "brand": "maison-berger"
        },
        {
            "product-id": "464428805",
            "avg-rating": "",
            "img-url": "https://assets.ajio.com/medias/sys_master/root/20240308/RDGT/65eafa8216fd2c6e6a45c7a6/-78Wx98H-464428805-silver-MODEL.jpg",
            "price": 24375,
            "was-price": 37500,
            "name": "Oval Shaped Metal Frame",
            "url": "/tom-ford-oval-shaped-metal-frame/p/464428805_silver",
            "offer-price": 22875,
            "rating-count": 0,
            "cat1": "Men",
            "cat2": "Eyewear",
            "cat3": "Frames",
            "brand": "tom-ford"
        },
        {
            "product-id": "464429023",
            "avg-rating": "",
            "img-url": "https://assets.ajio.com/medias/sys_master/root/20240418/KcAt/6620f01a16fd2c6e6abda538/-78Wx98H-464429023-multi-MODEL.jpg",
            "price": 33900,
            "was-price": 33900,
            "name": "Oval Shaped Plastic Frame",
            "url": "/tom-ford-oval-shaped-plastic-frame/p/464429023_multi",
            "offer-price": 32205,
            "rating-count": 0,
            "cat1": "Men",
            "cat2": "Eyewear",
            "cat3": "Frames",
            "brand": "tom-ford"
        },
        {
            "product-id": "464425241",
            "avg-rating": "",
            "img-url": "https://assets.ajio.com/medias/sys_master/root/20220603/MU6T/62991f20f997dd03e25d9eee/-78Wx98H-464425241-clear-MODEL.jpg",
            "price": 1950,
            "was-price": 1950,
            "name": "Floral Aroma Oil",
            "url": "/maison-berger-floral-aroma-oil/p/464425241_clear",
            "offer-price": 1022.04,
            "rating-count": 0,
            "cat1": "Home & Kitchen",
            "cat2": "Decor & Gifting",
            "cat3": "Home Fragrances",
            "brand": "maison-berger"
        },
        {
            "product-id": "410324299",
            "avg-rating": "",
            "img-url": "https://assets.ajio.com/medias/sys_master/root/20220603/biGU/62992515aeb26921af09c638/-78Wx98H-410324299-001-MODEL.jpg",
            "price": 22500,
            "was-price": 22500,
            "name": "Seamed Ponte Sheath Dress",
            "url": "/kate-spade-seamed-ponte-sheath-dress/p/410324299_001",
            "offer-price": 14175,
            "rating-count": 0,
            "cat1": "Women",
            "cat2": "Western Wear",
            "cat3": "Dresses",
            "brand": "kate-spade"
        },
        {
            "product-id": "464400659",
            "avg-rating": "",
            "img-url": "https://assets.ajio.com/medias/sys_master/root/20220602/OPCb/6298a001f997dd03e25c31e4/-78Wx98H-464400659-brown-MODEL.jpg",
            "price": 30999,
            "was-price": 30999,
            "name": "Shoulder Bag with Detachable Strap",
            "url": "/mandarina-duck-shoulder-bag-with-detachable-strap/p/464400659_brown",
            "offer-price": 29999,
            "rating-count": 0,
            "cat1": "Women",
            "cat2": "Bags, Belts & Wallets",
            "cat3": "Handbags",
            "brand": "mandarina-duck"
        },
        {
            "product-id": "410324296",
            "avg-rating": "",
            "img-url": "https://assets.ajio.com/medias/sys_master/root/20220603/oIPS/62990899f997dd03e25d06d6/-78Wx98H-410324296-250-MODEL.jpg",
            "price": 24500,
            "was-price": 24500,
            "name": "Sun Lake A-line Dress with Tie-Up",
            "url": "/kate-spade-sun-lake-a-line-dress-with-tie-up/p/410324296_250",
            "offer-price": 13230,
            "rating-count": 0,
            "cat1": "Women",
            "cat2": "Western Wear",
            "cat3": "Dresses",
            "brand": "kate-spade"
        },
        {
            "product-id": "464429012",
            "avg-rating": "",
            "img-url": "https://assets.ajio.com/medias/sys_master/root/20240308/nBLC/65eafa9616fd2c6e6a45cab8/-78Wx98H-464429012-brown-MODEL.jpg",
            "price": 39000,
            "was-price": 39000,
            "name": "Oval Shaped Metal Frame",
            "url": "/tom-ford-oval-shaped-metal-frame/p/464429012_brown",
            "offer-price": 28860,
            "rating-count": 0,
            "cat1": "Men",
            "cat2": "Eyewear",
            "cat3": "Frames",
            "brand": "tom-ford"
        },
        {
            "product-id": "464402936",
            "avg-rating": "",
            "img-url": "https://assets.ajio.com/medias/sys_master/root/20220530/wKTq/6294dccaaeb26921aff4b924/-78Wx98H-464402936-blue-MODEL.jpg",
            "price": 9749,
            "was-price": 14999,
            "name": "Solid Hobo Bag",
            "url": "/mandarina-duck-solid-hobo-bag/p/464402936_blue",
            "offer-price": 8749,
            "rating-count": 0,
            "cat1": "Women",
            "cat2": "Bags, Belts & Wallets",
            "cat3": "Handbags",
            "brand": "mandarina-duck"
        },
        {
            "product-id": "464403024",
            "avg-rating": "",
            "img-url": "https://assets.ajio.com/medias/sys_master/root/20230525/1iEm/646eab6942f9e729d7b40869/-78Wx98H-464403024-brown-MODEL.jpg",
            "price": 32999,
            "was-price": 32999,
            "name": "Solid Tote Bag",
            "url": "/mandarina-duck-solid-tote-bag/p/464403024_brown",
            "offer-price": 31999,
            "rating-count": 0,
            "cat1": "Women",
            "cat2": "Bags, Belts & Wallets",
            "cat3": "Handbags",
            "brand": "mandarina-duck"
        },
        {
            "product-id": "464400659",
            "avg-rating": "",
            "img-url": "https://assets.ajio.com/medias/sys_master/root/20220528/uWzJ/62913615f997dd03e23efbb1/-78Wx98H-464400659-tan-MODEL.jpg",
            "price": 30999,
            "was-price": 30999,
            "name": "Solid Hobo Bag",
            "url": "/mandarina-duck-solid-hobo-bag/p/464400659_tan",
            "offer-price": 29999,
            "rating-count": 0,
            "cat1": "Women",
            "cat2": "Bags, Belts & Wallets",
            "cat3": "Handbags",
            "brand": "mandarina-duck"
        },
        {
            "product-id": "464402962",
            "avg-rating": "",
            "img-url": "https://assets.ajio.com/medias/sys_master/root/20220530/ZRf7/6294dfd2f997dd03e247a630/-78Wx98H-464402962-brown-MODEL.jpg",
            "price": 23999,
            "was-price": 23999,
            "name": "Solid Hobo Bag",
            "url": "/mandarina-duck-solid-hobo-bag/p/464402962_brown",
            "offer-price": 22999,
            "rating-count": 0,
            "cat1": "Women",
            "cat2": "Bags, Belts & Wallets",
            "cat3": "Handbags",
            "brand": "mandarina-duck"
        },
        {
            "product-id": "464397220",
            "avg-rating": "",
            "img-url": "https://assets.ajio.com/medias/sys_master/root/20220602/f3ws/62989fa6f997dd03e25c2e75/-78Wx98H-464397220-black-MODEL.jpg",
            "price": 3299,
            "was-price": 5999,
            "name": "Crossbody Bag with Detachable Strap",
            "url": "/mandarina-duck-crossbody-bag-with-detachable-strap/p/464397220_black",
            "offer-price": 2472.18,
            "rating-count": 0,
            "cat1": "Women",
            "cat2": "Bags, Belts & Wallets",
            "cat3": "Handbags",
            "brand": "mandarina-duck"
        },
        {
            "product-id": "469103167",
            "avg-rating": "",
            "img-url": "https://assets.ajio.com/medias/sys_master/root/20240502/vL7q/6633ba8616fd2c6e6ae330f8/-78Wx98H-469103167-multi-MODEL.jpg",
            "price": 41000,
            "was-price": 41000,
            "name": "CHBJ10 Chronograph Watch with Stainless Steel 316L Strap",
            "url": "/d1-milano-chbj10-chronograph-watch-with-stainless-steel-316l-strap/p/469103167_multi",
            "offer-price": 35900,
            "rating-count": 0,
            "cat1": "Men",
            "cat2": "Timewear",
            "cat3": "Watches",
            "brand": "d1-milano"
        },
        {
            "product-id": "469103170",
            "avg-rating": "",
            "img-url": "https://assets.ajio.com/medias/sys_master/root/20220115/ZhGO/61e1cd13aeb2695cdd163420/-78Wx98H-469103170-multi-MODEL.jpg",
            "price": 44500,
            "was-price": 44500,
            "name": "Analogue Watch with Natural Rubber Strap - DVRJ02",
            "url": "/d1-milano-analogue-watch-with-natural-rubber-strap-dvrj02/p/469103170_multi",
            "offer-price": 39050,
            "rating-count": 0,
            "cat1": "Men",
            "cat2": "Timewear",
            "cat3": "Watches",
            "brand": "d1-milano"
        },
        {
            "product-id": "463617381",
            "avg-rating": "",
            "img-url": "https://assets.ajio.com/medias/sys_master/root/20220118/svXi/61e67f70aeb2695cdd1b4888/-78Wx98H-463617381-yellow-MODEL.jpg",
            "price": 2850,
            "was-price": 2850,
            "name": "Infinity Anti Ageing Face Elixir ",
            "url": "/ras-luxury-oils-infinity-anti-ageing-face-elixir/p/463617381_yellow",
            "offer-price": 2135.71,
            "rating-count": 0,
            "cat1": "Women",
            "cat2": "Personal Care",
            "cat3": "Face Care",
            "brand": "ras-luxury-oils"
        },
        {
            "product-id": "469103180",
            "avg-rating": "",
            "img-url": "https://assets.ajio.com/medias/sys_master/root/20240502/cxQ2/663383a616fd2c6e6ae23eb6/-78Wx98H-469103180-multi-MODEL.jpg",
            "price": 13320,
            "was-price": 14800,
            "name": "PCBJ21 Water-Resistant Analogue Watch",
            "url": "/d1-milano-pcbj21-water-resistant-analogue-watch/p/469103180_multi",
            "offer-price": 12320,
            "rating-count": 0,
            "cat1": "Men",
            "cat2": "Timewear",
            "cat3": "Watches",
            "brand": "d1-milano"
        },
        {
            "product-id": "410324292",
            "avg-rating": "",
            "img-url": "https://assets.ajio.com/medias/sys_master/root/20220603/vlsY/62990a45f997dd03e25d0f49/-78Wx98H-410324292-001-MODEL.jpg",
            "price": 30500,
            "was-price": 30500,
            "name": "Poplin Montauk Flared Dress",
            "url": "/kate-spade-poplin-montauk-flared-dress/p/410324292_001",
            "offer-price": 16470,
            "rating-count": 0,
            "cat1": "Women",
            "cat2": "Western Wear",
            "cat3": "Dresses",
            "brand": "kate-spade"
        },
        {
            "product-id": "464402962",
            "avg-rating": "",
            "img-url": "https://assets.ajio.com/medias/sys_master/root/20220530/ZZfq/6294e0f4aeb26921aff51a65/-78Wx98H-464402962-beige-MODEL.jpg",
            "price": 23999,
            "was-price": 23999,
            "name": "Solid Hobo Bag",
            "url": "/mandarina-duck-solid-hobo-bag/p/464402962_beige",
            "offer-price": 22999,
            "rating-count": 0,
            "cat1": "Women",
            "cat2": "Bags, Belts & Wallets",
            "cat3": "Handbags",
            "brand": "mandarina-duck"
        },
        {
            "product-id": "464428624",
            "avg-rating": "",
            "img-url": "https://assets.ajio.com/medias/sys_master/root/20220603/RVGl/6299273ef997dd03e25eb7e6/-78Wx98H-464428624-brown-MODEL.jpg",
            "price": 18999,
            "was-price": 18999,
            "name": "Waist Bag with Detachable Strap",
            "url": "/mandarina-duck-waist-bag-with-detachable-strap/p/464428624_brown",
            "offer-price": 17999,
            "rating-count": 0,
            "cat1": "Women",
            "cat2": "Bags, Belts & Wallets",
            "cat3": "Handbags",
            "brand": "mandarina-duck"
        },
        {
            "product-id": "464397500",
            "avg-rating": "",
            "img-url": "https://assets.ajio.com/medias/sys_master/root/20220528/xHTj/629160f5f997dd03e240c98d/-78Wx98H-464397500-yellow-MODEL.jpg",
            "price": 25999,
            "was-price": 25999,
            "name": "Solid Shoulder Bag",
            "url": "/mandarina-duck-solid-shoulder-bag/p/464397500_yellow",
            "offer-price": 24999,
            "rating-count": 0,
            "cat1": "Women",
            "cat2": "Bags, Belts & Wallets",
            "cat3": "Handbags",
            "brand": "mandarina-duck"
        },
        {
            "product-id": "464403014",
            "avg-rating": "",
            "img-url": "https://assets.ajio.com/medias/sys_master/root/20220530/6W5A/6294de31aeb26921aff4e4e6/-78Wx98H-464403014-red-MODEL.jpg",
            "price": 17999,
            "was-price": 17999,
            "name": "Solid Handbag",
            "url": "/mandarina-duck-solid-handbag/p/464403014_red",
            "offer-price": 16999,
            "rating-count": 0,
            "cat1": "Women",
            "cat2": "Bags, Belts & Wallets",
            "cat3": "Handbags",
            "brand": "mandarina-duck"
        },
        {
            "product-id": "464397500",
            "avg-rating": "",
            "img-url": "https://assets.ajio.com/medias/sys_master/root/20220528/3wFa/62913e28aeb26921afee21aa/-78Wx98H-464397500-blue-MODEL.jpg",
            "price": 25999,
            "was-price": 25999,
            "name": "Solid Sling Bag",
            "url": "/mandarina-duck-solid-sling-bag/p/464397500_blue",
            "offer-price": 24999,
            "rating-count": 0,
            "cat1": "Women",
            "cat2": "Bags, Belts & Wallets",
            "cat3": "Handbags",
            "brand": "mandarina-duck"
        },
        {
            "product-id": "464425159",
            "avg-rating": "",
            "img-url": "https://assets.ajio.com/medias/sys_master/root/20220603/yqN1/629922b4aeb26921af097547/-78Wx98H-464425159-clear-MODEL.jpg",
            "price": 1365,
            "was-price": 1950,
            "name": "Maison Berger Grapefruit Passion Perfume refill 500 ml",
            "url": "/maison-berger-maison-berger-grapefruit-passion-perfume-refill-500-ml/p/464425159_clear",
            "offer-price": 1022.04,
            "rating-count": 0,
            "cat1": "Home & Kitchen",
            "cat2": "Decor & Gifting",
            "cat3": "Home Fragrances",
            "brand": "maison-berger"
        },
        {
            "product-id": "464391770",
            "avg-rating": "",
            "img-url": "https://assets.ajio.com/medias/sys_master/root/20230623/Jtd4/6494bdf342f9e729d77c4584/-78Wx98H-464391770-blue-MODEL.jpg",
            "price": 8400,
            "was-price": 20999,
            "name": "Laptop Back Pack",
            "url": "/mandarina-duck-laptop-back-pack/p/464391770_blue",
            "offer-price": 7400,
            "rating-count": 0,
            "cat1": "Men",
            "cat2": "Bags, Belts & Wallets",
            "cat3": "Backpacks",
            "brand": "mandarina-duck"
        },
        {
            "product-id": "464428591",
            "avg-rating": "",
            "img-url": "https://assets.ajio.com/medias/sys_master/root/20220603/FTgM/6299278ff997dd03e25ec281/-78Wx98H-464428591-black-MODEL.jpg",
            "price": 10499,
            "was-price": 14999,
            "name": "Crossbody Bag with Adjustable Strap",
            "url": "/mandarina-duck-crossbody-bag-with-adjustable-strap/p/464428591_black",
            "offer-price": 9499,
            "rating-count": 0,
            "cat1": "Women",
            "cat2": "Bags, Belts & Wallets",
            "cat3": "Handbags",
            "brand": "mandarina-duck"
        },
        {
            "product-id": "464428858",
            "avg-rating": "",
            "img-url": "https://assets.ajio.com/medias/sys_master/root/20240308/GxXI/65eafb1d05ac7d77bba1093a/-78Wx98H-464428858-gold-MODEL.jpg",
            "price": 48375,
            "was-price": 64500,
            "name": "Oval Shaped Metal Frame",
            "url": "/tom-ford-oval-shaped-metal-frame/p/464428858_gold",
            "offer-price": 47730,
            "rating-count": 0,
            "cat1": "Men",
            "cat2": "Eyewear",
            "cat3": "Frames",
            "brand": "tom-ford"
        },
        {
            "product-id": "464429072",
            "avg-rating": "",
            "img-url": "https://assets.ajio.com/medias/sys_master/root/20240308/gORu/65eafb9505ac7d77bba11b9b/-78Wx98H-464429072-gold-MODEL.jpg",
            "price": 58800,
            "was-price": 73500,
            "name": "Oval Shaped Metal Frame",
            "url": "/tom-ford-oval-shaped-metal-frame/p/464429072_gold",
            "offer-price": 58065,
            "rating-count": 0,
            "cat1": "Men",
            "cat2": "Eyewear",
            "cat3": "Frames",
            "brand": "tom-ford"
        },
        {
            "product-id": "410312086",
            "avg-rating": "",
            "img-url": "https://assets.ajio.com/medias/sys_master/root/20220601/wR85/629752acf997dd03e259123a/-78Wx98H-410312086-673-MODEL.jpg",
            "price": 7500,
            "was-price": 7500,
            "name": "Striped Crew-Neck T-shirt",
            "url": "/michael-kors-striped-crew-neck-t-shirt/p/410312086_673",
            "offer-price": 6750,
            "rating-count": 0,
            "cat1": "Men",
            "cat2": "Western Wear",
            "cat3": "Tshirts",
            "brand": "michael-kors"
        },
        {
            "product-id": "464397570",
            "avg-rating": "",
            "img-url": "https://assets.ajio.com/medias/sys_master/root/20220528/zh8c/62913e61aeb26921afee2765/-78Wx98H-464397570-black-MODEL.jpg",
            "price": 30999,
            "was-price": 30999,
            "name": "Solid Hobo Bag",
            "url": "/mandarina-duck-solid-hobo-bag/p/464397570_black",
            "offer-price": 29999,
            "rating-count": 0,
            "cat1": "Women",
            "cat2": "Bags, Belts & Wallets",
            "cat3": "Handbags",
            "brand": "mandarina-duck"
        },
        {
            "product-id": "464402884",
            "avg-rating": "",
            "img-url": "https://assets.ajio.com/medias/sys_master/root/20220530/kmJm/6294e0daf997dd03e247b79a/-78Wx98H-464402884-tan-MODEL.jpg",
            "price": 23999,
            "was-price": 23999,
            "name": "Solid Shoulder Bag",
            "url": "/mandarina-duck-solid-shoulder-bag/p/464402884_tan",
            "offer-price": 22999,
            "rating-count": 0,
            "cat1": "Women",
            "cat2": "Bags, Belts & Wallets",
            "cat3": "Handbags",
            "brand": "mandarina-duck"
        },
        {
            "product-id": "464400646",
            "avg-rating": "",
            "img-url": "https://assets.ajio.com/medias/sys_master/root/20220528/Gf4W/62913733f997dd03e23f1e70/-78Wx98H-464400646-silver-MODEL.jpg",
            "price": 8500,
            "was-price": 16999,
            "name": "Solid Backpack",
            "url": "/mandarina-duck-solid-backpack/p/464400646_silver",
            "offer-price": 7500,
            "rating-count": 0,
            "cat1": "Women",
            "cat2": "Bags, Belts & Wallets",
            "cat3": "Handbags",
            "brand": "mandarina-duck"
        }
    ]
}