{
    "trends.ajio": [
        {
            "product-id": "441080338",
            "avg-rating": "",
            "img-url": "https://assets.ajio.com/medias/sys_master/root/20220308/K792/62267d1baeb26921afcc5fdf/-78Wx98H-441080338-green-MODEL.jpg",
            "price": 2499,
            "was-price": 2499,
            "name": "Micro Print Palazzo with Semi-Elasticated Waist",
            "url": "/w-micro-print-palazzo-with-semi-elasticated-waist/p/441080338_green",
            "offer-price": 467.17,
            "rating-count": 0,
            "cat1": "Women",
            "cat2": "Fusion Wear",
            "cat3": "Pants",
            "brand": "w"
        },
        {
            "product-id": "441200773",
            "avg-rating": "",
            "img-url": "https://assets.ajio.com/medias/sys_master/root/20220308/HKuo/62266639aeb26921afcbf738/-78Wx98H-441200773-black-MODEL.jpg",
            "price": 853,
            "was-price": 1399,
            "name": "Embroidered Straight Kurta",
            "url": "/aurelia-embroidered-straight-kurta/p/441200773_black",
            "offer-price": 637.6,
            "rating-count": 0,
            "cat1": "Women",
            "cat2": "Ethnic Wear",
            "cat3": "Kurtas",
            "brand": "aurelia"
        },
        {
            "product-id": "441200300",
            "avg-rating": "",
            "img-url": "https://assets.ajio.com/medias/sys_master/root/20220308/PRAG/62266a60aeb26921afcc0695/-78Wx98H-441200300-blue-MODEL.jpg",
            "price": 650,
            "was-price": 2499,
            "name": "Printed Flared Kurta with Embroidery",
            "url": "/w-printed-flared-kurta-with-embroidery/p/441200300_blue",
            "offer-price": 485.86,
            "rating-count": 0,
            "cat1": "Women",
            "cat2": "Ethnic Wear",
            "cat3": "Kurtas",
            "brand": "w"
        },
        {
            "product-id": "441200777",
            "avg-rating": "",
            "img-url": "https://assets.ajio.com/medias/sys_master/root/20220308/ysfG/62267bc5f997dd03e2064deb/-78Wx98H-441200777-pink-MODEL.jpg",
            "price": 755,
            "was-price": 1399,
            "name": "Floral Print Straight Kurta",
            "url": "/aurelia-floral-print-straight-kurta/p/441200777_pink",
            "offer-price": 564.34,
            "rating-count": 0,
            "cat1": "Women",
            "cat2": "Ethnic Wear",
            "cat3": "Kurtas",
            "brand": "aurelia"
        },
        {
            "product-id": "441200617",
            "avg-rating": "",
            "img-url": "https://assets.ajio.com/medias/sys_master/root/20220308/1xv2/62267260f997dd03e2061b50/-78Wx98H-441200617-grey-MODEL.jpg",
            "price": 3999,
            "was-price": 3999,
            "name": "Printed Straight Kurta with Palazzo & Dupatta Set",
            "url": "/w-printed-straight-kurta-with-palazzo-dupatta-set/p/441200617_grey",
            "offer-price": 2999,
            "rating-count": 0,
            "cat1": "Women",
            "cat2": "Ethnic Wear",
            "cat3": "Kurta Suit Sets",
            "brand": "w"
        },
        {
            "product-id": "441080394",
            "avg-rating": "",
            "img-url": "https://assets.ajio.com/medias/sys_master/root/20220308/09l6/62266185aeb26921afcbe668/-78Wx98H-441080394-teal-MODEL.jpg",
            "price": 1499,
            "was-price": 1499,
            "name": "Palazzo with Semi-Elasticated Waist",
            "url": "/w-palazzo-with-semi-elasticated-waist/p/441080394_teal",
            "offer-price": 1122.37,
            "rating-count": 0,
            "cat1": "Women",
            "cat2": "Fusion Wear",
            "cat3": "Pants",
            "brand": "w"
        },
        {
            "product-id": "441308920",
            "avg-rating": "",
            "img-url": "https://assets.ajio.com/medias/sys_master/root/20220304/gc0L/6221093cf997dd03e2007cf5/-78Wx98H-441308920-purple-MODEL.jpg",
            "price": 500,
            "was-price": 1999,
            "name": "Jogger Pants with Drawstring Waist",
            "url": "/jdy-by-only-jogger-pants-with-drawstring-waist/p/441308920_purple",
            "offer-price": 373.74,
            "rating-count": 0,
            "cat1": "Women",
            "cat2": "Western Wear",
            "cat3": "Trousers & Pants",
            "brand": "jdy-by-only"
        },
        {
            "product-id": "441200869",
            "avg-rating": "",
            "img-url": "https://assets.ajio.com/medias/sys_master/root/20220308/TrhY/6226576bf997dd03e20583e5/-78Wx98H-441200869-pink-MODEL.jpg",
            "price": 471,
            "was-price": 799,
            "name": "Palazzos with Semi-Elasticated Waistband",
            "url": "/aurelia-palazzos-with-semi-elasticated-waistband/p/441200869_pink",
            "offer-price": 352.06,
            "rating-count": 0,
            "cat1": "Women",
            "cat2": "Fusion Wear",
            "cat3": "Pants",
            "brand": "aurelia"
        },
        {
            "product-id": "441027053",
            "avg-rating": "",
            "img-url": "https://assets.ajio.com/medias/sys_master/root/20220308/5pmc/62265fa5f997dd03e205b4e2/-78Wx98H-441027053-ecru-MODEL.jpg",
            "price": 1499,
            "was-price": 1499,
            "name": "Floral Print Straight Kurta",
            "url": "/w-floral-print-straight-kurta/p/441027053_ecru",
            "offer-price": 593.49,
            "rating-count": 0,
            "cat1": "Women",
            "cat2": "Ethnic Wear",
            "cat3": "Kurtas",
            "brand": "w"
        },
        {
            "product-id": "441200284",
            "avg-rating": "",
            "img-url": "https://assets.ajio.com/medias/sys_master/root/20220308/Gjlj/62265a17aeb26921afcbc361/-78Wx98H-441200284-green-MODEL.jpg",
            "price": 1899,
            "was-price": 1899,
            "name": "Printed Straight Kurta with Embroidery",
            "url": "/w-printed-straight-kurta-with-embroidery/p/441200284_green",
            "offer-price": 369.25,
            "rating-count": 0,
            "cat1": "Women",
            "cat2": "Ethnic Wear",
            "cat3": "Kurtas",
            "brand": "w"
        },
        {
            "product-id": "441172173",
            "avg-rating": "",
            "img-url": "https://assets.ajio.com/medias/sys_master/root/20220308/2r8B/622678faf997dd03e2063e47/-78Wx98H-441172173-yellow-MODEL.jpg",
            "price": 3999,
            "was-price": 3999,
            "name": "Embellished Straight Kurta",
            "url": "/w-embellished-straight-kurta/p/441172173_yellow",
            "offer-price": 838.59,
            "rating-count": 0,
            "cat1": "Women",
            "cat2": "Ethnic Wear",
            "cat3": "Kurtas",
            "brand": "w"
        },
        {
            "product-id": "441200303",
            "avg-rating": "",
            "img-url": "https://assets.ajio.com/medias/sys_master/root/20220308/YbzA/62267983aeb26921afcc52de/-78Wx98H-441200303-black-MODEL.jpg",
            "price": 780,
            "was-price": 2999,
            "name": "Printed Straight Kurta with Keyhole Back",
            "url": "/w-printed-straight-kurta-with-keyhole-back/p/441200303_black",
            "offer-price": 583.03,
            "rating-count": 0,
            "cat1": "Women",
            "cat2": "Ethnic Wear",
            "cat3": "Kurtas",
            "brand": "w"
        },
        {
            "product-id": "441200886",
            "avg-rating": "",
            "img-url": "https://assets.ajio.com/medias/sys_master/root/20220308/4FND/62266041f997dd03e205b80e/-78Wx98H-441200886-green-MODEL.jpg",
            "price": 1499,
            "was-price": 1499,
            "name": "Foil Print Flared Palazzos",
            "url": "/aurelia-foil-print-flared-palazzos/p/441200886_green",
            "offer-price": 1122.37,
            "rating-count": 0,
            "cat1": "Women",
            "cat2": "Fusion Wear",
            "cat3": "Pants",
            "brand": "aurelia"
        },
        {
            "product-id": "441172182",
            "avg-rating": "",
            "img-url": "https://assets.ajio.com/medias/sys_master/root/20220308/WhwY/62266eaaf997dd03e205f9c1/-78Wx98H-441172182-orange-MODEL.jpg",
            "price": 3599,
            "was-price": 3599,
            "name": "Floral Embroidered Straight Kurta Suit Set",
            "url": "/w-floral-embroidered-straight-kurta-suit-set/p/441172182_orange",
            "offer-price": 1212.96,
            "rating-count": 0,
            "cat1": "Women",
            "cat2": "Ethnic Wear",
            "cat3": "Kurta Suit Sets",
            "brand": "w"
        },
        {
            "product-id": "441200395",
            "avg-rating": "",
            "img-url": "https://assets.ajio.com/medias/sys_master/root/20220308/4dPC/62267b5aaeb26921afcc5a78/-78Wx98H-441200395-pink-MODEL.jpg",
            "price": 1699,
            "was-price": 1699,
            "name": "Geometric Print Straight Kurta with Mandarin Collar",
            "url": "/w-geometric-print-straight-kurta-with-mandarin-collar/p/441200395_pink",
            "offer-price": 317.68,
            "rating-count": 0,
            "cat1": "Women",
            "cat2": "Ethnic Wear",
            "cat3": "Kurtas",
            "brand": "w"
        },
        {
            "product-id": "441200232",
            "avg-rating": "",
            "img-url": "https://assets.ajio.com/medias/sys_master/root/20220308/NYb4/62267d1baeb26921afcc5fe0/-78Wx98H-441200232-green-MODEL.jpg",
            "price": 1699,
            "was-price": 1699,
            "name": "Embellished Dupatta with Contrast Border",
            "url": "/w-embellished-dupatta-with-contrast-border/p/441200232_green",
            "offer-price": 1272.12,
            "rating-count": 0,
            "cat1": "Women",
            "cat2": "Ethnic Wear",
            "cat3": "Dupattas",
            "brand": "w"
        },
        {
            "product-id": "441200898",
            "avg-rating": "",
            "img-url": "https://assets.ajio.com/medias/sys_master/root/20220308/tz7F/62267102aeb26921afcc2aa6/-78Wx98H-441200898-blue-MODEL.jpg",
            "price": 745,
            "was-price": 1049,
            "name": "Pleat-Front Pants with Insert Pockets",
            "url": "/aurelia-pleat-front-pants-with-insert-pockets/p/441200898_blue",
            "offer-price": 556.87,
            "rating-count": 0,
            "cat1": "Women",
            "cat2": "Fusion Wear",
            "cat3": "Pants",
            "brand": "aurelia"
        },
        {
            "product-id": "441200339",
            "avg-rating": "",
            "img-url": "https://assets.ajio.com/medias/sys_master/root/20220308/XQTf/62266891f997dd03e205de70/-78Wx98H-441200339-yellow-MODEL.jpg",
            "price": 1799,
            "was-price": 1799,
            "name": "Floral Print Straight Kurta",
            "url": "/w-floral-print-straight-kurta/p/441200339_yellow",
            "offer-price": 309.45,
            "rating-count": 0,
            "cat1": "Women",
            "cat2": "Ethnic Wear",
            "cat3": "Kurtas",
            "brand": "w"
        },
        {
            "product-id": "441200428",
            "avg-rating": "",
            "img-url": "https://assets.ajio.com/medias/sys_master/root/20220308/qOkk/62265dccf997dd03e205a26f/-78Wx98H-441200428-green-MODEL.jpg",
            "price": 2299,
            "was-price": 2299,
            "name": "Polka-Dotted Round-Neck A-line Kurta",
            "url": "/w-polka-dotted-round-neck-a-line-kurta/p/441200428_green",
            "offer-price": 704.87,
            "rating-count": 0,
            "cat1": "Women",
            "cat2": "Ethnic Wear",
            "cat3": "Kurtas",
            "brand": "w"
        },
        {
            "product-id": "441026844",
            "avg-rating": "",
            "img-url": "https://assets.ajio.com/medias/sys_master/root/20220308/dvFw/62265cf3aeb26921afcbcf1a/-78Wx98H-441026844-blue-MODEL.jpg",
            "price": 3599,
            "was-price": 3599,
            "name": "Embroidered A-line Kurta",
            "url": "/w-embroidered-a-line-kurta/p/441026844_blue",
            "offer-price": 808.64,
            "rating-count": 0,
            "cat1": "Women",
            "cat2": "Ethnic Wear",
            "cat3": "Kurtas",
            "brand": "w"
        },
        {
            "product-id": "441245125",
            "avg-rating": "",
            "img-url": "https://assets.ajio.com/medias/sys_master/root/20220225/186j/6218f337aeb26921afb865df/-78Wx98H-441245125-indigoblue-MODEL.jpg",
            "price": 900,
            "was-price": 2999,
            "name": "Mid-Wash Skinny Fit Distressed Jeans",
            "url": "/lee-cooper-mid-wash-skinny-fit-distressed-jeans/p/441245125_indigoblue",
            "offer-price": 899,
            "rating-count": 0,
            "cat1": "Men",
            "cat2": "Western Wear",
            "cat3": "Jeans",
            "brand": "lee-cooper"
        },
        {
            "product-id": "441200222",
            "avg-rating": "",
            "img-url": "https://assets.ajio.com/medias/sys_master/root/20220308/SeYe/622674bef997dd03e2062873/-78Wx98H-441200222-grey-MODEL.jpg",
            "price": 1299,
            "was-price": 1299,
            "name": "Flat- Front Pants with Elasticated Waist",
            "url": "/w-flat-front-pants-with-elasticated-waist/p/441200222_grey",
            "offer-price": 972.62,
            "rating-count": 0,
            "cat1": "Women",
            "cat2": "Ethnic Wear",
            "cat3": "Salwars & Churidars",
            "brand": "w"
        },
        {
            "product-id": "441027162",
            "avg-rating": "",
            "img-url": "https://assets.ajio.com/medias/sys_master/root/20220308/Zzg8/622673eff997dd03e20623ff/-78Wx98H-441027162-white-MODEL.jpg",
            "price": 2499,
            "was-price": 2499,
            "name": "Floral Print Flared Kurta",
            "url": "/w-floral-print-flared-kurta/p/441027162_white",
            "offer-price": 1872.68,
            "rating-count": 0,
            "cat1": "Women",
            "cat2": "Ethnic Wear",
            "cat3": "Kurtas",
            "brand": "w"
        },
        {
            "product-id": "441026890",
            "avg-rating": "",
            "img-url": "https://assets.ajio.com/medias/sys_master/root/20220308/MLaS/62265fa5f997dd03e205b4df/-78Wx98H-441026890-peach-MODEL.jpg",
            "price": 1199,
            "was-price": 1199,
            "name": "Cropped Churidar with Semi-Elasticated Waist",
            "url": "/w-cropped-churidar-with-semi-elasticated-waist/p/441026890_peach",
            "offer-price": 897.74,
            "rating-count": 0,
            "cat1": "Women",
            "cat2": "Fusion Wear",
            "cat3": "Churidars & Leggings",
            "brand": "w"
        },
        {
            "product-id": "441200407",
            "avg-rating": "",
            "img-url": "https://assets.ajio.com/medias/sys_master/root/20220308/DtuC/62267b5aaeb26921afcc5a77/-78Wx98H-441200407-orange-MODEL.jpg",
            "price": 468,
            "was-price": 1799,
            "name": "Round-Neck Straight Kurta with Buti Embroidery",
            "url": "/w-round-neck-straight-kurta-with-buti-embroidery/p/441200407_orange",
            "offer-price": 349.82,
            "rating-count": 0,
            "cat1": "Women",
            "cat2": "Ethnic Wear",
            "cat3": "Kurtas",
            "brand": "w"
        },
        {
            "product-id": "441200228",
            "avg-rating": "",
            "img-url": "https://assets.ajio.com/medias/sys_master/root/20220308/fl9o/62266bcef997dd03e205ec53/-78Wx98H-441200228-mustard-MODEL.jpg",
            "price": 1699,
            "was-price": 1699,
            "name": "Floral Print Dupatta with Contrast Border",
            "url": "/w-floral-print-dupatta-with-contrast-border/p/441200228_mustard",
            "offer-price": 672.73,
            "rating-count": 0,
            "cat1": "Women",
            "cat2": "Ethnic Wear",
            "cat3": "Dupattas",
            "brand": "w"
        },
        {
            "product-id": "441027473",
            "avg-rating": "",
            "img-url": "https://assets.ajio.com/medias/sys_master/root/20220308/C1su/62265ad4f997dd03e2059450/-78Wx98H-441027473-orange-MODEL.jpg",
            "price": 1299,
            "was-price": 1299,
            "name": "Floral Embroidered Dupatta",
            "url": "/w-floral-embroidered-dupatta/p/441027473_orange",
            "offer-price": 972.62,
            "rating-count": 0,
            "cat1": "Women",
            "cat2": "Ethnic Wear",
            "cat3": "Dupattas",
            "brand": "w"
        },
        {
            "product-id": "441200761",
            "avg-rating": "",
            "img-url": "https://assets.ajio.com/medias/sys_master/root/20220308/pDWb/6226743ef997dd03e20624a8/-78Wx98H-441200761-black-MODEL.jpg",
            "price": 1499,
            "was-price": 1499,
            "name": "Striped Straight Kurta",
            "url": "/aurelia-striped-straight-kurta/p/441200761_black",
            "offer-price": 638.34,
            "rating-count": 0,
            "cat1": "Women",
            "cat2": "Ethnic Wear",
            "cat3": "Kurtas",
            "brand": "aurelia"
        },
        {
            "product-id": "441136005",
            "avg-rating": "",
            "img-url": "https://assets.ajio.com/medias/sys_master/root/20220304/psQO/62210ef5f997dd03e200986f/-78Wx98H-441136005-pink-MODEL.jpg",
            "price": 1299,
            "was-price": 1299,
            "name": "Embroidered Straight Kurta",
            "url": "/avaasa-mix-n-match-embroidered-straight-kurta/p/441136005_pink",
            "offer-price": 389.51,
            "rating-count": 0,
            "cat1": "Women",
            "cat2": "Ethnic Wear",
            "cat3": "Kurtas",
            "brand": "avaasa-mix-n-match"
        },
        {
            "product-id": "441200299",
            "avg-rating": "",
            "img-url": "https://assets.ajio.com/medias/sys_master/root/20220308/0fP4/622670a0f997dd03e2060d26/-78Wx98H-441200299-purple-MODEL.jpg",
            "price": 2799,
            "was-price": 2799,
            "name": "Printed A-line Kurta with Embellishment",
            "url": "/w-printed-a-line-kurta-with-embellishment/p/441200299_purple",
            "offer-price": 754.73,
            "rating-count": 0,
            "cat1": "Women",
            "cat2": "Ethnic Wear",
            "cat3": "Kurtas",
            "brand": "w"
        },
        {
            "product-id": "441200392",
            "avg-rating": "",
            "img-url": "https://assets.ajio.com/medias/sys_master/root/20220308/BceA/62265946aeb26921afcbc0ae/-78Wx98H-441200392-green-MODEL.jpg",
            "price": 1699,
            "was-price": 1699,
            "name": "Printed Round-Neck Straight Kurta",
            "url": "/w-printed-round-neck-straight-kurta/p/441200392_green",
            "offer-price": 571.82,
            "rating-count": 0,
            "cat1": "Women",
            "cat2": "Ethnic Wear",
            "cat3": "Kurtas",
            "brand": "w"
        },
        {
            "product-id": "441080258",
            "avg-rating": "",
            "img-url": "https://assets.ajio.com/medias/sys_master/root/20220308/j7dd/62267970aeb26921afcc519b/-78Wx98H-441080258-pink-MODEL.jpg",
            "price": 764,
            "was-price": 1499,
            "name": "Culottes with Semi-Elasticated Waist",
            "url": "/aurelia-culottes-with-semi-elasticated-waist/p/441080258_pink",
            "offer-price": 571.07,
            "rating-count": 0,
            "cat1": "Women",
            "cat2": "Fusion Wear",
            "cat3": "Pants",
            "brand": "aurelia"
        },
        {
            "product-id": "441273033",
            "avg-rating": "",
            "img-url": "https://assets.ajio.com/medias/sys_master/root/20220304/WYVe/6221129baeb26921afc70a0f/-78Wx98H-441273033-black-MODEL.jpg",
            "price": 499,
            "was-price": 499,
            "name": "Novelty Print Scarf with Tassels",
            "url": "/fig-novelty-print-scarf-with-tassels/p/441273033_black",
            "offer-price": 299.4,
            "rating-count": 0,
            "cat1": "Women",
            "cat2": "Clothing Accessories",
            "cat3": "Stoles & Scarves",
            "brand": "fig"
        },
        {
            "product-id": "441136169",
            "avg-rating": "",
            "img-url": "https://assets.ajio.com/medias/sys_master/root/20220302/SgWL/621e7c49aeb26921afbfc05d/-78Wx98H-441136169-aqua-MODEL.jpg",
            "price": 1299,
            "was-price": 1299,
            "name": "Floral Print Flared Kurta",
            "url": "/siyahi-floral-print-flared-kurta/p/441136169_aqua",
            "offer-price": 389.51,
            "rating-count": 0,
            "cat1": "Women",
            "cat2": "Ethnic Wear",
            "cat3": "Kurtas",
            "brand": "siyahi"
        },
        {
            "product-id": "441026925",
            "avg-rating": "",
            "img-url": "https://assets.ajio.com/medias/sys_master/root/20220308/3MMh/622670fbaeb26921afcc2a31/-78Wx98H-441026925-blue-MODEL.jpg",
            "price": 1799,
            "was-price": 1799,
            "name": "Straight Kurta with Contrast Yoke",
            "url": "/w-straight-kurta-with-contrast-yoke/p/441026925_blue",
            "offer-price": 470.91,
            "rating-count": 0,
            "cat1": "Women",
            "cat2": "Ethnic Wear",
            "cat3": "Kurtas",
            "brand": "w"
        },
        {
            "product-id": "441309197",
            "avg-rating": "",
            "img-url": "https://assets.ajio.com/medias/sys_master/root/20220304/KfOq/62211e5daeb26921afc7363f/-78Wx98H-441309197-white-MODEL.jpg",
            "price": 1699,
            "was-price": 1699,
            "name": "Striped Ankle-Length Pants with Insert Pockets",
            "url": "/jdy-by-only-striped-ankle-length-pants-with-insert-pockets/p/441309197_white",
            "offer-price": 317.68,
            "rating-count": 0,
            "cat1": "Women",
            "cat2": "Western Wear",
            "cat3": "Trousers & Pants",
            "brand": "jdy-by-only"
        },
        {
            "product-id": "441309109",
            "avg-rating": "",
            "img-url": "https://assets.ajio.com/medias/sys_master/root/20220304/YDPu/62211bf6f997dd03e200d52f/-78Wx98H-441309109-inkblue-MODEL.jpg",
            "price": 1499,
            "was-price": 1499,
            "name": "Floral Print Shirt with Notched Lapel",
            "url": "/jdy-by-only-floral-print-shirt-with-notched-lapel/p/441309109_inkblue",
            "offer-price": 392.42,
            "rating-count": 0,
            "cat1": "Women",
            "cat2": "Western Wear",
            "cat3": "Shirts",
            "brand": "jdy-by-only"
        },
        {
            "product-id": "441308919",
            "avg-rating": "",
            "img-url": "https://assets.ajio.com/medias/sys_master/root/20220304/kfMN/62210945f997dd03e2007dab/-78Wx98H-441308919-grey-MODEL.jpg",
            "price": 500,
            "was-price": 1999,
            "name": "Jogger Pants with Drawstring Waist",
            "url": "/jdy-by-only-jogger-pants-with-drawstring-waist/p/441308919_grey",
            "offer-price": 373.74,
            "rating-count": 0,
            "cat1": "Women",
            "cat2": "Western Wear",
            "cat3": "Trousers & Pants",
            "brand": "jdy-by-only"
        },
        {
            "product-id": "441200693",
            "avg-rating": "",
            "img-url": "https://assets.ajio.com/medias/sys_master/root/20220308/H9Fz/6226744af997dd03e20624d3/-78Wx98H-441200693-pink-MODEL.jpg",
            "price": 750,
            "was-price": 1499,
            "name": "Printed Panelled Straight Kurta",
            "url": "/aurelia-printed-panelled-straight-kurta/p/441200693_pink",
            "offer-price": 560.61,
            "rating-count": 0,
            "cat1": "Women",
            "cat2": "Ethnic Wear",
            "cat3": "Kurtas",
            "brand": "aurelia"
        },
        {
            "product-id": "441158599",
            "avg-rating": "",
            "img-url": "https://assets.ajio.com/medias/sys_master/root/20220308/0E8e/62266e25aeb26921afcc133f/-78Wx98H-441158599-pink-MODEL.jpg",
            "price": 999,
            "was-price": 999,
            "name": "Foil Print Dupatta",
            "url": "/w-foil-print-dupatta/p/441158599_pink",
            "offer-price": 747.99,
            "rating-count": 0,
            "cat1": "Women",
            "cat2": "Ethnic Wear",
            "cat3": "Dupattas",
            "brand": "w"
        },
        {
            "product-id": "441026823",
            "avg-rating": "",
            "img-url": "https://assets.ajio.com/medias/sys_master/root/20220308/qRhm/622659c2aeb26921afcbc23f/-78Wx98H-441026823-blue-MODEL.jpg",
            "price": 6999,
            "was-price": 6999,
            "name": "Printed Kurta Suit Set",
            "url": "/w-printed-kurta-suit-set/p/441026823_blue",
            "offer-price": 838.59,
            "rating-count": 0,
            "cat1": "Women",
            "cat2": "Ethnic Wear",
            "cat3": "Kurta Suit Sets",
            "brand": "w"
        },
        {
            "product-id": "441026888",
            "avg-rating": "",
            "img-url": "https://assets.ajio.com/medias/sys_master/root/20220308/hoXe/62266db3f997dd03e205f484/-78Wx98H-441026888-pink-MODEL.jpg",
            "price": 1199,
            "was-price": 1199,
            "name": "Churidar with Semi-Elasticated Waist",
            "url": "/w-churidar-with-semi-elasticated-waist/p/441026888_pink",
            "offer-price": 897.74,
            "rating-count": 0,
            "cat1": "Women",
            "cat2": "Fusion Wear",
            "cat3": "Churidars & Leggings",
            "brand": "w"
        },
        {
            "product-id": "441200375",
            "avg-rating": "",
            "img-url": "https://assets.ajio.com/medias/sys_master/root/20220308/w6gr/62267705aeb26921afcc4657/-78Wx98H-441200375-yellow-MODEL.jpg",
            "price": 850,
            "was-price": 1699,
            "name": "Straight Kurta with Placement Embroidery",
            "url": "/w-straight-kurta-with-placement-embroidery/p/441200375_yellow",
            "offer-price": 635.35,
            "rating-count": 0,
            "cat1": "Women",
            "cat2": "Ethnic Wear",
            "cat3": "Kurtas",
            "brand": "w"
        },
        {
            "product-id": "441200627",
            "avg-rating": "",
            "img-url": "https://assets.ajio.com/medias/sys_master/root/20220308/C7i4/62267260f997dd03e2061b45/-78Wx98H-441200627-orange-MODEL.jpg",
            "price": 4999,
            "was-price": 4999,
            "name": "Embroidered Straight Kurta with Palazzo & Dupatta Set",
            "url": "/w-embroidered-straight-kurta-with-palazzo-dupatta-set/p/441200627_orange",
            "offer-price": 597.98,
            "rating-count": 0,
            "cat1": "Women",
            "cat2": "Ethnic Wear",
            "cat3": "Kurta Suit Sets",
            "brand": "w"
        },
        {
            "product-id": "441200255",
            "avg-rating": "",
            "img-url": "https://assets.ajio.com/medias/sys_master/root/20220308/pBEp/622653b5aeb26921afcbaaf2/-78Wx98H-441200255-maroon-MODEL.jpg",
            "price": 7999,
            "was-price": 7999,
            "name": "Floral Print V-neck Straight Kurta Set",
            "url": "/w-floral-print-v-neck-straight-kurta-set/p/441200255_maroon",
            "offer-price": 2457.94,
            "rating-count": 0,
            "cat1": "Women",
            "cat2": "Ethnic Wear",
            "cat3": "Kurta Suit Sets",
            "brand": "w"
        },
        {
            "product-id": "441309111",
            "avg-rating": "",
            "img-url": "https://assets.ajio.com/medias/sys_master/root/20220304/ZmWN/62211ee3aeb26921afc7393d/-78Wx98H-441309111-ltblue-MODEL.jpg",
            "price": 1499,
            "was-price": 1499,
            "name": "Micro Print Notched-Collar Shirt",
            "url": "/jdy-by-only-micro-print-notched-collar-shirt/p/441309111_ltblue",
            "offer-price": 392.42,
            "rating-count": 0,
            "cat1": "Women",
            "cat2": "Western Wear",
            "cat3": "Shirts",
            "brand": "jdy-by-only"
        },
        {
            "product-id": "441172210",
            "avg-rating": "",
            "img-url": "https://assets.ajio.com/medias/sys_master/root/20220308/1PS0/62266884f997dd03e205ddc7/-78Wx98H-441172210-brown-MODEL.jpg",
            "price": 2499,
            "was-price": 2499,
            "name": "Printed Flared Kurta with Button Plackets",
            "url": "/w-printed-flared-kurta-with-button-plackets/p/441172210_brown",
            "offer-price": 728.79,
            "rating-count": 0,
            "cat1": "Women",
            "cat2": "Ethnic Wear",
            "cat3": "Kurtas",
            "brand": "w"
        },
        {
            "product-id": "441309002",
            "avg-rating": "",
            "img-url": "https://assets.ajio.com/medias/sys_master/root/20220304/XcmI/62211aaeaeb26921afc72945/-78Wx98H-441309002-grey-MODEL.jpg",
            "price": 325,
            "was-price": 1299,
            "name": "Swiss-Dot Peplum Top",
            "url": "/jdy-by-only-swiss-dot-peplum-top/p/441309002_grey",
            "offer-price": 242.93,
            "rating-count": 0,
            "cat1": "Women",
            "cat2": "Western Wear",
            "cat3": "Tops",
            "brand": "jdy-by-only"
        },
        {
            "product-id": "441309017",
            "avg-rating": "",
            "img-url": "https://assets.ajio.com/medias/sys_master/root/20220304/nD2v/62210945f997dd03e2007da9/-78Wx98H-441309017-blue-MODEL.jpg",
            "price": 525,
            "was-price": 1499,
            "name": "Strappy A-line Denim Dress with Insert Pocket",
            "url": "/jdy-by-only-strappy-a-line-denim-dress-with-insert-pocket/p/441309017_blue",
            "offer-price": 392.42,
            "rating-count": 0,
            "cat1": "Women",
            "cat2": "Western Wear",
            "cat3": "Dresses",
            "brand": "jdy-by-only"
        },
        {
            "product-id": "441200241",
            "avg-rating": "",
            "img-url": "https://assets.ajio.com/medias/sys_master/root/20220308/NS23/622659acf997dd03e2058e65/-78Wx98H-441200241-yellow-MODEL.jpg",
            "price": 6999,
            "was-price": 6999,
            "name": "Embellished Straight Kurta Set",
            "url": "/w-embellished-straight-kurta-set/p/441200241_yellow",
            "offer-price": 1310.3,
            "rating-count": 0,
            "cat1": "Women",
            "cat2": "Ethnic Wear",
            "cat3": "Kurta Suit Sets",
            "brand": "w"
        },
        {
            "product-id": "441158600",
            "avg-rating": "",
            "img-url": "https://assets.ajio.com/medias/sys_master/root/20220308/nAaz/62267c3cf997dd03e2064fa5/-78Wx98H-441158600-yellow-MODEL.jpg",
            "price": 999,
            "was-price": 999,
            "name": "Foil Print Dupatta",
            "url": "/w-foil-print-dupatta/p/441158600_yellow",
            "offer-price": 747.99,
            "rating-count": 0,
            "cat1": "Women",
            "cat2": "Ethnic Wear",
            "cat3": "Dupattas",
            "brand": "w"
        },
        {
            "product-id": "441200728",
            "avg-rating": "",
            "img-url": "https://assets.ajio.com/medias/sys_master/root/20220308/glEM/62266ffeaeb26921afcc20e4/-78Wx98H-441200728-orange-MODEL.jpg",
            "price": 800,
            "was-price": 1599,
            "name": "Checked Straight Kurta with Band Collar",
            "url": "/aurelia-checked-straight-kurta-with-band-collar/p/441200728_orange",
            "offer-price": 597.98,
            "rating-count": 0,
            "cat1": "Women",
            "cat2": "Ethnic Wear",
            "cat3": "Kurtas",
            "brand": "aurelia"
        },
        {
            "product-id": "441245128",
            "avg-rating": "",
            "img-url": "https://assets.ajio.com/medias/sys_master/root/20220225/xiH1/6218f7f7f997dd03e2f1638a/-78Wx98H-441245128-grey-MODEL.jpg",
            "price": 2799,
            "was-price": 2799,
            "name": "Panelled Ankle-Length Slim Fit Jeans",
            "url": "/lee-cooper-panelled-ankle-length-slim-fit-jeans/p/441245128_grey",
            "offer-price": 839,
            "rating-count": 0,
            "cat1": "Men",
            "cat2": "Western Wear",
            "cat3": "Jeans",
            "brand": "lee-cooper"
        },
        {
            "product-id": "441080182",
            "avg-rating": "",
            "img-url": "https://assets.ajio.com/medias/sys_master/root/20220308/w9pE/62266da2f997dd03e205f29a/-78Wx98H-441080182-black-MODEL.jpg",
            "price": 2299,
            "was-price": 2299,
            "name": "Checked Kurta Suit Set",
            "url": "/aurelia-checked-kurta-suit-set/p/441080182_black",
            "offer-price": 361.03,
            "rating-count": 0,
            "cat1": "Women",
            "cat2": "Ethnic Wear",
            "cat3": "Kurta Suit Sets",
            "brand": "aurelia"
        },
        {
            "product-id": "441172212",
            "avg-rating": "",
            "img-url": "https://assets.ajio.com/medias/sys_master/root/20220308/muf7/62266ea1f997dd03e205f8ad/-78Wx98H-441172212-orange-MODEL.jpg",
            "price": 1799,
            "was-price": 1799,
            "name": "Printed Straight Kurta with Band Collar",
            "url": "/w-printed-straight-kurta-with-band-collar/p/441172212_orange",
            "offer-price": 1346.99,
            "rating-count": 0,
            "cat1": "Women",
            "cat2": "Ethnic Wear",
            "cat3": "Kurtas",
            "brand": "w"
        },
        {
            "product-id": "441200246",
            "avg-rating": "",
            "img-url": "https://assets.ajio.com/medias/sys_master/root/20220308/nP9D/62265edef997dd03e205affe/-78Wx98H-441200246-limegreen-MODEL.jpg",
            "price": 6999,
            "was-price": 6999,
            "name": "Printed Straight Kurta Set",
            "url": "/w-printed-straight-kurta-set/p/441200246_limegreen",
            "offer-price": 943.42,
            "rating-count": 0,
            "cat1": "Women",
            "cat2": "Ethnic Wear",
            "cat3": "Kurta Suit Sets",
            "brand": "w"
        },
        {
            "product-id": "441200946",
            "avg-rating": "",
            "img-url": "https://assets.ajio.com/medias/sys_master/root/20220308/thNZ/62267709f997dd03e20633cb/-78Wx98H-441200946-white-MODEL.jpg",
            "price": 2599,
            "was-price": 2599,
            "name": "Striped Straight Kurta Suit Set",
            "url": "/aurelia-striped-straight-kurta-suit-set/p/441200946_white",
            "offer-price": 1011.55,
            "rating-count": 0,
            "cat1": "Women",
            "cat2": "Ethnic Wear",
            "cat3": "Kurta Suit Sets",
            "brand": "aurelia"
        },
        {
            "product-id": "441273027",
            "avg-rating": "",
            "img-url": "https://assets.ajio.com/medias/sys_master/root/20220304/zvak/62210944aeb26921afc6e564/-78Wx98H-441273027-black-MODEL.jpg",
            "price": 399,
            "was-price": 399,
            "name": "Floral Print Scarf with Tassels",
            "url": "/fig-floral-print-scarf-with-tassels/p/441273027_black",
            "offer-price": 239.4,
            "rating-count": 0,
            "cat1": "Women",
            "cat2": "Clothing Accessories",
            "cat3": "Stoles & Scarves",
            "brand": "fig"
        },
        {
            "product-id": "441309108",
            "avg-rating": "",
            "img-url": "https://assets.ajio.com/medias/sys_master/root/20220304/abxy/62210945f997dd03e2007db0/-78Wx98H-441309108-blue-MODEL.jpg",
            "price": 1499,
            "was-price": 1499,
            "name": "Floral Print Shirt",
            "url": "/jdy-by-only-floral-print-shirt/p/441309108_blue",
            "offer-price": 392.42,
            "rating-count": 0,
            "cat1": "Women",
            "cat2": "Western Wear",
            "cat3": "Shirts",
            "brand": "jdy-by-only"
        },
        {
            "product-id": "441200268",
            "avg-rating": "",
            "img-url": "https://assets.ajio.com/medias/sys_master/root/20220308/ymtN/62267da0aeb26921afcc6379/-78Wx98H-441200268-mintgreen-MODEL.jpg",
            "price": 7999,
            "was-price": 7999,
            "name": "Floral Print Flared Kurta Set",
            "url": "/w-floral-print-flared-kurta-set/p/441200268_mintgreen",
            "offer-price": 1078.19,
            "rating-count": 0,
            "cat1": "Women",
            "cat2": "Ethnic Wear",
            "cat3": "Kurta Suit Sets",
            "brand": "w"
        },
        {
            "product-id": "441134420",
            "avg-rating": "",
            "img-url": "https://assets.ajio.com/medias/sys_master/root/20220305/oikY/62226fcff997dd03e20242a4/-78Wx98H-441134420-jetblack-MODEL.jpg",
            "price": 390,
            "was-price": 1299,
            "name": "Mid-Rise Skinny Jeans with Ankle Zippers",
            "url": "/dnmx-mid-rise-skinny-jeans-with-ankle-zippers/p/441134420_jetblack",
            "offer-price": 389.51,
            "rating-count": 0,
            "cat1": "Women",
            "cat2": "Western Wear",
            "cat3": "Jeans & Jeggings",
            "brand": "dnmx"
        },
        {
            "product-id": "441027465",
            "avg-rating": "",
            "img-url": "https://assets.ajio.com/medias/sys_master/root/20220308/oCYK/6226682aaeb26921afcbff04/-78Wx98H-441027465-beige-MODEL.jpg",
            "price": 1299,
            "was-price": 1299,
            "name": "Floral Embroidered Dupatta",
            "url": "/w-floral-embroidered-dupatta/p/441027465_beige",
            "offer-price": 972.62,
            "rating-count": 0,
            "cat1": "Women",
            "cat2": "Ethnic Wear",
            "cat3": "Dupattas",
            "brand": "w"
        },
        {
            "product-id": "441026889",
            "avg-rating": "",
            "img-url": "https://assets.ajio.com/medias/sys_master/root/20220308/r5Uc/6226510baeb26921afcba17d/-78Wx98H-441026889-yellow-MODEL.jpg",
            "price": 1199,
            "was-price": 1199,
            "name": "Cropped Churidar with Semi-Elasticated Waist",
            "url": "/w-cropped-churidar-with-semi-elasticated-waist/p/441026889_yellow",
            "offer-price": 224.24,
            "rating-count": 0,
            "cat1": "Women",
            "cat2": "Fusion Wear",
            "cat3": "Churidars & Leggings",
            "brand": "w"
        },
        {
            "product-id": "441159560",
            "avg-rating": "",
            "img-url": "https://assets.ajio.com/medias/sys_master/root/20220308/7tsV/62266f0df997dd03e205fc6a/-78Wx98H-441159560-green-MODEL.jpg",
            "price": 1799,
            "was-price": 1799,
            "name": "Embroidered Straight Kurta",
            "url": "/w-embroidered-straight-kurta/p/441159560_green",
            "offer-price": 1346.99,
            "rating-count": 0,
            "cat1": "Women",
            "cat2": "Ethnic Wear",
            "cat3": "Kurtas",
            "brand": "w"
        },
        {
            "product-id": "441200884",
            "avg-rating": "",
            "img-url": "https://assets.ajio.com/medias/sys_master/root/20220308/McOS/62267d24aeb26921afcc60c7/-78Wx98H-441200884-pink-MODEL.jpg",
            "price": 503,
            "was-price": 799,
            "name": "Pants with Elasticated Waistband",
            "url": "/aurelia-pants-with-elasticated-waistband/p/441200884_pink",
            "offer-price": 375.98,
            "rating-count": 0,
            "cat1": "Women",
            "cat2": "Fusion Wear",
            "cat3": "Pants",
            "brand": "aurelia"
        },
        {
            "product-id": "441200756",
            "avg-rating": "",
            "img-url": "https://assets.ajio.com/medias/sys_master/root/20220308/sWFl/62267979aeb26921afcc5285/-78Wx98H-441200756-green-MODEL.jpg",
            "price": 755,
            "was-price": 1199,
            "name": "Foil Print Straight Kurta",
            "url": "/aurelia-foil-print-straight-kurta/p/441200756_green",
            "offer-price": 564.34,
            "rating-count": 0,
            "cat1": "Women",
            "cat2": "Ethnic Wear",
            "cat3": "Kurtas",
            "brand": "aurelia"
        },
        {
            "product-id": "441200312",
            "avg-rating": "",
            "img-url": "https://assets.ajio.com/medias/sys_master/root/20220308/9DPJ/622660b5f997dd03e205b9ea/-78Wx98H-441200312-yellow-MODEL.jpg",
            "price": 1999,
            "was-price": 1999,
            "name": "Printed Straight Kurta with Embroidery",
            "url": "/w-printed-straight-kurta-with-embroidery/p/441200312_yellow",
            "offer-price": 612.93,
            "rating-count": 0,
            "cat1": "Women",
            "cat2": "Ethnic Wear",
            "cat3": "Kurtas",
            "brand": "w"
        },
        {
            "product-id": "441164248",
            "avg-rating": "",
            "img-url": "https://assets.ajio.com/medias/sys_master/root/20220308/K5gi/62267cb6aeb26921afcc5eb7/-78Wx98H-441164248-blue-MODEL.jpg",
            "price": 1899,
            "was-price": 1899,
            "name": "Foil Print A-line Kurta",
            "url": "/w-foil-print-a-line-kurta/p/441164248_blue",
            "offer-price": 938.18,
            "rating-count": 0,
            "cat1": "Women",
            "cat2": "Ethnic Wear",
            "cat3": "Kurtas",
            "brand": "w"
        },
        {
            "product-id": "441200274",
            "avg-rating": "",
            "img-url": "https://assets.ajio.com/medias/sys_master/root/20220308/70A5/62267550aeb26921afcc3f60/-78Wx98H-441200274-offwhite-MODEL.jpg",
            "price": 1699,
            "was-price": 1699,
            "name": "Floral Print Straight Kurta",
            "url": "/w-floral-print-straight-kurta/p/441200274_offwhite",
            "offer-price": 330.38,
            "rating-count": 0,
            "cat1": "Women",
            "cat2": "Ethnic Wear",
            "cat3": "Kurtas",
            "brand": "w"
        },
        {
            "product-id": "441200735",
            "avg-rating": "",
            "img-url": "https://assets.ajio.com/medias/sys_master/root/20220308/jCzo/6226576bf997dd03e20583e3/-78Wx98H-441200735-blue-MODEL.jpg",
            "price": 1299,
            "was-price": 1299,
            "name": "Striped Straight Kurta with Spread Collar",
            "url": "/aurelia-striped-straight-kurta-with-spread-collar/p/441200735_blue",
            "offer-price": 572.57,
            "rating-count": 0,
            "cat1": "Women",
            "cat2": "Ethnic Wear",
            "cat3": "Kurtas",
            "brand": "aurelia"
        },
        {
            "product-id": "441137189",
            "avg-rating": "",
            "img-url": "https://assets.ajio.com/medias/sys_master/root/20220304/5ko7/62210f12f997dd03e2009920/-78Wx98H-441137189-lavender-MODEL.jpg",
            "price": 288,
            "was-price": 599,
            "name": "Women Laser-Cut Relaxed Fit Twofer Top",
            "url": "/teamspirit-women-laser-cut-relaxed-fit-twofer-top/p/441137189_lavender",
            "offer-price": 203.66,
            "rating-count": 0,
            "cat1": "Women",
            "cat2": "Western Wear",
            "cat3": "Tops",
            "brand": "teamspirit"
        },
        {
            "product-id": "441200438",
            "avg-rating": "",
            "img-url": "https://assets.ajio.com/medias/sys_master/root/20220308/Gf9Z/62266733f997dd03e205d84a/-78Wx98H-441200438-blue-MODEL.jpg",
            "price": 504,
            "was-price": 1799,
            "name": "Floral Print Round-Neck Straight Kurta",
            "url": "/w-floral-print-round-neck-straight-kurta/p/441200438_blue",
            "offer-price": 376.73,
            "rating-count": 0,
            "cat1": "Women",
            "cat2": "Ethnic Wear",
            "cat3": "Kurtas",
            "brand": "w"
        },
        {
            "product-id": "441309137",
            "avg-rating": "",
            "img-url": "https://assets.ajio.com/medias/sys_master/root/20220308/hCda/6226681faeb26921afcbfe53/-78Wx98H-441309137-pink-MODEL.jpg",
            "price": 455,
            "was-price": 1299,
            "name": "Peplum Top with Cut-Out Neckline",
            "url": "/jdy-by-only-peplum-top-with-cut-out-neckline/p/441309137_pink",
            "offer-price": 340.1,
            "rating-count": 0,
            "cat1": "Women",
            "cat2": "Western Wear",
            "cat3": "Tops",
            "brand": "jdy-by-only"
        },
        {
            "product-id": "441200764",
            "avg-rating": "",
            "img-url": "https://assets.ajio.com/medias/sys_master/root/20220308/9r9f/62266733f997dd03e205d84b/-78Wx98H-441200764-red-MODEL.jpg",
            "price": 1199,
            "was-price": 1199,
            "name": "Embellished Straight Kurta",
            "url": "/aurelia-embellished-straight-kurta/p/441200764_red",
            "offer-price": 483.62,
            "rating-count": 0,
            "cat1": "Women",
            "cat2": "Ethnic Wear",
            "cat3": "Kurtas",
            "brand": "aurelia"
        },
        {
            "product-id": "441200931",
            "avg-rating": "",
            "img-url": "https://assets.ajio.com/medias/sys_master/root/20220308/IUcl/622672e3f997dd03e2061e37/-78Wx98H-441200931-blue-MODEL.jpg",
            "price": 499,
            "was-price": 499,
            "name": "Checked Dupatta with Fringed Border",
            "url": "/aurelia-checked-dupatta-with-fringed-border/p/441200931_blue",
            "offer-price": 298.24,
            "rating-count": 0,
            "cat1": "Women",
            "cat2": "Ethnic Wear",
            "cat3": "Dupattas",
            "brand": "aurelia"
        },
        {
            "product-id": "441200942",
            "avg-rating": "",
            "img-url": "https://assets.ajio.com/medias/sys_master/root/20220308/gPMb/62265200aeb26921afcba4ab/-78Wx98H-441200942-blue-MODEL.jpg",
            "price": 1999,
            "was-price": 1999,
            "name": "Striped Straight Kurta Suit Set",
            "url": "/aurelia-striped-straight-kurta-suit-set/p/441200942_blue",
            "offer-price": 1498,
            "rating-count": 0,
            "cat1": "Women",
            "cat2": "Ethnic Wear",
            "cat3": "Kurta Suit Sets",
            "brand": "aurelia"
        },
        {
            "product-id": "441200408",
            "avg-rating": "",
            "img-url": "https://assets.ajio.com/medias/sys_master/root/20220308/O83x/6226626ff997dd03e205c14c/-78Wx98H-441200408-purple-MODEL.jpg",
            "price": 1799,
            "was-price": 1799,
            "name": "Round-Neck Straight Kurta with Buti Embroidery",
            "url": "/w-round-neck-straight-kurta-with-buti-embroidery/p/441200408_purple",
            "offer-price": 1117.87,
            "rating-count": 0,
            "cat1": "Women",
            "cat2": "Ethnic Wear",
            "cat3": "Kurtas",
            "brand": "w"
        },
        {
            "product-id": "441165906",
            "avg-rating": "",
            "img-url": "https://assets.ajio.com/medias/sys_master/root/20220606/qtLQ/629e1b4df997dd03e266bc52/-78Wx98H-441165906-red-MODEL.jpg",
            "price": 1249,
            "was-price": 1249,
            "name": "Heathered Mandarin Collar Shirt",
            "url": "/dj-c-heathered-mandarin-collar-shirt/p/441165906_red",
            "offer-price": 374.53,
            "rating-count": 0,
            "cat1": "Men",
            "cat2": "Western Wear",
            "cat3": "Shirts",
            "brand": "dj-c"
        },
        {
            "product-id": "441165912",
            "avg-rating": "",
            "img-url": "https://assets.ajio.com/medias/sys_master/root/20220606/cAow/629e1b9eaeb26921af11bd2e/-78Wx98H-441165912-pink-MODEL.jpg",
            "price": 1099,
            "was-price": 1099,
            "name": "Heathered Cutaway Collar Shirt",
            "url": "/dj-c-heathered-cutaway-collar-shirt/p/441165912_pink",
            "offer-price": 329.59,
            "rating-count": 0,
            "cat1": "Men",
            "cat2": "Western Wear",
            "cat3": "Shirts",
            "brand": "dj-c"
        },
        {
            "product-id": "441296260",
            "avg-rating": "",
            "img-url": "https://assets.ajio.com/medias/sys_master/root/20240506/4BdT/6638980205ac7d77bb42a2e9/-78Wx98H-441296260-blue-MODEL.jpg",
            "price": 700,
            "was-price": 1399,
            "name": "Micro Print Shirt Dress with Flap Pockets",
            "url": "/gini-jony-micro-print-shirt-dress-with-flap-pockets/p/441296260_blue",
            "offer-price": 448.48,
            "rating-count": 0,
            "cat1": "Girls",
            "cat2": "Western Wear",
            "cat3": "Dresses & Frocks",
            "brand": "gini-jony"
        },
        {
            "product-id": "441165905",
            "avg-rating": "",
            "img-url": "https://assets.ajio.com/medias/sys_master/root/20220606/GCS3/629e1c91f997dd03e266c79a/-78Wx98H-441165905-navy-MODEL.jpg",
            "price": 1149,
            "was-price": 1149,
            "name": "Heathered Mandarin Collar Shirt",
            "url": "/dj-c-heathered-mandarin-collar-shirt/p/441165905_navy",
            "offer-price": 344.57,
            "rating-count": 0,
            "cat1": "Men",
            "cat2": "Western Wear",
            "cat3": "Shirts",
            "brand": "dj-c"
        },
        {
            "product-id": "441135423",
            "avg-rating": "",
            "img-url": "https://assets.ajio.com/medias/sys_master/root/20220303/fPoK/621fd04eaeb26921afc40e3f/-78Wx98H-441135423-olive-MODEL.jpg",
            "price": 1299,
            "was-price": 1299,
            "name": "Pleated Track Pants with Fly & Button Closure",
            "url": "/teamspirit-pleated-track-pants-with-fly-button-closure/p/441135423_olive",
            "offer-price": 389.51,
            "rating-count": 0,
            "cat1": "Men",
            "cat2": "Western Wear",
            "cat3": "Track Pants",
            "brand": "teamspirit"
        },
        {
            "product-id": "441130523",
            "avg-rating": "",
            "img-url": "https://assets.ajio.com/medias/sys_master/root/20220301/rc8I/621e422af997dd03e2f87aaf/-78Wx98H-441130523-green-MODEL.jpg",
            "price": 1199,
            "was-price": 1199,
            "name": "Micro Print Slim Fit Polo T-shirt",
            "url": "/john-players-micro-print-slim-fit-polo-t-shirt/p/441130523_green",
            "offer-price": 407.66,
            "rating-count": 0,
            "cat1": "Men",
            "cat2": "Western Wear",
            "cat3": "Tshirts",
            "brand": "john-players"
        },
        {
            "product-id": "441130520",
            "avg-rating": "",
            "img-url": "https://assets.ajio.com/medias/sys_master/root/20220301/Rj2K/621e4757aeb26921afbf503e/-78Wx98H-441130520-peach-MODEL.jpg",
            "price": 1199,
            "was-price": 1199,
            "name": "Micro Print Slim Fit Polo T-shirt",
            "url": "/john-players-micro-print-slim-fit-polo-t-shirt/p/441130520_peach",
            "offer-price": 407.66,
            "rating-count": 0,
            "cat1": "Men",
            "cat2": "Western Wear",
            "cat3": "Tshirts",
            "brand": "john-players"
        },
        {
            "product-id": "441137063",
            "avg-rating": "",
            "img-url": "https://assets.ajio.com/medias/sys_master/root/20220303/U4iP/621fc894aeb26921afc3ecf8/-78Wx98H-441137063-khaki-MODEL.jpg",
            "price": 390,
            "was-price": 1299,
            "name": "Printed Slim Fit Knitted Shirt with Band Collar",
            "url": "/netplay-printed-slim-fit-knitted-shirt-with-band-collar/p/441137063_khaki",
            "offer-price": 389.51,
            "rating-count": 0,
            "cat1": "Men",
            "cat2": "Western Wear",
            "cat3": "Shirts",
            "brand": "netplay"
        },
        {
            "product-id": "441137466",
            "avg-rating": "",
            "img-url": "https://assets.ajio.com/medias/sys_master/root/20220301/PwZh/621e3c8af997dd03e2f85c2e/-78Wx98H-441137466-lime-MODEL.jpg",
            "price": 299,
            "was-price": 299,
            "name": "Tropical Print Round-Neck T-shirt",
            "url": "/kg-frendz-tropical-print-round-neck-t-shirt/p/441137466_lime",
            "offer-price": 223.49,
            "rating-count": 0,
            "cat1": "Girls",
            "cat2": "Western Wear",
            "cat3": "Tshirts",
            "brand": "kg-frendz"
        },
        {
            "product-id": "441245425",
            "avg-rating": "",
            "img-url": "https://assets.ajio.com/medias/sys_master/root/20220302/oHle/621e6e53f997dd03e2f8ca6c/-78Wx98H-441245425-black-MODEL.jpg",
            "price": 510,
            "was-price": 1699,
            "name": "Cotton Shirt with Patch Pocket",
            "url": "/lee-cooper-cotton-shirt-with-patch-pocket/p/441245425_black",
            "offer-price": 509.36,
            "rating-count": 0,
            "cat1": "Women",
            "cat2": "Western Wear",
            "cat3": "Shirts",
            "brand": "lee-cooper"
        },
        {
            "product-id": "441130171",
            "avg-rating": "",
            "img-url": "https://assets.ajio.com/medias/sys_master/root/20220303/PnJm/621fc82ef997dd03e2fd7045/-78Wx98H-441130171-navy-MODEL.jpg",
            "price": 1499,
            "was-price": 1499,
            "name": "Tapered Fit Flat-Front Chinos",
            "url": "/netplay-tapered-fit-flat-front-chinos/p/441130171_navy",
            "offer-price": 449.44,
            "rating-count": 0,
            "cat1": "Men",
            "cat2": "Western Wear",
            "cat3": "Trousers & Pants",
            "brand": "netplay"
        },
        {
            "product-id": "441099315",
            "avg-rating": "",
            "img-url": "https://assets.ajio.com/medias/sys_master/root/20220228/2kcl/621c637ff997dd03e2f2aa9e/-78Wx98H-441099315-sky-MODEL.jpg",
            "price": 1999,
            "was-price": 1999,
            "name": "Striped Slim Fit Shirt with Patch Pocket",
            "url": "/crimsoune-club-striped-slim-fit-shirt-with-patch-pocket/p/441099315_sky",
            "offer-price": 1498,
            "rating-count": 0,
            "cat1": "Men",
            "cat2": "Western Wear",
            "cat3": "Shirts",
            "brand": "crimsoune-club"
        },
        {
            "product-id": "441130112",
            "avg-rating": "",
            "img-url": "https://assets.ajio.com/medias/sys_master/root/20220301/mrfQ/621d2bb8aeb26921afbc7ef7/-78Wx98H-441130112-pink-MODEL.jpg",
            "price": 450,
            "was-price": 1499,
            "name": "Men Slim Fit Shirt with Patch Pocket",
            "url": "/john-players-men-slim-fit-shirt-with-patch-pocket/p/441130112_pink",
            "offer-price": 449.44,
            "rating-count": 0,
            "cat1": "Men",
            "cat2": "Western Wear",
            "cat3": "Shirts",
            "brand": "john-players"
        },
        {
            "product-id": "441172213",
            "avg-rating": "",
            "img-url": "https://assets.ajio.com/medias/sys_master/root/20211014/fi6D/61684db9f997ddf8f1d1ea04/-78Wx98H-441172213-red-MODEL.jpg",
            "price": 1799,
            "was-price": 1799,
            "name": "Checked Straight Kurta with Button placket",
            "url": "/w-checked-straight-kurta-with-button-placket/p/441172213_red",
            "offer-price": 605.45,
            "rating-count": 0,
            "cat1": "Women",
            "cat2": "Ethnic Wear",
            "cat3": "Kurtas",
            "brand": "w"
        },
        {
            "product-id": "441158247",
            "avg-rating": "",
            "img-url": "https://assets.ajio.com/medias/sys_master/root/20220301/BdHs/621e465eaeb26921afbf4b2f/-78Wx98H-441158247-brown-MODEL.jpg",
            "price": 540,
            "was-price": 1799,
            "name": "Printed Sweatshirt with Ribbed Hems",
            "url": "/lee-cooper-printed-sweatshirt-with-ribbed-hems/p/441158247_brown",
            "offer-price": 539.32,
            "rating-count": 0,
            "cat1": "Women",
            "cat2": "Western Wear",
            "cat3": "Sweatshirt & Hoodies",
            "brand": "lee-cooper"
        },
        {
            "product-id": "441134781",
            "avg-rating": "",
            "img-url": "https://assets.ajio.com/medias/sys_master/root/20220303/SLqp/621fbdcfaeb26921afc3c143/-78Wx98H-441134781-jetblack-MODEL.jpg",
            "price": 999,
            "was-price": 999,
            "name": "Quick-Dry Panelled Track Pants with Logo Print",
            "url": "/performax-quick-dry-panelled-track-pants-with-logo-print/p/441134781_jetblack",
            "offer-price": 224.24,
            "rating-count": 0,
            "cat1": "Men",
            "cat2": "Western Wear",
            "cat3": "Track Pants",
            "brand": "performax"
        },
        {
            "product-id": "441234657",
            "avg-rating": "",
            "img-url": "https://assets.ajio.com/medias/sys_master/root/20220303/3xao/621fb8a3f997dd03e2fd254d/-78Wx98H-441234657-black-MODEL.jpg",
            "price": 800,
            "was-price": 1999,
            "name": "Panelled Slim Fit Joggers with Insert Pockets",
            "url": "/john-players-jeans-panelled-slim-fit-joggers-with-insert-pockets/p/441234657_black",
            "offer-price": 679.66,
            "rating-count": 0,
            "cat1": "Men",
            "cat2": "Western Wear",
            "cat3": "Track Pants",
            "brand": "john-players-jeans"
        },
        {
            "product-id": "441131569",
            "avg-rating": "",
            "img-url": "https://assets.ajio.com/medias/sys_master/root/20220302/TXZh/621e7350aeb26921afbf96c5/-78Wx98H-441131569-pink-MODEL.jpg",
            "price": 432,
            "was-price": 899,
            "name": "Striped Cotton Polo Dress",
            "url": "/teamspirit-striped-cotton-polo-dress/p/441131569_pink",
            "offer-price": 305.66,
            "rating-count": 0,
            "cat1": "Women",
            "cat2": "Western Wear",
            "cat3": "Dresses",
            "brand": "teamspirit"
        }
    ],
    "ajio": [],
    "": []
}