{
    "": [],
    "ajio": [],
    "trends.ajio": [
        {
            "product-id": "441023458",
            "avg-rating": "",
            "img-url": "https://assets.ajio.com/medias/sys_master/root/heb/h60/15129444679710/-78Wx98H-441023458-mustard-MODEL.jpg",
            "price": 1299,
            "was-price": 1299,
            "name": "Embroidered A-line Kurta",
            "url": "/avaasa-mix-n-match-embroidered-a-line-kurta/p/441023458_mustard",
            "offer-price": 389.51,
            "rating-count": 0,
            "cat1": "Women",
            "cat2": "Ethnic Wear",
            "cat3": "Kurtas",
            "brand": "avaasa-mix-n-match"
        },
        {
            "product-id": "460483413",
            "avg-rating": "",
            "img-url": "https://assets.ajio.com/medias/sys_master/root/h00/hcd/15095022157854/-78Wx98H-460483413-red-MODEL.jpg",
            "price": 1799,
            "was-price": 1799,
            "name": "Floral Print Tiered A-line Midi Dress",
            "url": "/ajio-floral-print-tiered-a-line-midi-dress/p/460483413_red",
            "offer-price": 1283.53,
            "rating-count": 0,
            "cat1": "Women",
            "cat2": "Fusion Wear",
            "cat3": "Dresses & Gowns",
            "brand": "ajio"
        },
        {
            "product-id": "460483475",
            "avg-rating": "",
            "img-url": "https://assets.ajio.com/medias/sys_master/root/hfe/hc4/15128502075422/-78Wx98H-460483475-white-MODEL.jpg",
            "price": 1499,
            "was-price": 1499,
            "name": "Floral Print A-line Kurta",
            "url": "/ajio-floral-print-a-line-kurta/p/460483475_white",
            "offer-price": 224.24,
            "rating-count": 0,
            "cat1": "Women",
            "cat2": "Ethnic Wear",
            "cat3": "Kurtas",
            "brand": "ajio"
        },
        {
            "product-id": "441024244",
            "avg-rating": "",
            "img-url": "https://assets.ajio.com/medias/sys_master/root/hc1/hf5/15083892768798/-78Wx98H-441024244-white-MODEL.jpg",
            "price": 1499,
            "was-price": 1499,
            "name": "Floral Print Button-Down A-line Dress",
            "url": "/fig-floral-print-button-down-a-line-dress/p/441024244_white",
            "offer-price": 449.44,
            "rating-count": 0,
            "cat1": "Women",
            "cat2": "Western Wear",
            "cat3": "Dresses",
            "brand": "fig"
        },
        {
            "product-id": "440944865",
            "avg-rating": "",
            "img-url": "https://assets.ajio.com/medias/sys_master/root/h24/h9a/15177380986910/-78Wx98H-440944865-white-MODEL.jpg",
            "price": 1299,
            "was-price": 1299,
            "name": "Colourblock Straight Kurta with Band Collar",
            "url": "/aurelia-colourblock-straight-kurta-with-band-collar/p/440944865_white",
            "offer-price": 972.62,
            "rating-count": 0,
            "cat1": "Women",
            "cat2": "Ethnic Wear",
            "cat3": "Kurtas",
            "brand": "aurelia"
        },
        {
            "product-id": "450132106",
            "avg-rating": "",
            "img-url": "https://assets.ajio.com/medias/sys_master/root/20220505/kNxY/62736a3df997dd03e2959be8/-78Wx98H-450132106-blue-MODEL.jpg",
            "price": 798,
            "was-price": 1995,
            "name": "Dual Strap Sandals with Elasticated Ankle-Strap",
            "url": "/catwalk-dual-strap-sandals-with-elasticated-ankle-strap/p/450132106_blue",
            "offer-price": 797,
            "rating-count": 0,
            "cat1": "Women",
            "cat2": "Footwear",
            "cat3": "Flat Sandals",
            "brand": "catwalk"
        },
        {
            "product-id": "450133398",
            "avg-rating": "",
            "img-url": "https://assets.ajio.com/medias/sys_master/root/20220505/o7cD/6272d651f997dd03e294c347/-78Wx98H-450133398-pink-MODEL.jpg",
            "price": 1499,
            "was-price": 1499,
            "name": "Washable Lace-Up Sports Shoes",
            "url": "/performax-washable-lace-up-sports-shoes/p/450133398_pink",
            "offer-price": 749.5,
            "rating-count": 0,
            "cat1": "Women",
            "cat2": "Footwear",
            "cat3": "Sports Shoes",
            "brand": "performax"
        },
        {
            "product-id": "441036651",
            "avg-rating": "",
            "img-url": "https://assets.ajio.com/medias/sys_master/root/h8f/h96/15772274491422/-78Wx98H-441036651-beige-MODEL.jpg",
            "price": 1499,
            "was-price": 1499,
            "name": "Textured Mid-Rise Flat-Front Trousers with Insert Pockets",
            "url": "/netplay-textured-mid-rise-flat-front-trousers-with-insert-pockets/p/441036651_beige",
            "offer-price": 449.44,
            "rating-count": 0,
            "cat1": "Men",
            "cat2": "Western Wear",
            "cat3": "Trousers & Pants",
            "brand": "netplay"
        },
        {
            "product-id": "450133408",
            "avg-rating": "",
            "img-url": "https://assets.ajio.com/medias/sys_master/root/20230407/Xx7t/64303010711cf97ba713dc0c/-78Wx98H-450133408-blue-MODEL.jpg",
            "price": 1259,
            "was-price": 1799,
            "name": "Washable Low-Top Shoes with Toggle Fastening",
            "url": "/performax-washable-low-top-shoes-with-toggle-fastening/p/450133408_blue",
            "offer-price": 899.5,
            "rating-count": 0,
            "cat1": "Men",
            "cat2": "Footwear",
            "cat3": "Sports Shoes",
            "brand": "performax"
        },
        {
            "product-id": "441015307",
            "avg-rating": "",
            "img-url": "https://assets.ajio.com/medias/sys_master/root/hee/hf7/15812049895454/-78Wx98H-441015307-purple-MODEL.jpg",
            "price": 450,
            "was-price": 899,
            "name": "Shirt with Patch Pocket",
            "url": "/network-shirt-with-patch-pocket/p/441015307_purple",
            "offer-price": 336.36,
            "rating-count": 0,
            "cat1": "Men",
            "cat2": "Western Wear",
            "cat3": "Shirts",
            "brand": "network"
        },
        {
            "product-id": "441026164",
            "avg-rating": "",
            "img-url": "https://assets.ajio.com/medias/sys_master/root/hf5/h3b/15765817458718/-78Wx98H-441026164-peach-MODEL.jpg",
            "price": 380,
            "was-price": 1999,
            "name": "Printed Maxi Dress with Waist Tie-Up",
            "url": "/aurelia-printed-maxi-dress-with-waist-tie-up/p/441026164_peach",
            "offer-price": 284.04,
            "rating-count": 0,
            "cat1": "Women",
            "cat2": "Fusion Wear",
            "cat3": "Dresses & Gowns",
            "brand": "aurelia"
        },
        {
            "product-id": "441021685",
            "avg-rating": "",
            "img-url": "https://assets.ajio.com/medias/sys_master/root/h1f/ha3/15814243844126/-78Wx98H-441021685-black-MODEL.jpg",
            "price": 1199,
            "was-price": 1199,
            "name": "Striped A-line Dress with Front Knot",
            "url": "/rio-striped-a-line-dress-with-front-knot/p/441021685_black",
            "offer-price": 359.55,
            "rating-count": 0,
            "cat1": "Women",
            "cat2": "Western Wear",
            "cat3": "Dresses",
            "brand": "rio"
        },
        {
            "product-id": "441038482",
            "avg-rating": "",
            "img-url": "https://assets.ajio.com/medias/sys_master/root/hce/h57/14876617867294/-78Wx98H-441038482-medgrey-MODEL.jpg",
            "price": 799,
            "was-price": 799,
            "name": "Men Lightly Washed Slim Fit Jeans",
            "url": "/dnmx-men-lightly-washed-slim-fit-jeans/p/441038482_medgrey",
            "offer-price": 298.99,
            "rating-count": 0,
            "cat1": "Men",
            "cat2": "Western Wear",
            "cat3": "Jeans",
            "brand": "dnmx"
        },
        {
            "product-id": "441064708",
            "avg-rating": "",
            "img-url": "https://assets.ajio.com/medias/sys_master/root/hd2/hac/15815255785502/-78Wx98H-441064708-pink-MODEL.jpg",
            "price": 499,
            "was-price": 499,
            "name": "Crinkled Cotton Dupatta",
            "url": "/rangriti-crinkled-cotton-dupatta/p/441064708_pink",
            "offer-price": 124.75,
            "rating-count": 0,
            "cat1": "Women",
            "cat2": "Ethnic Wear",
            "cat3": "Dupattas",
            "brand": "rangriti"
        },
        {
            "product-id": "441068355",
            "avg-rating": "",
            "img-url": "https://assets.ajio.com/medias/sys_master/root/h00/h8d/15815810711582/-78Wx98H-441068355-orange-MODEL.jpg",
            "price": 1499,
            "was-price": 1499,
            "name": "Floral Print Shirt Dress with Waist Tie-Up",
            "url": "/rangriti-floral-print-shirt-dress-with-waist-tie-up/p/441068355_orange",
            "offer-price": 751.74,
            "rating-count": 0,
            "cat1": "Women",
            "cat2": "Fusion Wear",
            "cat3": "Dresses & Gowns",
            "brand": "rangriti"
        },
        {
            "product-id": "441027073",
            "avg-rating": "",
            "img-url": "https://assets.ajio.com/medias/sys_master/root/20210907/xLC5/61379d38f997ddce89bf3899/-78Wx98H-441027073-yellow-MODEL.jpg",
            "price": 1799,
            "was-price": 1799,
            "name": "Embroidered Straight Kurta",
            "url": "/w-embroidered-straight-kurta/p/441027073_yellow",
            "offer-price": 255.64,
            "rating-count": 0,
            "cat1": "Women",
            "cat2": "Ethnic Wear",
            "cat3": "Kurtas",
            "brand": "w"
        },
        {
            "product-id": "450133408",
            "avg-rating": "",
            "img-url": "https://assets.ajio.com/medias/sys_master/root/20230407/IkNh/64302c50711cf97ba713c206/-78Wx98H-450133408-white-MODEL.jpg",
            "price": 1259,
            "was-price": 1799,
            "name": "Washable Low-Top Shoes with Toggle Fastening",
            "url": "/performax-washable-low-top-shoes-with-toggle-fastening/p/450133408_white",
            "offer-price": 899.5,
            "rating-count": 0,
            "cat1": "Men",
            "cat2": "Footwear",
            "cat3": "Sports Shoes",
            "brand": "performax"
        },
        {
            "product-id": "441027194",
            "avg-rating": "",
            "img-url": "https://assets.ajio.com/medias/sys_master/root/h51/he2/15766012002334/-78Wx98H-441027194-pink-MODEL.jpg",
            "price": 1499,
            "was-price": 1499,
            "name": "Straight Kurta with Insert Pockets",
            "url": "/w-straight-kurta-with-insert-pockets/p/441027194_pink",
            "offer-price": 1122.37,
            "rating-count": 0,
            "cat1": "Women",
            "cat2": "Ethnic Wear",
            "cat3": "Kurtas",
            "brand": "w"
        },
        {
            "product-id": "450133398",
            "avg-rating": "",
            "img-url": "https://assets.ajio.com/medias/sys_master/root/20230407/XYbv/64302980711cf97ba713af68/-78Wx98H-450133398-purple-MODEL.jpg",
            "price": 1049,
            "was-price": 1499,
            "name": "Washable Lace-Up Sports Shoes",
            "url": "/performax-washable-lace-up-sports-shoes/p/450133398_purple",
            "offer-price": 749.5,
            "rating-count": 0,
            "cat1": "Women",
            "cat2": "Footwear",
            "cat3": "Sports Shoes",
            "brand": "performax"
        },
        {
            "product-id": "450133389",
            "avg-rating": "",
            "img-url": "https://assets.ajio.com/medias/sys_master/root/20230428/1GKm/644b84aad55b7d0c6385cf7b/-78Wx98H-450133389-pink-MODEL.jpg",
            "price": 1049,
            "was-price": 1499,
            "name": "Textured Lace-Up Sports Shoes",
            "url": "/performax-textured-lace-up-sports-shoes/p/450133389_pink",
            "offer-price": 749.5,
            "rating-count": 0,
            "cat1": "Women",
            "cat2": "Footwear",
            "cat3": "Sports Shoes",
            "brand": "performax"
        },
        {
            "product-id": "441026280",
            "avg-rating": "",
            "img-url": "https://assets.ajio.com/medias/sys_master/root/h47/h86/15765848031262/-78Wx98H-441026280-ltgreen-MODEL.jpg",
            "price": 530,
            "was-price": 899,
            "name": "Straight Kurta with Roll-Up Sleeve Tabs",
            "url": "/aurelia-straight-kurta-with-roll-up-sleeve-tabs/p/441026280_ltgreen",
            "offer-price": 396.16,
            "rating-count": 0,
            "cat1": "Women",
            "cat2": "Ethnic Wear",
            "cat3": "Kurtas",
            "brand": "aurelia"
        },
        {
            "product-id": "441026112",
            "avg-rating": "",
            "img-url": "https://assets.ajio.com/medias/sys_master/root/hde/h94/15776416563230/-78Wx98H-441026112-grey-MODEL.jpg",
            "price": 1399,
            "was-price": 1399,
            "name": "Textured Straight Kurta with Mock Buttons",
            "url": "/aurelia-textured-straight-kurta-with-mock-buttons/p/441026112_grey",
            "offer-price": 523.23,
            "rating-count": 0,
            "cat1": "Women",
            "cat2": "Ethnic Wear",
            "cat3": "Kurtas",
            "brand": "aurelia"
        },
        {
            "product-id": "441026371",
            "avg-rating": "",
            "img-url": "https://assets.ajio.com/medias/sys_master/root/hf3/h95/15765853503518/-78Wx98H-441026371-green-MODEL.jpg",
            "price": 799,
            "was-price": 799,
            "name": "Pants with Insert Pockets",
            "url": "/aurelia-pants-with-insert-pockets/p/441026371_green",
            "offer-price": 310.2,
            "rating-count": 0,
            "cat1": "Women",
            "cat2": "Ethnic Wear",
            "cat3": "Salwars & Churidars",
            "brand": "aurelia"
        },
        {
            "product-id": "440945753",
            "avg-rating": "",
            "img-url": "https://assets.ajio.com/medias/sys_master/root/h93/h28/15763552469022/-78Wx98H-440945753-offwhite-MODEL.jpg",
            "price": 684,
            "was-price": 1899,
            "name": "Chevron Print Straight Kurta with Concealed Placket",
            "url": "/w-chevron-print-straight-kurta-with-concealed-placket/p/440945753_offwhite",
            "offer-price": 511.27,
            "rating-count": 0,
            "cat1": "Women",
            "cat2": "Ethnic Wear",
            "cat3": "Kurtas",
            "brand": "w"
        },
        {
            "product-id": "450130549",
            "avg-rating": "",
            "img-url": "https://assets.ajio.com/medias/sys_master/root/20230113/eJj0/63c17126aeb269c651dfdafa/-78Wx98H-450130549-gryblk-MODEL.jpg",
            "price": 1999,
            "was-price": 1999,
            "name": "Washable Low-Top Sports Shoes with Toggle Fastening",
            "url": "/performax-washable-low-top-sports-shoes-with-toggle-fastening/p/450130549_gryblk",
            "offer-price": 748.74,
            "rating-count": 0,
            "cat1": "Men",
            "cat2": "Footwear",
            "cat3": "Sports Shoes",
            "brand": "performax"
        },
        {
            "product-id": "450133380",
            "avg-rating": "",
            "img-url": "https://assets.ajio.com/medias/sys_master/root/20220120/GTRW/61e98201f997dd66232f4dc4/-78Wx98H-450133380-black-MODEL.jpg",
            "price": 1259,
            "was-price": 1799,
            "name": "Textured Lace-Up Sports Shoes",
            "url": "/performax-textured-lace-up-sports-shoes/p/450133380_black",
            "offer-price": 899.5,
            "rating-count": 0,
            "cat1": "Men",
            "cat2": "Footwear",
            "cat3": "Sports Shoes",
            "brand": "performax"
        },
        {
            "product-id": "441068354",
            "avg-rating": "",
            "img-url": "https://assets.ajio.com/medias/sys_master/root/h79/hed/15815811727390/-78Wx98H-441068354-pink-MODEL.jpg",
            "price": 1299,
            "was-price": 1299,
            "name": "Printed A-line Dress",
            "url": "/rangriti-printed-a-line-dress/p/441068354_pink",
            "offer-price": 972.62,
            "rating-count": 0,
            "cat1": "Women",
            "cat2": "Fusion Wear",
            "cat3": "Dresses & Gowns",
            "brand": "rangriti"
        },
        {
            "product-id": "441026155",
            "avg-rating": "",
            "img-url": "https://assets.ajio.com/medias/sys_master/root/hf2/h9c/15765789868062/-78Wx98H-441026155-green-MODEL.jpg",
            "price": 1199,
            "was-price": 1199,
            "name": "Printed Straight Kurta with Short Button Placket",
            "url": "/aurelia-printed-straight-kurta-with-short-button-placket/p/441026155_green",
            "offer-price": 251.15,
            "rating-count": 0,
            "cat1": "Women",
            "cat2": "Ethnic Wear",
            "cat3": "Kurtas",
            "brand": "aurelia"
        },
        {
            "product-id": "441064656",
            "avg-rating": "",
            "img-url": "https://assets.ajio.com/medias/sys_master/root/h88/h5d/15816310751262/-78Wx98H-441064656-peach-MODEL.jpg",
            "price": 999,
            "was-price": 999,
            "name": "Printed Round-Neck Straight Kurta",
            "url": "/rangriti-printed-round-neck-straight-kurta/p/441064656_peach",
            "offer-price": 747.99,
            "rating-count": 0,
            "cat1": "Women",
            "cat2": "Ethnic Wear",
            "cat3": "Kurtas",
            "brand": "rangriti"
        },
        {
            "product-id": "441026064",
            "avg-rating": "",
            "img-url": "https://assets.ajio.com/medias/sys_master/root/hec/hb8/15777634910238/-78Wx98H-441026064-white-MODEL.jpg",
            "price": 2999,
            "was-price": 2999,
            "name": "Textured Kurta-Suit Set",
            "url": "/aurelia-textured-kurta-suit-set/p/441026064_white",
            "offer-price": 1123.12,
            "rating-count": 0,
            "cat1": "Women",
            "cat2": "Ethnic Wear",
            "cat3": "Kurta Suit Sets",
            "brand": "aurelia"
        },
        {
            "product-id": "450133386",
            "avg-rating": "",
            "img-url": "https://assets.ajio.com/medias/sys_master/root/h6d/h73/15775087362078/-78Wx98H-450133386-grey-MODEL.jpg",
            "price": 1499,
            "was-price": 1499,
            "name": "Washable Lace-Up Sports Shoes",
            "url": "/performax-washable-lace-up-sports-shoes/p/450133386_grey",
            "offer-price": 560.61,
            "rating-count": 0,
            "cat1": "Men",
            "cat2": "Footwear",
            "cat3": "Sports Shoes",
            "brand": "performax"
        },
        {
            "product-id": "420030723",
            "avg-rating": "",
            "img-url": "https://assets.ajio.com/medias/sys_master/root/he3/h39/15814629589022/-78Wx98H-420030723-blue-MODEL.jpg",
            "price": 1499,
            "was-price": 1499,
            "name": "Slim Fit Flat-Front Trousers",
            "url": "/john-players-slim-fit-flat-front-trousers/p/420030723_blue",
            "offer-price": 509.66,
            "rating-count": 0,
            "cat1": "Men",
            "cat2": "Western Wear",
            "cat3": "Trousers & Pants",
            "brand": "john-players"
        },
        {
            "product-id": "441038481",
            "avg-rating": "",
            "img-url": "https://assets.ajio.com/medias/sys_master/root/h6d/he1/14876613541918/-78Wx98H-441038481-darknavy-MODEL.jpg",
            "price": 799,
            "was-price": 799,
            "name": "Men Mid-Rise Skinny Fit Jeans",
            "url": "/dnmx-men-mid-rise-skinny-fit-jeans/p/441038481_darknavy",
            "offer-price": 298.99,
            "rating-count": 0,
            "cat1": "Men",
            "cat2": "Western Wear",
            "cat3": "Jeans",
            "brand": "dnmx"
        },
        {
            "product-id": "441064701",
            "avg-rating": "",
            "img-url": "https://assets.ajio.com/medias/sys_master/root/hb2/h62/15815359922206/-78Wx98H-441064701-pink-MODEL.jpg",
            "price": 1999,
            "was-price": 1999,
            "name": "Printed Maxi Dress with Tie-Up Neckline",
            "url": "/rangriti-printed-maxi-dress-with-tie-up-neckline/p/441064701_pink",
            "offer-price": 459.77,
            "rating-count": 0,
            "cat1": "Women",
            "cat2": "Fusion Wear",
            "cat3": "Dresses & Gowns",
            "brand": "rangriti"
        },
        {
            "product-id": "440945765",
            "avg-rating": "",
            "img-url": "https://assets.ajio.com/medias/sys_master/root/hde/h65/15775086608414/-78Wx98H-440945765-white-MODEL.jpg",
            "price": 1499,
            "was-price": 1499,
            "name": "Printed Straight Kurta with Tassels",
            "url": "/w-printed-straight-kurta-with-tassels/p/440945765_white",
            "offer-price": 1122.37,
            "rating-count": 0,
            "cat1": "Women",
            "cat2": "Ethnic Wear",
            "cat3": "Kurtas",
            "brand": "w"
        },
        {
            "product-id": "441068347",
            "avg-rating": "",
            "img-url": "https://assets.ajio.com/medias/sys_master/root/hd4/h6d/15815455473694/-78Wx98H-441068347-blue-MODEL.jpg",
            "price": 2299,
            "was-price": 2299,
            "name": "Printed A-line Dress with Asymmetrical Hem",
            "url": "/rangriti-printed-a-line-dress-with-asymmetrical-hem/p/441068347_blue",
            "offer-price": 1153.07,
            "rating-count": 0,
            "cat1": "Women",
            "cat2": "Fusion Wear",
            "cat3": "Dresses & Gowns",
            "brand": "rangriti"
        },
        {
            "product-id": "450132593",
            "avg-rating": "",
            "img-url": "https://assets.ajio.com/medias/sys_master/root/h65/hb7/16439851450398/-78Wx98H-450132593-black-MODEL.jpg",
            "price": 799,
            "was-price": 799,
            "name": "Moccasins with Metal Accent",
            "url": "/hi-attitude-moccasins-with-metal-accent/p/450132593_black",
            "offer-price": 319.36,
            "rating-count": 0,
            "cat1": "Women",
            "cat2": "Footwear",
            "cat3": "Casual Shoes",
            "brand": "hi-attitude"
        },
        {
            "product-id": "450131886",
            "avg-rating": "",
            "img-url": "https://assets.ajio.com/medias/sys_master/root/he5/h84/16439426547742/-78Wx98H-450131886-grey-MODEL.jpg",
            "price": 449,
            "was-price": 599,
            "name": "Laser-Cut Round-Toe Ballerinas",
            "url": "/hi-attitude-laser-cut-round-toe-ballerinas/p/450131886_grey",
            "offer-price": 335.62,
            "rating-count": 0,
            "cat1": "Women",
            "cat2": "Footwear",
            "cat3": "Flat Shoes",
            "brand": "hi-attitude"
        },
        {
            "product-id": "450131880",
            "avg-rating": "",
            "img-url": "https://assets.ajio.com/medias/sys_master/root/h21/h56/16439303536670/-78Wx98H-450131880-black-MODEL.jpg",
            "price": 449,
            "was-price": 599,
            "name": "Laser-Cut Ballet Flats",
            "url": "/hi-attitude-laser-cut-ballet-flats/p/450131880_black",
            "offer-price": 335.62,
            "rating-count": 0,
            "cat1": "Women",
            "cat2": "Footwear",
            "cat3": "Flat Shoes",
            "brand": "hi-attitude"
        },
        {
            "product-id": "450131888",
            "avg-rating": "",
            "img-url": "https://assets.ajio.com/medias/sys_master/root/hf9/hde/16439450599454/-78Wx98H-450131888-black-MODEL.jpg",
            "price": 999,
            "was-price": 999,
            "name": "Women Laser-Cut Ballet Flats",
            "url": "/hi-attitude-women-laser-cut-ballet-flats/p/450131888_black",
            "offer-price": 559.86,
            "rating-count": 0,
            "cat1": "Women",
            "cat2": "Footwear",
            "cat3": "Flat Shoes",
            "brand": "hi-attitude"
        },
        {
            "product-id": "450131874",
            "avg-rating": "",
            "img-url": "https://assets.ajio.com/medias/sys_master/root/h13/h89/16439305961502/-78Wx98H-450131874-tan-MODEL.jpg",
            "price": 599,
            "was-price": 599,
            "name": "Floral Print Ballerinas with Cutouts",
            "url": "/hi-attitude-floral-print-ballerinas-with-cutouts/p/450131874_tan",
            "offer-price": 335.62,
            "rating-count": 0,
            "cat1": "Women",
            "cat2": "Footwear",
            "cat3": "Flat Shoes",
            "brand": "hi-attitude"
        },
        {
            "product-id": "450134225",
            "avg-rating": "",
            "img-url": "https://assets.ajio.com/medias/sys_master/root/h99/hbe/16438932078622/-78Wx98H-450134225-pink-MODEL.jpg",
            "price": 999,
            "was-price": 999,
            "name": "Washable Sports Shoes with Toggle Fastening",
            "url": "/performax-washable-sports-shoes-with-toggle-fastening/p/450134225_pink",
            "offer-price": 224.24,
            "rating-count": 0,
            "cat1": "Women",
            "cat2": "Footwear",
            "cat3": "Sports Shoes",
            "brand": "performax"
        },
        {
            "product-id": "450134225",
            "avg-rating": "",
            "img-url": "https://assets.ajio.com/medias/sys_master/root/20220505/gFi2/6272c9cfaeb26921af54f704/-78Wx98H-450134225-navy-MODEL.jpg",
            "price": 999,
            "was-price": 999,
            "name": "Women Washable Sports Shoes with Toggle Fastening",
            "url": "/performax-women-washable-sports-shoes-with-toggle-fastening/p/450134225_navy",
            "offer-price": 224.24,
            "rating-count": 0,
            "cat1": "Women",
            "cat2": "Footwear",
            "cat3": "Sports Shoes",
            "brand": "performax"
        },
        {
            "product-id": "450131906",
            "avg-rating": "",
            "img-url": "https://assets.ajio.com/medias/sys_master/root/h89/h92/16439696818206/-78Wx98H-450131906-black-MODEL.jpg",
            "price": 999,
            "was-price": 999,
            "name": "Low-Top Slip-On Casual Shoes",
            "url": "/hi-attitude-low-top-slip-on-casual-shoes/p/450131906_black",
            "offer-price": 559.86,
            "rating-count": 0,
            "cat1": "Women",
            "cat2": "Footwear",
            "cat3": "Casual Shoes",
            "brand": "hi-attitude"
        },
        {
            "product-id": "441057532",
            "avg-rating": "",
            "img-url": "https://assets.ajio.com/medias/sys_master/root/h88/h77/16423540949022/-78Wx98H-441057532-black-MODEL.jpg",
            "price": 699,
            "was-price": 699,
            "name": "Slim Fit Peplum Top with Bobble Trim",
            "url": "/dnmx-slim-fit-peplum-top-with-bobble-trim/p/441057532_black",
            "offer-price": 279.6,
            "rating-count": 0,
            "cat1": "Women",
            "cat2": "Western Wear",
            "cat3": "Tops",
            "brand": "dnmx"
        },
        {
            "product-id": "450132366",
            "avg-rating": "",
            "img-url": "https://assets.ajio.com/medias/sys_master/root/hf3/h58/16439629119518/-78Wx98H-450132366-navyblue-MODEL.jpg",
            "price": 499,
            "was-price": 499,
            "name": "Strappy Slingback Flat Sandals",
            "url": "/hi-attitude-strappy-slingback-flat-sandals/p/450132366_navyblue",
            "offer-price": 199.6,
            "rating-count": 0,
            "cat1": "Women",
            "cat2": "Footwear",
            "cat3": "Flat Sandals",
            "brand": "hi-attitude"
        },
        {
            "product-id": "441034712",
            "avg-rating": "",
            "img-url": "https://assets.ajio.com/medias/sys_master/root/h39/h8b/15735626104862/-78Wx98H-441034712-pink-MODEL.jpg",
            "price": 999,
            "was-price": 999,
            "name": "Striped Slim Fit Shirt with Patch Pocket",
            "url": "/network-striped-slim-fit-shirt-with-patch-pocket/p/441034712_pink",
            "offer-price": 299.62,
            "rating-count": 0,
            "cat1": "Men",
            "cat2": "Western Wear",
            "cat3": "Shirts",
            "brand": "network"
        },
        {
            "product-id": "450133677",
            "avg-rating": "",
            "img-url": "https://assets.ajio.com/medias/sys_master/root/he0/h38/16439490510878/-78Wx98H-450133677-rosegold-MODEL.jpg",
            "price": 599,
            "was-price": 599,
            "name": "Glittery Thong-Strap Sandals",
            "url": "/hi-attitude-glittery-thong-strap-sandals/p/450133677_rosegold",
            "offer-price": 239.52,
            "rating-count": 0,
            "cat1": "Women",
            "cat2": "Footwear",
            "cat3": "Flat Sandals",
            "brand": "hi-attitude"
        },
        {
            "product-id": "441034712",
            "avg-rating": "",
            "img-url": "https://assets.ajio.com/medias/sys_master/root/h2c/h01/15735624204318/-78Wx98H-441034712-purple-MODEL.jpg",
            "price": 999,
            "was-price": 999,
            "name": "Striped Slim Fit Shirt with Patch Pocket",
            "url": "/network-striped-slim-fit-shirt-with-patch-pocket/p/441034712_purple",
            "offer-price": 299.62,
            "rating-count": 0,
            "cat1": "Men",
            "cat2": "Western Wear",
            "cat3": "Shirts",
            "brand": "network"
        },
        {
            "product-id": "460515756",
            "avg-rating": "",
            "img-url": "https://assets.ajio.com/medias/sys_master/root/ha4/h82/15155482099742/-78Wx98H-460515756-red-MODEL.jpg",
            "price": 1499,
            "was-price": 1499,
            "name": "Angrakha-Style Printed Flared Kurta",
            "url": "/ajio-angrakha-style-printed-flared-kurta/p/460515756_red",
            "offer-price": 224.24,
            "rating-count": 0,
            "cat1": "Women",
            "cat2": "Ethnic Wear",
            "cat3": "Kurtas",
            "brand": "ajio"
        },
        {
            "product-id": "460483470",
            "avg-rating": "",
            "img-url": "https://assets.ajio.com/medias/sys_master/root/hae/hd9/15128514494494/-78Wx98H-460483470-yellow-MODEL.jpg",
            "price": 1299,
            "was-price": 1299,
            "name": "Paisley Print Straight Kurta",
            "url": "/ajio-paisley-print-straight-kurta/p/460483470_yellow",
            "offer-price": 194.34,
            "rating-count": 0,
            "cat1": "Women",
            "cat2": "Ethnic Wear",
            "cat3": "Kurtas",
            "brand": "ajio"
        },
        {
            "product-id": "430017209",
            "avg-rating": "",
            "img-url": "https://assets.ajio.com/medias/sys_master/root/20240327/O8a5/66040b4e16fd2c6e6a845102/-78Wx98H-430017209-white-MODEL.jpg",
            "price": 329,
            "was-price": 329,
            "name": "8826 Super Combed Cotton Round-Neck Half Sleeve Vest with Stay Fresh Properties",
            "url": "/jockey-8826-super-combed-cotton-round-neck-half-sleeve-vest-with-stay-fresh-properties/p/430017209_white",
            "offer-price": 299.39,
            "rating-count": 0,
            "cat1": "Men",
            "cat2": "Inner Wear",
            "cat3": "Vests",
            "brand": "jockey"
        },
        {
            "product-id": "441031708",
            "avg-rating": "",
            "img-url": "https://assets.ajio.com/medias/sys_master/root/hc5/h35/15203394846750/-78Wx98H-441031708-mustard-MODEL.jpg",
            "price": 250,
            "was-price": 499,
            "name": "Regular Fit Henley T-Shirt with Contrast Raglan Sleeves",
            "url": "/teamspirit-regular-fit-henley-t-shirt-with-contrast-raglan-sleeves/p/441031708_mustard",
            "offer-price": 186.87,
            "rating-count": 0,
            "cat1": "Men",
            "cat2": "Western Wear",
            "cat3": "Tshirts",
            "brand": "teamspirit"
        },
        {
            "product-id": "440928690",
            "avg-rating": "",
            "img-url": "https://assets.ajio.com/medias/sys_master/root/he4/hb4/15163086700574/-78Wx98H-440928690-skin-MODEL.jpg",
            "price": 1049,
            "was-price": 1049,
            "name": "T-shirt Bra with Adjustable Straps",
            "url": "/enamor-t-shirt-bra-with-adjustable-straps/p/440928690_skin",
            "offer-price": 785.43,
            "rating-count": 0,
            "cat1": "Women",
            "cat2": "Lingerie & Innerwear",
            "cat3": "Bras",
            "brand": "enamor"
        },
        {
            "product-id": "441032506",
            "avg-rating": "",
            "img-url": "https://assets.ajio.com/medias/sys_master/root/h8f/h0c/15178574954526/-78Wx98H-441032506-mustard-MODEL.jpg",
            "price": 3799,
            "was-price": 3799,
            "name": "Straight Kurta with Palazzos & Dupatta",
            "url": "/biba-straight-kurta-with-palazzos-dupatta/p/441032506_mustard",
            "offer-price": 768.21,
            "rating-count": 0,
            "cat1": "Women",
            "cat2": "Ethnic Wear",
            "cat3": "Kurta Suit Sets",
            "brand": "biba"
        },
        {
            "product-id": "441001830",
            "avg-rating": "",
            "img-url": "https://assets.ajio.com/medias/sys_master/root/h9f/h55/15085256769566/-78Wx98H-441001830-yellow-MODEL.jpg",
            "price": 1599,
            "was-price": 1599,
            "name": "Heathered Trim Fit Shirt with Patch Pocket",
            "url": "/john-players-heathered-trim-fit-shirt-with-patch-pocket/p/441001830_yellow",
            "offer-price": 543.66,
            "rating-count": 0,
            "cat1": "Men",
            "cat2": "Western Wear",
            "cat3": "Shirts",
            "brand": "john-players"
        },
        {
            "product-id": "450130555",
            "avg-rating": "",
            "img-url": "https://assets.ajio.com/medias/sys_master/root/20221229/B3es/63adad6eaeb269659c161e54/-78Wx98H-450130555-nvyblu-MODEL.jpg",
            "price": 1499,
            "was-price": 1499,
            "name": "Washable Panelled Low-Top Lace-Up Running Shoes",
            "url": "/performax-washable-panelled-low-top-lace-up-running-shoes/p/450130555_nvyblu",
            "offer-price": 336.36,
            "rating-count": 0,
            "cat1": "Men",
            "cat2": "Footwear",
            "cat3": "Sports Shoes",
            "brand": "performax"
        },
        {
            "product-id": "441031714",
            "avg-rating": "",
            "img-url": "https://assets.ajio.com/medias/sys_master/root/h6c/h3f/15138597732382/-78Wx98H-441031714-petrol-MODEL.jpg",
            "price": 599,
            "was-price": 599,
            "name": "Heathered Joggers with Insert Pockets",
            "url": "/teamspirit-heathered-joggers-with-insert-pockets/p/441031714_petrol",
            "offer-price": 224.24,
            "rating-count": 0,
            "cat1": "Men",
            "cat2": "Western Wear",
            "cat3": "Track Pants",
            "brand": "teamspirit"
        },
        {
            "product-id": "441031714",
            "avg-rating": "",
            "img-url": "https://assets.ajio.com/medias/sys_master/root/haa/h52/15138638757918/-78Wx98H-441031714-navy-MODEL.jpg",
            "price": 479,
            "was-price": 599,
            "name": "Men Heathered Joggers with Insert Pockets",
            "url": "/teamspirit-men-heathered-joggers-with-insert-pockets/p/441031714_navy",
            "offer-price": 358.04,
            "rating-count": 0,
            "cat1": "Men",
            "cat2": "Western Wear",
            "cat3": "Track Pants",
            "brand": "teamspirit"
        },
        {
            "product-id": "441031714",
            "avg-rating": "",
            "img-url": "https://assets.ajio.com/medias/sys_master/root/hc9/hc0/15138637185054/-78Wx98H-441031714-ecrumelange-MODEL.jpg",
            "price": 479,
            "was-price": 599,
            "name": "Men Heathered Joggers with Insert Pockets",
            "url": "/teamspirit-men-heathered-joggers-with-insert-pockets/p/441031714_ecrumelange",
            "offer-price": 358.04,
            "rating-count": 0,
            "cat1": "Men",
            "cat2": "Western Wear",
            "cat3": "Track Pants",
            "brand": "teamspirit"
        },
        {
            "product-id": "441032480",
            "avg-rating": "",
            "img-url": "https://assets.ajio.com/medias/sys_master/root/hb1/hc8/15179048157214/-78Wx98H-441032480-red-MODEL.jpg",
            "price": 1999,
            "was-price": 1999,
            "name": "Printed Straight Kurta",
            "url": "/biba-printed-straight-kurta/p/441032480_red",
            "offer-price": 403.64,
            "rating-count": 0,
            "cat1": "Women",
            "cat2": "Ethnic Wear",
            "cat3": "Kurtas",
            "brand": "biba"
        },
        {
            "product-id": "441032532",
            "avg-rating": "",
            "img-url": "https://assets.ajio.com/medias/sys_master/root/h81/h6a/15205248073758/-78Wx98H-441032532-offwhite-MODEL.jpg",
            "price": 4599,
            "was-price": 4599,
            "name": "Floral Print A-line Kurta with Churidar & Dupatta",
            "url": "/biba-floral-print-a-line-kurta-with-churidar-dupatta/p/441032532_offwhite",
            "offer-price": 3599,
            "rating-count": 0,
            "cat1": "Women",
            "cat2": "Ethnic Wear",
            "cat3": "Kurta Suit Sets",
            "brand": "biba"
        },
        {
            "product-id": "441001857",
            "avg-rating": "",
            "img-url": "https://assets.ajio.com/medias/sys_master/root/h34/hfe/15086476394526/-78Wx98H-441001857-ltblue-MODEL.jpg",
            "price": 720,
            "was-price": 1799,
            "name": "Checked Trim Fit Shirt with Patch Pocket",
            "url": "/john-players-checked-trim-fit-shirt-with-patch-pocket/p/441001857_ltblue",
            "offer-price": 611.66,
            "rating-count": 0,
            "cat1": "Men",
            "cat2": "Western Wear",
            "cat3": "Shirts",
            "brand": "john-players"
        },
        {
            "product-id": "441001862",
            "avg-rating": "",
            "img-url": "https://assets.ajio.com/medias/sys_master/root/hc0/h8e/15086481375262/-78Wx98H-441001862-jetblack-MODEL.jpg",
            "price": 1599,
            "was-price": 1599,
            "name": "Checked Trim Fit Shirt with Patch Pocket",
            "url": "/john-players-checked-trim-fit-shirt-with-patch-pocket/p/441001862_jetblack",
            "offer-price": 543.66,
            "rating-count": 0,
            "cat1": "Men",
            "cat2": "Western Wear",
            "cat3": "Shirts",
            "brand": "john-players"
        },
        {
            "product-id": "441031714",
            "avg-rating": "",
            "img-url": "https://assets.ajio.com/medias/sys_master/root/hf4/ha3/15164224176158/-78Wx98H-441031714-maroon-MODEL.jpg",
            "price": 599,
            "was-price": 599,
            "name": "Heathered Joggers with Insert Pockets",
            "url": "/teamspirit-heathered-joggers-with-insert-pockets/p/441031714_maroon",
            "offer-price": 224.24,
            "rating-count": 0,
            "cat1": "Men",
            "cat2": "Western Wear",
            "cat3": "Track Pants",
            "brand": "teamspirit"
        },
        {
            "product-id": "440944813",
            "avg-rating": "",
            "img-url": "https://assets.ajio.com/medias/sys_master/root/h8c/h42/15176288763934/-78Wx98H-440944813-green-MODEL.jpg",
            "price": 1299,
            "was-price": 1299,
            "name": "Textured Straight Kurta with Contrast Piping",
            "url": "/aurelia-textured-straight-kurta-with-contrast-piping/p/440944813_green",
            "offer-price": 494.83,
            "rating-count": 0,
            "cat1": "Women",
            "cat2": "Ethnic Wear",
            "cat3": "Kurtas",
            "brand": "aurelia"
        },
        {
            "product-id": "440993448",
            "avg-rating": "",
            "img-url": "https://assets.ajio.com/medias/sys_master/root/h0d/ha8/15175494271006/-78Wx98H-440993448-yellow-MODEL.jpg",
            "price": 2999,
            "was-price": 2999,
            "name": "Printed Tiered Dress with Tasseled Neck Tie-Up",
            "url": "/w-printed-tiered-dress-with-tasseled-neck-tie-up/p/440993448_yellow",
            "offer-price": 979.2,
            "rating-count": 0,
            "cat1": "Women",
            "cat2": "Fusion Wear",
            "cat3": "Dresses & Gowns",
            "brand": "w"
        },
        {
            "product-id": "440969197",
            "avg-rating": "",
            "img-url": "https://assets.ajio.com/medias/sys_master/root/ha9/h1f/15177529229342/-78Wx98H-440969197-beige-MODEL.jpg",
            "price": 1999,
            "was-price": 1999,
            "name": "Woven Straight Kurta with Motifs",
            "url": "/w-woven-straight-kurta-with-motifs/p/440969197_beige",
            "offer-price": 748.74,
            "rating-count": 0,
            "cat1": "Women",
            "cat2": "Ethnic Wear",
            "cat3": "Kurtas",
            "brand": "w"
        },
        {
            "product-id": "441032481",
            "avg-rating": "",
            "img-url": "https://assets.ajio.com/medias/sys_master/root/h9f/h8f/15179108384798/-78Wx98H-441032481-yellow-MODEL.jpg",
            "price": 3299,
            "was-price": 3299,
            "name": "Printed Kurta with Flared Innerlay",
            "url": "/biba-printed-kurta-with-flared-innerlay/p/441032481_yellow",
            "offer-price": 2472.18,
            "rating-count": 0,
            "cat1": "Women",
            "cat2": "Ethnic Wear",
            "cat3": "Kurtas",
            "brand": "biba"
        },
        {
            "product-id": "441031715",
            "avg-rating": "",
            "img-url": "https://assets.ajio.com/medias/sys_master/root/he0/hee/15097310150686/-78Wx98H-441031715-maroon-MODEL.jpg",
            "price": 425,
            "was-price": 599,
            "name": "Men Track Pants with Contrast Piping",
            "url": "/teamspirit-men-track-pants-with-contrast-piping/p/441031715_maroon",
            "offer-price": 299.5,
            "rating-count": 0,
            "cat1": "Men",
            "cat2": "Western Wear",
            "cat3": "Track Pants",
            "brand": "teamspirit"
        },
        {
            "product-id": "460483404",
            "avg-rating": "",
            "img-url": "https://assets.ajio.com/medias/sys_master/root/h1c/h3a/15163165638686/-78Wx98H-460483404-grey-MODEL.jpg",
            "price": 1499,
            "was-price": 1499,
            "name": "Chevron Print A-line Kurta with Pep Hemline",
            "url": "/ajio-chevron-print-a-line-kurta-with-pep-hemline/p/460483404_grey",
            "offer-price": 224.24,
            "rating-count": 0,
            "cat1": "Women",
            "cat2": "Fusion Wear",
            "cat3": "Kurtas & Kurtis",
            "brand": "ajio"
        },
        {
            "product-id": "441031708",
            "avg-rating": "",
            "img-url": "https://assets.ajio.com/medias/sys_master/root/h6a/h84/15203365912606/-78Wx98H-441031708-orange-MODEL.jpg",
            "price": 250,
            "was-price": 499,
            "name": "Regular Fit Henley T-Shirt with Contrast Raglan Sleeves",
            "url": "/teamspirit-regular-fit-henley-t-shirt-with-contrast-raglan-sleeves/p/441031708_orange",
            "offer-price": 186.87,
            "rating-count": 0,
            "cat1": "Men",
            "cat2": "Western Wear",
            "cat3": "Tshirts",
            "brand": "teamspirit"
        },
        {
            "product-id": "441031708",
            "avg-rating": "",
            "img-url": "https://assets.ajio.com/medias/sys_master/root/h42/h79/15203077324830/-78Wx98H-441031708-olive-MODEL.jpg",
            "price": 250,
            "was-price": 499,
            "name": "Regular Fit Henley T-Shirt with Contrast Raglan Sleeves",
            "url": "/teamspirit-regular-fit-henley-t-shirt-with-contrast-raglan-sleeves/p/441031708_olive",
            "offer-price": 186.87,
            "rating-count": 0,
            "cat1": "Men",
            "cat2": "Western Wear",
            "cat3": "Tshirts",
            "brand": "teamspirit"
        },
        {
            "product-id": "460483487",
            "avg-rating": "",
            "img-url": "https://assets.ajio.com/medias/sys_master/root/hf2/h4f/15128464130078/-78Wx98H-460483487-blue-MODEL.jpg",
            "price": 1499,
            "was-price": 1499,
            "name": "Block Print A-line Kurta",
            "url": "/ajio-block-print-a-line-kurta/p/460483487_blue",
            "offer-price": 224.24,
            "rating-count": 0,
            "cat1": "Women",
            "cat2": "Ethnic Wear",
            "cat3": "Kurtas",
            "brand": "ajio"
        },
        {
            "product-id": "460483481",
            "avg-rating": "",
            "img-url": "https://assets.ajio.com/medias/sys_master/root/h31/hf8/15155145736222/-78Wx98H-460483481-blue-MODEL.jpg",
            "price": 1499,
            "was-price": 1499,
            "name": "Block Print A-line Kurta",
            "url": "/ajio-block-print-a-line-kurta/p/460483481_blue",
            "offer-price": 224.24,
            "rating-count": 0,
            "cat1": "Women",
            "cat2": "Ethnic Wear",
            "cat3": "Kurtas",
            "brand": "ajio"
        },
        {
            "product-id": "440965451",
            "avg-rating": "",
            "img-url": "https://assets.ajio.com/medias/sys_master/root/20210318/CC4s/60536f73f997dd7b644d9346/-78Wx98H-440965451-charcoal-MODEL.jpg",
            "price": 949,
            "was-price": 949,
            "name": "Track Pants with Insert Pockets",
            "url": "/proline-track-pants-with-insert-pockets/p/440965451_charcoal",
            "offer-price": 709.35,
            "rating-count": 0,
            "cat1": "Men",
            "cat2": "Western Wear",
            "cat3": "Track Pants",
            "brand": "proline"
        },
        {
            "product-id": "440944856",
            "avg-rating": "",
            "img-url": "https://assets.ajio.com/medias/sys_master/root/hc0/h6e/15176362295326/-78Wx98H-440944856-black-MODEL.jpg",
            "price": 1999,
            "was-price": 1999,
            "name": "Printed Straight Kurta",
            "url": "/aurelia-printed-straight-kurta/p/440944856_black",
            "offer-price": 1498,
            "rating-count": 0,
            "cat1": "Women",
            "cat2": "Ethnic Wear",
            "cat3": "Kurtas",
            "brand": "aurelia"
        },
        {
            "product-id": "440909888",
            "avg-rating": "",
            "img-url": "https://assets.ajio.com/medias/sys_master/root/hdd/h1b/15176875868190/-78Wx98H-440909888-black-MODEL.jpg",
            "price": 1999,
            "was-price": 1999,
            "name": "Textured A-line Kurta with Pintucks",
            "url": "/aurelia-textured-a-line-kurta-with-pintucks/p/440909888_black",
            "offer-price": 463.43,
            "rating-count": 0,
            "cat1": "Women",
            "cat2": "Ethnic Wear",
            "cat3": "Kurtas",
            "brand": "aurelia"
        },
        {
            "product-id": "441032462",
            "avg-rating": "",
            "img-url": "https://assets.ajio.com/medias/sys_master/root/h5d/h93/15175135395870/-78Wx98H-441032462-blue-MODEL.jpg",
            "price": 2599,
            "was-price": 2599,
            "name": "Flared Kurta with Embroidered Yoke",
            "url": "/biba-flared-kurta-with-embroidered-yoke/p/441032462_blue",
            "offer-price": 1947.62,
            "rating-count": 0,
            "cat1": "Women",
            "cat2": "Ethnic Wear",
            "cat3": "Kurtas",
            "brand": "biba"
        },
        {
            "product-id": "441025298",
            "avg-rating": "",
            "img-url": "https://assets.ajio.com/medias/sys_master/root/h6f/h9c/15174178373662/-78Wx98H-441025298-red-MODEL.jpg",
            "price": 1150,
            "was-price": 1150,
            "name": "Peplum Top with Front Tie-Up",
            "url": "/anonymous-co-peplum-top-with-front-tie-up/p/441025298_red",
            "offer-price": 861.06,
            "rating-count": 0,
            "cat1": "Women",
            "cat2": "Western Wear",
            "cat3": "Tops",
            "brand": "anonymous-co"
        },
        {
            "product-id": "441031716",
            "avg-rating": "",
            "img-url": "https://assets.ajio.com/medias/sys_master/root/20221216/qkVZ/639ca691aeb269659cf0505d/-78Wx98H-441031716-charcoal-MODEL.jpg",
            "price": 399,
            "was-price": 499,
            "name": "Men Heathered Track Pants with Contrast Taping",
            "url": "/teamspirit-men-heathered-track-pants-with-contrast-taping/p/441031716_charcoal",
            "offer-price": 298.24,
            "rating-count": 0,
            "cat1": "Men",
            "cat2": "Western Wear",
            "cat3": "Track Pants",
            "brand": "teamspirit"
        },
        {
            "product-id": "441052391",
            "avg-rating": "",
            "img-url": "https://assets.ajio.com/medias/sys_master/root/h50/h9c/15177265774622/-78Wx98H-441052391-white-MODEL.jpg",
            "price": 1150,
            "was-price": 1150,
            "name": "Floral Embroidered Striped Cold-Shoulder Top",
            "url": "/anonymous-co-floral-embroidered-striped-cold-shoulder-top/p/441052391_white",
            "offer-price": 861.06,
            "rating-count": 0,
            "cat1": "Women",
            "cat2": "Western Wear",
            "cat3": "Tops",
            "brand": "anonymous-co"
        },
        {
            "product-id": "441001853",
            "avg-rating": "",
            "img-url": "https://assets.ajio.com/medias/sys_master/root/hbe/hcc/15144955576350/-78Wx98H-441001853-navyblue-MODEL.jpg",
            "price": 720,
            "was-price": 1799,
            "name": "Heathered Trim Fit Shirt with Band Collar",
            "url": "/john-players-heathered-trim-fit-shirt-with-band-collar/p/441001853_navyblue",
            "offer-price": 611.66,
            "rating-count": 0,
            "cat1": "Men",
            "cat2": "Western Wear",
            "cat3": "Shirts",
            "brand": "john-players"
        },
        {
            "product-id": "441032475",
            "avg-rating": "",
            "img-url": "https://assets.ajio.com/medias/sys_master/root/h50/hae/15172081156126/-78Wx98H-441032475-yellow-MODEL.jpg",
            "price": 2999,
            "was-price": 2999,
            "name": "A-line Kurta with Embroidered Yoke",
            "url": "/biba-a-line-kurta-with-embroidered-yoke/p/441032475_yellow",
            "offer-price": 898.49,
            "rating-count": 0,
            "cat1": "Women",
            "cat2": "Ethnic Wear",
            "cat3": "Kurtas",
            "brand": "biba"
        },
        {
            "product-id": "441017668",
            "avg-rating": "",
            "img-url": "https://assets.ajio.com/medias/sys_master/root/h0c/h2e/15155932069918/-78Wx98H-441017668-blue-MODEL.jpg",
            "price": 999,
            "was-price": 999,
            "name": "Waistcoat with Band Collar",
            "url": "/network-waistcoat-with-band-collar/p/441017668_blue",
            "offer-price": 299.62,
            "rating-count": 0,
            "cat1": "Men",
            "cat2": "Western Wear",
            "cat3": "Blazers & Waistcoats",
            "brand": "network"
        },
        {
            "product-id": "441032508",
            "avg-rating": "",
            "img-url": "https://assets.ajio.com/medias/sys_master/root/hf6/hc9/15178590191646/-78Wx98H-441032508-green-MODEL.jpg",
            "price": 3299,
            "was-price": 3299,
            "name": "Straight Kurta with Palazzos & Dupatta",
            "url": "/biba-straight-kurta-with-palazzos-dupatta/p/441032508_green",
            "offer-price": 1186.01,
            "rating-count": 0,
            "cat1": "Women",
            "cat2": "Ethnic Wear",
            "cat3": "Kurta Suit Sets",
            "brand": "biba"
        },
        {
            "product-id": "441053342",
            "avg-rating": "",
            "img-url": "https://assets.ajio.com/medias/sys_master/root/h90/hff/15130608009246/-78Wx98H-441053342-yellow-MODEL.jpg",
            "price": 999,
            "was-price": 999,
            "name": "Slim Fit Shirt with Patch Pocket",
            "url": "/netplay-slim-fit-shirt-with-patch-pocket/p/441053342_yellow",
            "offer-price": 299.62,
            "rating-count": 0,
            "cat1": "Men",
            "cat2": "Western Wear",
            "cat3": "Shirts",
            "brand": "netplay"
        },
        {
            "product-id": "460483398",
            "avg-rating": "",
            "img-url": "https://assets.ajio.com/medias/sys_master/root/h14/h89/15128525471774/-78Wx98H-460483398-grey-MODEL.jpg",
            "price": 1799,
            "was-price": 1799,
            "name": "Printed A-line Dress with Tie-Up Neckline",
            "url": "/ajio-printed-a-line-dress-with-tie-up-neckline/p/460483398_grey",
            "offer-price": 269.09,
            "rating-count": 0,
            "cat1": "Women",
            "cat2": "Fusion Wear",
            "cat3": "Dresses & Gowns",
            "brand": "ajio"
        },
        {
            "product-id": "460483405",
            "avg-rating": "",
            "img-url": "https://assets.ajio.com/medias/sys_master/root/h01/h30/15128481890334/-78Wx98H-460483405-grey-MODEL.jpg",
            "price": 1499,
            "was-price": 1499,
            "name": "Chevron Print Straight Kurta with Bell Sleeves",
            "url": "/ajio-chevron-print-straight-kurta-with-bell-sleeves/p/460483405_grey",
            "offer-price": 224.24,
            "rating-count": 0,
            "cat1": "Women",
            "cat2": "Ethnic Wear",
            "cat3": "Kurtas",
            "brand": "ajio"
        },
        {
            "product-id": "440969489",
            "avg-rating": "",
            "img-url": "https://assets.ajio.com/medias/sys_master/root/h3c/hea/15178983768094/-78Wx98H-440969489-green-MODEL.jpg",
            "price": 2599,
            "was-price": 2599,
            "name": "Floral Print A-line Kurta",
            "url": "/w-floral-print-a-line-kurta/p/440969489_green",
            "offer-price": 1459.3,
            "rating-count": 0,
            "cat1": "Women",
            "cat2": "Ethnic Wear",
            "cat3": "Kurtas",
            "brand": "w"
        },
        {
            "product-id": "441029810",
            "avg-rating": "",
            "img-url": "https://assets.ajio.com/medias/sys_master/root/h12/h82/15155502612510/-78Wx98H-441029810-blue-MODEL.jpg",
            "price": 999,
            "was-price": 999,
            "name": "Striped Tunic with Neck Tie-Up",
            "url": "/dnmx-striped-tunic-with-neck-tie-up/p/441029810_blue",
            "offer-price": 299.62,
            "rating-count": 0,
            "cat1": "Women",
            "cat2": "Western Wear",
            "cat3": "Tops",
            "brand": "dnmx"
        },
        {
            "product-id": "440928983",
            "avg-rating": "",
            "img-url": "https://assets.ajio.com/medias/sys_master/root/hab/h15/15204829069342/-78Wx98H-440928983-ltpeach-MODEL.jpg",
            "price": 649,
            "was-price": 649,
            "name": "Knitted V-neck Top",
            "url": "/jockey-knitted-v-neck-top/p/440928983_ltpeach",
            "offer-price": 590.59,
            "rating-count": 0,
            "cat1": "Women",
            "cat2": "Western Wear",
            "cat3": "Tops",
            "brand": "jockey"
        },
        {
            "product-id": "441001766",
            "avg-rating": "",
            "img-url": "https://assets.ajio.com/medias/sys_master/root/h7f/hdb/15086585839646/-78Wx98H-441001766-navyblue-MODEL.jpg",
            "price": 640,
            "was-price": 1599,
            "name": "Speckled Trim Fit Shirt with Patch Pocket",
            "url": "/john-players-speckled-trim-fit-shirt-with-patch-pocket/p/441001766_navyblue",
            "offer-price": 543.66,
            "rating-count": 0,
            "cat1": "Men",
            "cat2": "Western Wear",
            "cat3": "Shirts",
            "brand": "john-players"
        },
        {
            "product-id": "441004122",
            "avg-rating": "",
            "img-url": "https://assets.ajio.com/medias/sys_master/root/he5/h48/15607635378206/-78Wx98H-441004122-grey-MODEL.jpg",
            "price": 2699,
            "was-price": 2699,
            "name": "Lightly Washed Skinny Fit Jeans",
            "url": "/killer-lightly-washed-skinny-fit-jeans/p/441004122_grey",
            "offer-price": 2022.56,
            "rating-count": 0,
            "cat1": "Men",
            "cat2": "Western Wear",
            "cat3": "Jeans",
            "brand": "killer"
        },
        {
            "product-id": "441004128",
            "avg-rating": "",
            "img-url": "https://assets.ajio.com/medias/sys_master/root/h1b/h49/15607714873374/-78Wx98H-441004128-navy-MODEL.jpg",
            "price": 2999,
            "was-price": 2999,
            "name": "Lightly Washed Skinny Fit Jeans",
            "url": "/killer-lightly-washed-skinny-fit-jeans/p/441004128_navy",
            "offer-price": 2247.37,
            "rating-count": 0,
            "cat1": "Men",
            "cat2": "Western Wear",
            "cat3": "Jeans",
            "brand": "killer"
        }
    ]
}