{
    "": [],
    "ajio": [],
    "luxe.ajio": [
        {
            "product-id": "464064473",
            "avg-rating": "",
            "img-url": "https://assets.ajio.com/medias/sys_master/root/20220324/PZcD/623c58f7aeb26921afef523e/-78Wx98H-464064473-blue-MODEL.jpg",
            "price": 9900,
            "was-price": 9900,
            "name": "Embroidered Straight Kurta",
            "url": "/linen-bloom-embroidered-straight-kurta/p/464064473_blue",
            "offer-price": 8900,
            "rating-count": 0,
            "cat1": "Women",
            "cat2": "Ethnic Wear",
            "cat3": "Kurtis & Tunics",
            "brand": "linen-bloom"
        },
        {
            "product-id": "410311061",
            "avg-rating": "",
            "img-url": "https://assets.ajio.com/medias/sys_master/root/20220308/KwbV/62278001aeb26921afcd8f3d/-78Wx98H-410311061-pr-MODEL.jpg",
            "price": 25000,
            "was-price": 25000,
            "name": "Zip-Around Bifold Wallet",
            "url": "/paul-smith-zip-around-bifold-wallet/p/410311061_pr",
            "offer-price": 13500,
            "rating-count": 0,
            "cat1": "Men",
            "cat2": "Bags, Belts & Wallets",
            "cat3": "Wallets",
            "brand": "paul-smith"
        },
        {
            "product-id": "464063555",
            "avg-rating": "",
            "img-url": "https://assets.ajio.com/medias/sys_master/root/20220324/dRus/623c57c6aeb26921afef3727/-78Wx98H-464063555-yellow-MODEL.jpg",
            "price": 3900,
            "was-price": 3900,
            "name": "Embroidered Sleeveless Top",
            "url": "/linen-bloom-embroidered-sleeveless-top/p/464063555_yellow",
            "offer-price": 2922.56,
            "rating-count": 0,
            "cat1": "Women",
            "cat2": "Western Wear",
            "cat3": "Tops",
            "brand": "linen-bloom"
        },
        {
            "product-id": "463463224",
            "avg-rating": "",
            "img-url": "https://assets.ajio.com/medias/sys_master/root/20211208/uS3z/61b0e3b5f997ddf8f14747f3/-78Wx98H-463463224-blue-MODEL.jpg",
            "price": 9299,
            "was-price": 9299,
            "name": "Full-Rim Oversized Sunglasses",
            "url": "/numi-paris-full-rim-oversized-sunglasses/p/463463224_blue",
            "offer-price": 7904.15,
            "rating-count": 0,
            "cat1": "Women",
            "cat2": "Eyewear",
            "cat3": "Sunglasses",
            "brand": "numi-paris"
        },
        {
            "product-id": "463463195",
            "avg-rating": "",
            "img-url": "https://assets.ajio.com/medias/sys_master/root/20211208/qfDD/61b0e386f997ddf8f147450f/-78Wx98H-463463195-grey-MODEL.jpg",
            "price": 10499,
            "was-price": 10499,
            "name": "Full-Rim Oversized Sunglasses",
            "url": "/numi-paris-full-rim-oversized-sunglasses/p/463463195_grey",
            "offer-price": 9974.05,
            "rating-count": 0,
            "cat1": "Women",
            "cat2": "Eyewear",
            "cat3": "Sunglasses",
            "brand": "numi-paris"
        },
        {
            "product-id": "463463227",
            "avg-rating": "",
            "img-url": "https://assets.ajio.com/medias/sys_master/root/20211208/Omwz/61b0e48ef997ddf8f1475388/-78Wx98H-463463227-blue-MODEL.jpg",
            "price": 8999,
            "was-price": 8999,
            "name": "Full-Rim Cat-Eye Sunglasses",
            "url": "/numi-paris-full-rim-cat-eye-sunglasses/p/463463227_blue",
            "offer-price": 8549.05,
            "rating-count": 0,
            "cat1": "Women",
            "cat2": "Eyewear",
            "cat3": "Sunglasses",
            "brand": "numi-paris"
        },
        {
            "product-id": "463463249",
            "avg-rating": "",
            "img-url": "https://assets.ajio.com/medias/sys_master/root/20211208/ax9x/61b0e357f997ddf8f1474220/-78Wx98H-463463249-brown-MODEL.jpg",
            "price": 9499,
            "was-price": 9499,
            "name": "Full-Rim Circular Sunglasses",
            "url": "/numi-paris-full-rim-circular-sunglasses/p/463463249_brown",
            "offer-price": 9024.05,
            "rating-count": 0,
            "cat1": "Women",
            "cat2": "Eyewear",
            "cat3": "Sunglasses",
            "brand": "numi-paris"
        },
        {
            "product-id": "463463272",
            "avg-rating": "",
            "img-url": "https://assets.ajio.com/medias/sys_master/root/20211208/wdM2/61b0e36faeb269011003af50/-78Wx98H-463463272-grey-MODEL.jpg",
            "price": 10499,
            "was-price": 10499,
            "name": "Full-Rim Circular Sunglasses",
            "url": "/numi-paris-full-rim-circular-sunglasses/p/463463272_grey",
            "offer-price": 9974.05,
            "rating-count": 0,
            "cat1": "Women",
            "cat2": "Eyewear",
            "cat3": "Sunglasses",
            "brand": "numi-paris"
        },
        {
            "product-id": "463463245",
            "avg-rating": "",
            "img-url": "https://assets.ajio.com/medias/sys_master/root/20211208/wqJ7/61b0e3f6f997ddf8f1474b8f/-78Wx98H-463463245-grey-MODEL.jpg",
            "price": 10499,
            "was-price": 10499,
            "name": "Full-Rim Circular Sunglasses",
            "url": "/numi-paris-full-rim-circular-sunglasses/p/463463245_grey",
            "offer-price": 9974.05,
            "rating-count": 0,
            "cat1": "Women",
            "cat2": "Eyewear",
            "cat3": "Sunglasses",
            "brand": "numi-paris"
        },
        {
            "product-id": "463463232",
            "avg-rating": "",
            "img-url": "https://assets.ajio.com/medias/sys_master/root/20211208/2Oni/61b0e376f997ddf8f14743f9/-78Wx98H-463463232-grey-MODEL.jpg",
            "price": 10499,
            "was-price": 10499,
            "name": "Full-Rim Square Sunglasses",
            "url": "/numi-paris-full-rim-square-sunglasses/p/463463232_grey",
            "offer-price": 9974.05,
            "rating-count": 0,
            "cat1": "Women",
            "cat2": "Eyewear",
            "cat3": "Sunglasses",
            "brand": "numi-paris"
        },
        {
            "product-id": "463463190",
            "avg-rating": "",
            "img-url": "https://assets.ajio.com/medias/sys_master/root/20211208/6Z7W/61b0e442f997ddf8f1474f86/-78Wx98H-463463190-brown-MODEL.jpg",
            "price": 9299,
            "was-price": 9299,
            "name": "Full-Rim Oversized Sunglasses",
            "url": "/numi-paris-full-rim-oversized-sunglasses/p/463463190_brown",
            "offer-price": 7904.15,
            "rating-count": 0,
            "cat1": "Women",
            "cat2": "Eyewear",
            "cat3": "Sunglasses",
            "brand": "numi-paris"
        },
        {
            "product-id": "469124578",
            "avg-rating": "",
            "img-url": "https://assets.ajio.com/medias/sys_master/root/20220324/9xaa/623b6a6cf997dd03e2289b63/-78Wx98H-469124578-orange-MODEL.jpg",
            "price": 9999,
            "was-price": 9999,
            "name": "Seaweed Swim Trim Slim Polo T-shirt",
            "url": "/hackett-london-seaweed-swim-trim-slim-polo-t-shirt/p/469124578_orange",
            "offer-price": 8999,
            "rating-count": 0,
            "cat1": "Men",
            "cat2": "Western Wear",
            "cat3": "Tshirts",
            "brand": "hackett-london"
        },
        {
            "product-id": "410311465",
            "avg-rating": "",
            "img-url": "https://assets.ajio.com/medias/sys_master/root/20220323/uO1b/623a1f2ff997dd03e2264e95/-78Wx98H-410311465-271-MODEL.jpg",
            "price": 11000,
            "was-price": 11000,
            "name": "Collaborative Brand Print NBA Slides",
            "url": "/boss-collaborative-brand-print-nba-slides/p/410311465_271",
            "offer-price": 6150,
            "rating-count": 0,
            "cat1": "Men",
            "cat2": "Footwear",
            "cat3": "Flip Flop & Slippers",
            "brand": "boss"
        },
        {
            "product-id": "410311258",
            "avg-rating": "",
            "img-url": "https://assets.ajio.com/medias/sys_master/root/20220318/OwNK/623393d2aeb26921afe191c6/-78Wx98H-410311258-tx2-MODEL.jpg",
            "price": 9500,
            "was-price": 9500,
            "name": "Logo Jacquard Thong-Strap Flip Flops",
            "url": "/coach-logo-jacquard-thong-strap-flip-flops/p/410311258_tx2",
            "offer-price": 5130,
            "rating-count": 0,
            "cat1": "Men",
            "cat2": "Footwear",
            "cat3": "Flip Flop & Slippers",
            "brand": "coach"
        },
        {
            "product-id": "410311479",
            "avg-rating": "",
            "img-url": "https://assets.ajio.com/medias/sys_master/root/20220323/KVKQ/623a17aeaeb26921afeb0ade/-78Wx98H-410311479-001-MODEL.jpg",
            "price": 9100,
            "was-price": 14000,
            "name": "Jogger Pants with Logo Patch",
            "url": "/boss-jogger-pants-with-logo-patch/p/410311479_001",
            "offer-price": 8100,
            "rating-count": 0,
            "cat1": "Men",
            "cat2": "Western Wear",
            "cat3": "Track Pants",
            "brand": "boss"
        },
        {
            "product-id": "464063734",
            "avg-rating": "",
            "img-url": "https://assets.ajio.com/medias/sys_master/root/20220324/TzHz/623c57daaeb26921afef3936/-78Wx98H-464063734-pink-MODEL.jpg",
            "price": 8900,
            "was-price": 8900,
            "name": "Abstract Blazer",
            "url": "/linen-bloom-abstract-blazer/p/464063734_pink",
            "offer-price": 7900,
            "rating-count": 0,
            "cat1": "Women",
            "cat2": "Western Wear",
            "cat3": "Blazers & Waistcoats",
            "brand": "linen-bloom"
        },
        {
            "product-id": "464063572",
            "avg-rating": "",
            "img-url": "https://assets.ajio.com/medias/sys_master/root/20220324/ynfC/623c5826aeb26921afef40ae/-78Wx98H-464063572-blue-MODEL.jpg",
            "price": 3900,
            "was-price": 3900,
            "name": "Embroidered Sleeveless Top",
            "url": "/linen-bloom-embroidered-sleeveless-top/p/464063572_blue",
            "offer-price": 2922.56,
            "rating-count": 0,
            "cat1": "Women",
            "cat2": "Western Wear",
            "cat3": "Tops",
            "brand": "linen-bloom"
        },
        {
            "product-id": "464061465",
            "avg-rating": "",
            "img-url": "https://assets.ajio.com/medias/sys_master/root/20220324/xDjq/623b86b3f997dd03e2293712/-78Wx98H-464061465-pink-MODEL.jpg",
            "price": 7500,
            "was-price": 7500,
            "name": "Printed Canvas Apron with Mittens & Pouch Set in Gift Box",
            "url": "/payal-singhal-printed-canvas-apron-with-mittens-pouch-set-in-gift-box/p/464061465_pink",
            "offer-price": 6500,
            "rating-count": 0,
            "cat1": "Home & Kitchen",
            "cat2": "Kitchen & Dining",
            "cat3": "Kitchen Linen",
            "brand": "payal-singhal"
        },
        {
            "product-id": "463987616",
            "avg-rating": "",
            "img-url": "https://assets.ajio.com/medias/sys_master/root/20220428/dynb/626a8811aeb26921af48f3d0/-78Wx98H-463987616-red-MODEL.jpg",
            "price": 12999,
            "was-price": 12999,
            "name": "Embellished Bella  Clutch",
            "url": "/doux-amour-embellished-bella-clutch/p/463987616_red",
            "offer-price": 11999,
            "rating-count": 0,
            "cat1": "Women",
            "cat2": "Bags, Belts & Wallets",
            "cat3": "Clutches & Wristlets",
            "brand": "doux-amour"
        },
        {
            "product-id": "463463248",
            "avg-rating": "",
            "img-url": "https://assets.ajio.com/medias/sys_master/root/20211208/CAmz/61b0e442f997ddf8f1474f8e/-78Wx98H-463463248-brown-MODEL.jpg",
            "price": 9499,
            "was-price": 9499,
            "name": "Full-Rim Circular Sunglasses",
            "url": "/numi-paris-full-rim-circular-sunglasses/p/463463248_brown",
            "offer-price": 9024.05,
            "rating-count": 0,
            "cat1": "Women",
            "cat2": "Eyewear",
            "cat3": "Sunglasses",
            "brand": "numi-paris"
        },
        {
            "product-id": "463463250",
            "avg-rating": "",
            "img-url": "https://assets.ajio.com/medias/sys_master/root/20211208/38jX/61b0e338f997ddf8f1474069/-78Wx98H-463463250-grey-MODEL.jpg",
            "price": 8999,
            "was-price": 8999,
            "name": "Full-Rim Cat-Eye Sunglasses",
            "url": "/numi-paris-full-rim-cat-eye-sunglasses/p/463463250_grey",
            "offer-price": 8549.05,
            "rating-count": 0,
            "cat1": "Women",
            "cat2": "Eyewear",
            "cat3": "Sunglasses",
            "brand": "numi-paris"
        },
        {
            "product-id": "463463063",
            "avg-rating": "",
            "img-url": "https://assets.ajio.com/medias/sys_master/root/20211208/TALX/61b0e2e8aeb269011003a5fc/-78Wx98H-463463063-grey-MODEL.jpg",
            "price": 8499,
            "was-price": 8499,
            "name": "Full-Rim Cat-Eye Sunglasses",
            "url": "/numi-paris-full-rim-cat-eye-sunglasses/p/463463063_grey",
            "offer-price": 8074.05,
            "rating-count": 0,
            "cat1": "Women",
            "cat2": "Eyewear",
            "cat3": "Sunglasses",
            "brand": "numi-paris"
        },
        {
            "product-id": "463463229",
            "avg-rating": "",
            "img-url": "https://assets.ajio.com/medias/sys_master/root/20211208/dgeX/61b0e2f6aeb269011003a6e5/-78Wx98H-463463229-grey-MODEL.jpg",
            "price": 9499,
            "was-price": 9499,
            "name": "Full-Rim Circular Sunglasses",
            "url": "/numi-paris-full-rim-circular-sunglasses/p/463463229_grey",
            "offer-price": 8074.15,
            "rating-count": 0,
            "cat1": "Women",
            "cat2": "Eyewear",
            "cat3": "Sunglasses",
            "brand": "numi-paris"
        },
        {
            "product-id": "463463239",
            "avg-rating": "",
            "img-url": "https://assets.ajio.com/medias/sys_master/root/20211208/yqP4/61b0e3ceaeb269011003b5d2/-78Wx98H-463463239-grey-MODEL.jpg",
            "price": 11499,
            "was-price": 11499,
            "name": "Full-Rim Aviator Sunglasses",
            "url": "/numi-paris-full-rim-aviator-sunglasses/p/463463239_grey",
            "offer-price": 10924.05,
            "rating-count": 0,
            "cat1": "Women",
            "cat2": "Eyewear",
            "cat3": "Sunglasses",
            "brand": "numi-paris"
        },
        {
            "product-id": "463463171",
            "avg-rating": "",
            "img-url": "https://assets.ajio.com/medias/sys_master/root/20211208/gsPz/61b0e0c2f997ddf8f1471a74/-78Wx98H-463463171-grey-MODEL.jpg",
            "price": 8499,
            "was-price": 8499,
            "name": "Full-Rim Cat-Eye Sunglasses",
            "url": "/numi-paris-full-rim-cat-eye-sunglasses/p/463463171_grey",
            "offer-price": 8074.05,
            "rating-count": 0,
            "cat1": "Women",
            "cat2": "Eyewear",
            "cat3": "Sunglasses",
            "brand": "numi-paris"
        },
        {
            "product-id": "463463217",
            "avg-rating": "",
            "img-url": "https://assets.ajio.com/medias/sys_master/root/20211208/7TXu/61b0e3ceaeb269011003b5c7/-78Wx98H-463463217-blue-MODEL.jpg",
            "price": 11499,
            "was-price": 11499,
            "name": "Full-Rim Aviator Sunglasses",
            "url": "/numi-paris-full-rim-aviator-sunglasses/p/463463217_blue",
            "offer-price": 10924.05,
            "rating-count": 0,
            "cat1": "Women",
            "cat2": "Eyewear",
            "cat3": "Sunglasses",
            "brand": "numi-paris"
        },
        {
            "product-id": "463463091",
            "avg-rating": "",
            "img-url": "https://assets.ajio.com/medias/sys_master/root/20211208/7B8f/61b0e31faeb269011003a9cf/-78Wx98H-463463091-brown-MODEL.jpg",
            "price": 9499,
            "was-price": 9499,
            "name": "Full-Rim Aviator Sunglasses",
            "url": "/numi-paris-full-rim-aviator-sunglasses/p/463463091_brown",
            "offer-price": 9024.05,
            "rating-count": 0,
            "cat1": "Women",
            "cat2": "Eyewear",
            "cat3": "Sunglasses",
            "brand": "numi-paris"
        },
        {
            "product-id": "463463173",
            "avg-rating": "",
            "img-url": "https://assets.ajio.com/medias/sys_master/root/20211208/xUaw/61b0e442f997ddf8f1474f7a/-78Wx98H-463463173-brown-MODEL.jpg",
            "price": 8499,
            "was-price": 8499,
            "name": "Full-Rim Cat-Eye Sunglasses",
            "url": "/numi-paris-full-rim-cat-eye-sunglasses/p/463463173_brown",
            "offer-price": 8074.05,
            "rating-count": 0,
            "cat1": "Women",
            "cat2": "Eyewear",
            "cat3": "Sunglasses",
            "brand": "numi-paris"
        },
        {
            "product-id": "463463216",
            "avg-rating": "",
            "img-url": "https://assets.ajio.com/medias/sys_master/root/20211208/l9SJ/61b0e3f6f997ddf8f1474b88/-78Wx98H-463463216-grey-MODEL.jpg",
            "price": 10499,
            "was-price": 10499,
            "name": "Full-Rim Oversized Sunglasses",
            "url": "/numi-paris-full-rim-oversized-sunglasses/p/463463216_grey",
            "offer-price": 9974.05,
            "rating-count": 0,
            "cat1": "Women",
            "cat2": "Eyewear",
            "cat3": "Sunglasses",
            "brand": "numi-paris"
        },
        {
            "product-id": "463463214",
            "avg-rating": "",
            "img-url": "https://assets.ajio.com/medias/sys_master/root/20211208/1RF5/61b0e49ff997ddf8f1475459/-78Wx98H-463463214-grey-MODEL.jpg",
            "price": 10499,
            "was-price": 10499,
            "name": "Full-Rim Oversized Sunglasses",
            "url": "/numi-paris-full-rim-oversized-sunglasses/p/463463214_grey",
            "offer-price": 10498,
            "rating-count": 0,
            "cat1": "Women",
            "cat2": "Eyewear",
            "cat3": "Sunglasses",
            "brand": "numi-paris"
        },
        {
            "product-id": "464061654",
            "avg-rating": "",
            "img-url": "https://assets.ajio.com/medias/sys_master/root/20220324/Fm1M/623b8734f997dd03e229415e/-78Wx98H-464061654-cream-MODEL.jpg",
            "price": 2450,
            "was-price": 2450,
            "name": "Printed Canvas Mittens with Silkmul Piping",
            "url": "/payal-singhal-printed-canvas-mittens-with-silkmul-piping/p/464061654_cream",
            "offer-price": 1835.96,
            "rating-count": 0,
            "cat1": "Home & Kitchen",
            "cat2": "Kitchen & Dining",
            "cat3": "Kitchen Linen",
            "brand": "payal-singhal"
        },
        {
            "product-id": "464062292",
            "avg-rating": "",
            "img-url": "https://assets.ajio.com/medias/sys_master/root/20220324/1Mqk/623b86fbaeb26921afedffc6/-78Wx98H-464062292-cream-MODEL.jpg",
            "price": 109900,
            "was-price": 109900,
            "name": "Chikankari Embroidered Bundi with Kasab ",
            "url": "/tarun-tahiliani-chikankari-embroidered-bundi-with-kasab/p/464062292_cream",
            "offer-price": 108900,
            "rating-count": 0,
            "cat1": "Men",
            "cat2": "Ethnic Wear",
            "cat3": "Ethnic Suit Sets",
            "brand": "tarun-tahiliani"
        },
        {
            "product-id": "410296707",
            "avg-rating": "",
            "img-url": "https://assets.ajio.com/medias/sys_master/root/20220323/YLS3/623a21fbaeb26921afeb310b/-78Wx98H-410296707-10-MODEL.jpg",
            "price": 10794,
            "was-price": 17990,
            "name": "Graphic Print Crew-Neck T-Shirt",
            "url": "/paul-shark-graphic-print-crew-neck-t-shirt/p/410296707_10",
            "offer-price": 9714.6,
            "rating-count": 0,
            "cat1": "Men",
            "cat2": "Western Wear",
            "cat3": "Tshirts",
            "brand": "paul-shark"
        },
        {
            "product-id": "464060337",
            "avg-rating": "",
            "img-url": "https://assets.ajio.com/medias/sys_master/root/20220324/SIPn/623b85d0f997dd03e229242a/-78Wx98H-464060337-orange-MODEL.jpg",
            "price": 9500,
            "was-price": 9500,
            "name": "V-neck Front Open Blouse",
            "url": "/anavila-v-neck-front-open-blouse/p/464060337_orange",
            "offer-price": 8550,
            "rating-count": 0,
            "cat1": "Women",
            "cat2": "Ethnic Wear",
            "cat3": "Blouses",
            "brand": "anavila"
        },
        {
            "product-id": "410167633",
            "avg-rating": "",
            "img-url": "https://assets.ajio.com/medias/sys_master/root/20220323/z1K8/623a1cd4aeb26921afeb1c0d/-78Wx98H-410167633-148-MODEL.jpg",
            "price": 10794,
            "was-price": 17990,
            "name": "Striped Tailored Polo T-Shirt with Cutaway Collar",
            "url": "/paul-shark-striped-tailored-polo-t-shirt-with-cutaway-collar/p/410167633_148",
            "offer-price": 9714.6,
            "rating-count": 0,
            "cat1": "Men",
            "cat2": "Western Wear",
            "cat3": "Tshirts",
            "brand": "paul-shark"
        },
        {
            "product-id": "464058552",
            "avg-rating": "",
            "img-url": "https://assets.ajio.com/medias/sys_master/root/20220323/Y1oa/623b05c6f997dd03e2282598/-78Wx98H-464058552-beige-MODEL.jpg",
            "price": 6000,
            "was-price": 6000,
            "name": "Solid Churidar with Waist Tie",
            "url": "/linen-bloom-solid-churidar-with-waist-tie/p/464058552_beige",
            "offer-price": 5000,
            "rating-count": 0,
            "cat1": "Men",
            "cat2": "Ethnic Wear",
            "cat3": "Pyjamas & Churidars",
            "brand": "linen-bloom"
        },
        {
            "product-id": "464061656",
            "avg-rating": "",
            "img-url": "https://assets.ajio.com/medias/sys_master/root/20220324/5JI0/623b8719aeb26921afee022e/-78Wx98H-464061656-pink-MODEL.jpg",
            "price": 4950,
            "was-price": 4950,
            "name": "Printed Canvas Apron with Pouch",
            "url": "/payal-singhal-printed-canvas-apron-with-pouch/p/464061656_pink",
            "offer-price": 3950,
            "rating-count": 0,
            "cat1": "Home & Kitchen",
            "cat2": "Kitchen & Dining",
            "cat3": "Kitchen Linen",
            "brand": "payal-singhal"
        },
        {
            "product-id": "463463222",
            "avg-rating": "",
            "img-url": "https://assets.ajio.com/medias/sys_master/root/20211208/SDt0/61b0e361aeb269011003ae63/-78Wx98H-463463222-grey-MODEL.jpg",
            "price": 9499,
            "was-price": 9499,
            "name": "Full-Rim Aviator Sunglasses",
            "url": "/numi-paris-full-rim-aviator-sunglasses/p/463463222_grey",
            "offer-price": 9024.05,
            "rating-count": 0,
            "cat1": "Women",
            "cat2": "Eyewear",
            "cat3": "Sunglasses",
            "brand": "numi-paris"
        },
        {
            "product-id": "463463219",
            "avg-rating": "",
            "img-url": "https://assets.ajio.com/medias/sys_master/root/20211208/7mnZ/61b0e3b5f997ddf8f14747e8/-78Wx98H-463463219-grey-MODEL.jpg",
            "price": 8999,
            "was-price": 8999,
            "name": "Full-Rim Cat-Eye Sunglasses",
            "url": "/numi-paris-full-rim-cat-eye-sunglasses/p/463463219_grey",
            "offer-price": 7649.15,
            "rating-count": 0,
            "cat1": "Women",
            "cat2": "Eyewear",
            "cat3": "Sunglasses",
            "brand": "numi-paris"
        },
        {
            "product-id": "463463243",
            "avg-rating": "",
            "img-url": "https://assets.ajio.com/medias/sys_master/root/20211208/zGFz/61b0e338f997ddf8f1474076/-78Wx98H-463463243-green-MODEL.jpg",
            "price": 10499,
            "was-price": 10499,
            "name": "Full-Rim Circular Sunglasses",
            "url": "/numi-paris-full-rim-circular-sunglasses/p/463463243_green",
            "offer-price": 9974.05,
            "rating-count": 0,
            "cat1": "Women",
            "cat2": "Eyewear",
            "cat3": "Sunglasses",
            "brand": "numi-paris"
        },
        {
            "product-id": "463463172",
            "avg-rating": "",
            "img-url": "https://assets.ajio.com/medias/sys_master/root/20211208/rFAQ/61b0e353aeb269011003ad94/-78Wx98H-463463172-orange-MODEL.jpg",
            "price": 9299,
            "was-price": 9299,
            "name": "Full-Rim Oversized Sunglasses",
            "url": "/numi-paris-full-rim-oversized-sunglasses/p/463463172_orange",
            "offer-price": 8834.05,
            "rating-count": 0,
            "cat1": "Women",
            "cat2": "Eyewear",
            "cat3": "Sunglasses",
            "brand": "numi-paris"
        },
        {
            "product-id": "463463235",
            "avg-rating": "",
            "img-url": "https://assets.ajio.com/medias/sys_master/root/20211208/OGZA/61b0e37daeb269011003b03c/-78Wx98H-463463235-orange-MODEL.jpg",
            "price": 10499,
            "was-price": 10499,
            "name": "Full-Rim Square Sunglasses",
            "url": "/numi-paris-full-rim-square-sunglasses/p/463463235_orange",
            "offer-price": 9974.05,
            "rating-count": 0,
            "cat1": "Women",
            "cat2": "Eyewear",
            "cat3": "Sunglasses",
            "brand": "numi-paris"
        },
        {
            "product-id": "463463242",
            "avg-rating": "",
            "img-url": "https://assets.ajio.com/medias/sys_master/root/20211208/8fFw/61b0e37daeb269011003b030/-78Wx98H-463463242-orange-MODEL.jpg",
            "price": 9499,
            "was-price": 9499,
            "name": "Half-Rim Square Sunglasses",
            "url": "/numi-paris-half-rim-square-sunglasses/p/463463242_orange",
            "offer-price": 8074.15,
            "rating-count": 0,
            "cat1": "Women",
            "cat2": "Eyewear",
            "cat3": "Sunglasses",
            "brand": "numi-paris"
        },
        {
            "product-id": "460931061",
            "avg-rating": "",
            "img-url": "https://assets.ajio.com/medias/sys_master/root/20211208/XUR5/61afe2e4aeb269011001b87c/-78Wx98H-460931061-black-MODEL.jpg",
            "price": 11999,
            "was-price": 11999,
            "name": "Nano X1 Pursuit Lace-Up Training Shoes",
            "url": "/reebok-nano-x1-pursuit-lace-up-training-shoes/p/460931061_black",
            "offer-price": 5000,
            "rating-count": 0,
            "cat1": "Men",
            "cat2": "Footwear",
            "cat3": "Sports Shoes",
            "brand": "reebok"
        },
        {
            "product-id": "460848458",
            "avg-rating": "",
            "img-url": "https://assets.ajio.com/medias/sys_master/root/20220406/XUf9/624c9e30f997dd03e2499cf6/-78Wx98H-460848458-grey-MODEL.jpg",
            "price": 7999,
            "was-price": 7999,
            "name": "Lace Rider Pop Casual Shoes",
            "url": "/puma-lace-rider-pop-casual-shoes/p/460848458_grey",
            "offer-price": 6999,
            "rating-count": 0,
            "cat1": "Men",
            "cat2": "Footwear",
            "cat3": "Casual Shoes",
            "brand": "puma"
        },
        {
            "product-id": "464059546",
            "avg-rating": "",
            "img-url": "https://assets.ajio.com/medias/sys_master/root/20220324/nUps/623b8378f997dd03e228eced/-78Wx98H-464059546-multi-MODEL.jpg",
            "price": 8900,
            "was-price": 8900,
            "name": "Abstract Long Shirt",
            "url": "/linen-bloom-abstract-long-shirt/p/464059546_multi",
            "offer-price": 7900,
            "rating-count": 0,
            "cat1": "Women",
            "cat2": "Western Wear",
            "cat3": "Shirts",
            "brand": "linen-bloom"
        },
        {
            "product-id": "463987608",
            "avg-rating": "",
            "img-url": "https://assets.ajio.com/medias/sys_master/root/20220428/UuaB/626a87f2aeb26921af48f12c/-78Wx98H-463987608-green-MODEL.jpg",
            "price": 11299,
            "was-price": 11299,
            "name": "Beaded Sling Clutch",
            "url": "/doux-amour-beaded-sling-clutch/p/463987608_green",
            "offer-price": 10299,
            "rating-count": 0,
            "cat1": "Women",
            "cat2": "Bags, Belts & Wallets",
            "cat3": "Clutches & Wristlets",
            "brand": "doux-amour"
        },
        {
            "product-id": "410311443",
            "avg-rating": "",
            "img-url": "https://assets.ajio.com/medias/sys_master/root/20220323/aa1Z/623a16a8aeb26921afeb0697/-78Wx98H-410311443-002-MODEL.jpg",
            "price": 10000,
            "was-price": 10000,
            "name": "NBA Crew-Neck T-Shirt with Dual Branding",
            "url": "/boss-nba-crew-neck-t-shirt-with-dual-branding/p/410311443_002",
            "offer-price": 4500,
            "rating-count": 0,
            "cat1": "Men",
            "cat2": "Western Wear",
            "cat3": "Tshirts",
            "brand": "boss"
        },
        {
            "product-id": "463987283",
            "avg-rating": "",
            "img-url": "https://assets.ajio.com/medias/sys_master/root/20220428/XxiI/626a8808f997dd03e2877ab9/-78Wx98H-463987283-gold-MODEL.jpg",
            "price": 182990,
            "was-price": 182990,
            "name": "Sawaru Diffuser Floor Lamp",
            "url": "/flos-sawaru-diffuser-floor-lamp/p/463987283_gold",
            "offer-price": 181990,
            "rating-count": 0,
            "cat1": "Home & Kitchen",
            "cat2": "Decor & Gifting",
            "cat3": "Festive Gifts",
            "brand": "flos"
        },
        {
            "product-id": "464059550",
            "avg-rating": "",
            "img-url": "https://assets.ajio.com/medias/sys_master/root/20220324/3RkN/623b8365f997dd03e228ea14/-78Wx98H-464059550-multi-MODEL.jpg",
            "price": 8900,
            "was-price": 8900,
            "name": "Abstract Long Shirt",
            "url": "/linen-bloom-abstract-long-shirt/p/464059550_multi",
            "offer-price": 7900,
            "rating-count": 0,
            "cat1": "Women",
            "cat2": "Western Wear",
            "cat3": "Shirts",
            "brand": "linen-bloom"
        },
        {
            "product-id": "410277273",
            "avg-rating": "",
            "img-url": "https://assets.ajio.com/medias/sys_master/root/20220323/8aPn/623a1f3bf997dd03e2264f27/-78Wx98H-410277273-232-MODEL.jpg",
            "price": 10794,
            "was-price": 17990,
            "name": "Tonal Logo Print Polo T-Shirt with Patch Pocket",
            "url": "/paul-shark-tonal-logo-print-polo-t-shirt-with-patch-pocket/p/410277273_232",
            "offer-price": 9714.6,
            "rating-count": 0,
            "cat1": "Men",
            "cat2": "Western Wear",
            "cat3": "Tshirts",
            "brand": "paul-shark"
        },
        {
            "product-id": "410311422",
            "avg-rating": "",
            "img-url": "https://assets.ajio.com/medias/sys_master/root/20220323/nxRo/623a1ea4f997dd03e2264b01/-78Wx98H-410311422-961-MODEL.jpg",
            "price": 4000,
            "was-price": 4000,
            "name": "Pack of 3 Brand Print Mid Calf-Length Socks",
            "url": "/boss-pack-of-3-brand-print-mid-calf-length-socks/p/410311422_961",
            "offer-price": 1948.37,
            "rating-count": 0,
            "cat1": "Men",
            "cat2": "Clothing Accessories",
            "cat3": "Socks",
            "brand": "boss"
        },
        {
            "product-id": "410277273",
            "avg-rating": "",
            "img-url": "https://assets.ajio.com/medias/sys_master/root/20220323/7iCP/623a22d4f997dd03e2265eee/-78Wx98H-410277273-13-MODEL.jpg",
            "price": 10794,
            "was-price": 17990,
            "name": "Tonal Logo Print Polo T-Shirt with Patch Pocket",
            "url": "/paul-shark-tonal-logo-print-polo-t-shirt-with-patch-pocket/p/410277273_13",
            "offer-price": 9714.6,
            "rating-count": 0,
            "cat1": "Men",
            "cat2": "Western Wear",
            "cat3": "Tshirts",
            "brand": "paul-shark"
        },
        {
            "product-id": "410311460",
            "avg-rating": "",
            "img-url": "https://assets.ajio.com/medias/sys_master/root/20220323/a2se/623a22e6aeb26921afeb350b/-78Wx98H-410311460-691-MODEL.jpg",
            "price": 10000,
            "was-price": 10000,
            "name": "Geometric Pattern Silk Jaquard Tie",
            "url": "/boss-geometric-pattern-silk-jaquard-tie/p/410311460_691",
            "offer-price": 5500,
            "rating-count": 0,
            "cat1": "Men",
            "cat2": "Clothing Accessories",
            "cat3": "Ties",
            "brand": "boss"
        },
        {
            "product-id": "464058336",
            "avg-rating": "",
            "img-url": "https://assets.ajio.com/medias/sys_master/root/20220323/wASs/623b059baeb26921afecfb48/-78Wx98H-464058336-pink-MODEL.jpg",
            "price": 9500,
            "was-price": 9500,
            "name": "Gulab Print Slip-On Silk Blouse with Raglan Sleeves",
            "url": "/anavila-gulab-print-slip-on-silk-blouse-with-raglan-sleeves/p/464058336_pink",
            "offer-price": 8550,
            "rating-count": 0,
            "cat1": "Women",
            "cat2": "Ethnic Wear",
            "cat3": "Blouses",
            "brand": "anavila"
        },
        {
            "product-id": "464059230",
            "avg-rating": "",
            "img-url": "https://assets.ajio.com/medias/sys_master/root/20220711/h4Ul/62cbc919f997dd03e2c820fa/-78Wx98H-464059230-yellow-MODEL.jpg",
            "price": 33040,
            "was-price": 33040,
            "name": "Abstract Pattern Pendant Light",
            "url": "/shailesh-rajput-studio-abstract-pattern-pendant-light/p/464059230_yellow",
            "offer-price": 32040,
            "rating-count": 0,
            "cat1": "Home & Kitchen",
            "cat2": "Decor & Gifting",
            "cat3": "Wall & Table Decor",
            "brand": "shailesh-rajput-studio"
        },
        {
            "product-id": "464057530",
            "avg-rating": "",
            "img-url": "https://assets.ajio.com/medias/sys_master/root/20220411/zLmP/62540757f997dd03e2548f0c/-78Wx98H-464057530-green-MODEL.jpg",
            "price": 13000,
            "was-price": 13000,
            "name": "Handcrafted Malachite Gemstone Photo Frame",
            "url": "/bespoke-home-jewels-handcrafted-malachite-gemstone-photo-frame/p/464057530_green",
            "offer-price": 12000,
            "rating-count": 0,
            "cat1": "Home & Kitchen",
            "cat2": "Decor & Gifting",
            "cat3": "Wall & Table Decor",
            "brand": "bespoke-home-jewels"
        },
        {
            "product-id": "410234498",
            "avg-rating": "",
            "img-url": "https://assets.ajio.com/medias/sys_master/root/20210420/PEfH/607ef58cf997dd7b64b83a2b/-78Wx98H-410234498-blu20-MODEL.jpg",
            "price": 49995,
            "was-price": 49995,
            "name": "Printed Saree with Bead Embellishments",
            "url": "/satya-paul-printed-saree-with-bead-embellishments/p/410234498_blu20",
            "offer-price": 21498,
            "rating-count": 0,
            "cat1": "Women",
            "cat2": "Ethnic Wear",
            "cat3": "Sarees",
            "brand": "satya-paul"
        },
        {
            "product-id": "410311513",
            "avg-rating": "",
            "img-url": "https://assets.ajio.com/medias/sys_master/root/20220323/xoqc/623a180faeb26921afeb0b2b/-78Wx98H-410311513-041-MODEL.jpg",
            "price": 8000,
            "was-price": 8000,
            "name": "Cotton Crew-Neck T-Shirt with Logo Artwork",
            "url": "/boss-cotton-crew-neck-t-shirt-with-logo-artwork/p/410311513_041",
            "offer-price": 4200,
            "rating-count": 0,
            "cat1": "Men",
            "cat2": "Western Wear",
            "cat3": "Tshirts",
            "brand": "boss"
        },
        {
            "product-id": "464047178",
            "avg-rating": "",
            "img-url": "https://assets.ajio.com/medias/sys_master/root/20220330/GcEL/6243f566aeb26921afffbee3/-78Wx98H-464047178-multi-MODEL.jpg",
            "price": 4999,
            "was-price": 4999,
            "name": "Set of 3 Flora Fountain Canvas Wall Arts ",
            "url": "/kalakaari-haath-set-of-3-flora-fountain-canvas-wall-arts/p/464047178_multi",
            "offer-price": 3999,
            "rating-count": 0,
            "cat1": "Home & Kitchen",
            "cat2": "Decor & Gifting",
            "cat3": "Wall & Table Decor",
            "brand": "kalakaari-haath"
        },
        {
            "product-id": "464057542",
            "avg-rating": "",
            "img-url": "https://assets.ajio.com/medias/sys_master/root/20220323/ngHM/623b050af997dd03e22811c7/-78Wx98H-464057542-multi-MODEL.jpg",
            "price": 4999,
            "was-price": 4999,
            "name": "Pack of 3 Gateway of India Wall Arts",
            "url": "/kalakaari-haath-pack-of-3-gateway-of-india-wall-arts/p/464057542_multi",
            "offer-price": 3999,
            "rating-count": 0,
            "cat1": "Home & Kitchen",
            "cat2": "Decor & Gifting",
            "cat3": "Wall & Table Decor",
            "brand": "kalakaari-haath"
        },
        {
            "product-id": "410295506",
            "avg-rating": "",
            "img-url": "https://assets.ajio.com/medias/sys_master/root/20220323/hojI/623a1ccfaeb26921afeb1b52/-78Wx98H-410295506-100-MODEL.jpg",
            "price": 3990,
            "was-price": 3990,
            "name": "Striped Mid-Calf Length Socks",
            "url": "/paul-shark-striped-mid-calf-length-socks/p/410295506_100",
            "offer-price": 2154.6,
            "rating-count": 0,
            "cat1": "Men",
            "cat2": "Clothing Accessories",
            "cat3": "Socks",
            "brand": "paul-shark"
        },
        {
            "product-id": "410311422",
            "avg-rating": "",
            "img-url": "https://assets.ajio.com/medias/sys_master/root/20220323/PDDC/623a2457aeb26921afeb3a7a/-78Wx98H-410311422-100-MODEL.jpg",
            "price": 4000,
            "was-price": 4000,
            "name": "Pack of 3 Brand Print Mid Calf-Length Socks",
            "url": "/boss-pack-of-3-brand-print-mid-calf-length-socks/p/410311422_100",
            "offer-price": 1948.37,
            "rating-count": 0,
            "cat1": "Men",
            "cat2": "Clothing Accessories",
            "cat3": "Socks",
            "brand": "boss"
        },
        {
            "product-id": "410231552",
            "avg-rating": "",
            "img-url": "https://assets.ajio.com/medias/sys_master/root/20220323/DU3y/623a1e29f997dd03e22648fd/-78Wx98H-410231552-49-MODEL.jpg",
            "price": 9990,
            "was-price": 9990,
            "name": "Crew-Neck T-shirt with Logo Applique",
            "url": "/paul-shark-crew-neck-t-shirt-with-logo-applique/p/410231552_49",
            "offer-price": 5394.6,
            "rating-count": 0,
            "cat1": "Men",
            "cat2": "Night & Lounge Wear",
            "cat3": "Tshirts",
            "brand": "paul-shark"
        },
        {
            "product-id": "410311402",
            "avg-rating": "",
            "img-url": "https://assets.ajio.com/medias/sys_master/root/20220621/ECpM/62b1ae24f997dd03e292d3de/-78Wx98H-410311402-424-MODEL.jpg",
            "price": 3000,
            "was-price": 3000,
            "name": "Pack of 2 Mid-Calf Length Socks",
            "url": "/boss-pack-of-2-mid-calf-length-socks/p/410311402_424",
            "offer-price": 1460.05,
            "rating-count": 0,
            "cat1": "Men",
            "cat2": "Clothing Accessories",
            "cat3": "Socks",
            "brand": "boss"
        },
        {
            "product-id": "410231552",
            "avg-rating": "",
            "img-url": "https://assets.ajio.com/medias/sys_master/root/20220323/gF1o/623a2541f997dd03e2266b0d/-78Wx98H-410231552-577-MODEL.jpg",
            "price": 9990,
            "was-price": 9990,
            "name": "Crew-Neck T-shirt with Logo Applique",
            "url": "/paul-shark-crew-neck-t-shirt-with-logo-applique/p/410231552_577",
            "offer-price": 5394.6,
            "rating-count": 0,
            "cat1": "Men",
            "cat2": "Night & Lounge Wear",
            "cat3": "Tshirts",
            "brand": "paul-shark"
        },
        {
            "product-id": "464057534",
            "avg-rating": "",
            "img-url": "https://assets.ajio.com/medias/sys_master/root/20220411/W892/62540751aeb26921af17ab15/-78Wx98H-464057534-pink-MODEL.jpg",
            "price": 8000,
            "was-price": 8000,
            "name": "Handcrafted Quartz Gemstone Photo Frame",
            "url": "/bespoke-home-jewels-handcrafted-quartz-gemstone-photo-frame/p/464057534_pink",
            "offer-price": 7000,
            "rating-count": 0,
            "cat1": "Home & Kitchen",
            "cat2": "Decor & Gifting",
            "cat3": "Wall & Table Decor",
            "brand": "bespoke-home-jewels"
        },
        {
            "product-id": "410178122",
            "avg-rating": "",
            "img-url": "https://assets.ajio.com/medias/sys_master/root/20210419/vYx9/607d9d79aeb269a9e393eec6/-78Wx98H-410178122-blu00-MODEL.jpg",
            "price": 718,
            "was-price": 1595,
            "name": "Textured Silk Pocket Square",
            "url": "/satya-paul-textured-silk-pocket-square/p/410178122_blu00",
            "offer-price": 536.69,
            "rating-count": 0,
            "cat1": "Men",
            "cat2": "Clothing Accessories",
            "cat3": "Ties",
            "brand": "satya-paul"
        },
        {
            "product-id": "464058335",
            "avg-rating": "",
            "img-url": "https://assets.ajio.com/medias/sys_master/root/20220323/g8CD/623b05f3f997dd03e22829d8/-78Wx98H-464058335-white-MODEL.jpg",
            "price": 8500,
            "was-price": 8500,
            "name": "Kaner Print Slip-On Hilkari Blouse",
            "url": "/anavila-kaner-print-slip-on-hilkari-blouse/p/464058335_white",
            "offer-price": 7650,
            "rating-count": 0,
            "cat1": "Women",
            "cat2": "Ethnic Wear",
            "cat3": "Blouses",
            "brand": "anavila"
        },
        {
            "product-id": "410231552",
            "avg-rating": "",
            "img-url": "https://assets.ajio.com/medias/sys_master/root/20220323/ZZFa/623a184baeb26921afeb0c65/-78Wx98H-410231552-11-MODEL.jpg",
            "price": 9990,
            "was-price": 9990,
            "name": "Crew-Neck T-shirt with Logo Applique",
            "url": "/paul-shark-crew-neck-t-shirt-with-logo-applique/p/410231552_11",
            "offer-price": 5394.6,
            "rating-count": 0,
            "cat1": "Men",
            "cat2": "Night & Lounge Wear",
            "cat3": "Tshirts",
            "brand": "paul-shark"
        },
        {
            "product-id": "410311444",
            "avg-rating": "",
            "img-url": "https://assets.ajio.com/medias/sys_master/root/20220323/EtGp/623a202df997dd03e226527d/-78Wx98H-410311444-003-MODEL.jpg",
            "price": 16000,
            "was-price": 16000,
            "name": "Logo Print Shorts with Drawstring Waist",
            "url": "/boss-logo-print-shorts-with-drawstring-waist/p/410311444_003",
            "offer-price": 7800,
            "rating-count": 0,
            "cat1": "Men",
            "cat2": "Western Wear",
            "cat3": "Shorts & 3/4ths",
            "brand": "boss"
        },
        {
            "product-id": "464058285",
            "avg-rating": "",
            "img-url": "https://assets.ajio.com/medias/sys_master/root/20220323/d0qs/623b05afaeb26921afecfd4f/-78Wx98H-464058285-gold-MODEL.jpg",
            "price": 49900,
            "was-price": 49900,
            "name": "Embroidery Suit Set",
            "url": "/tarun-tahiliani-embroidery-suit-set/p/464058285_gold",
            "offer-price": 48900,
            "rating-count": 0,
            "cat1": "Men",
            "cat2": "Ethnic Wear",
            "cat3": "Ethnic Suit Sets",
            "brand": "tarun-tahiliani"
        }
    ]
}