{
    "trends.ajio": [
        {
            "product-id": "441208647",
            "avg-rating": "",
            "img-url": "https://assets.ajio.com/medias/sys_master/root/20220715/mTTM/62d1a340f997dd03e2d7fe8b/-78Wx98H-441208647-green-MODEL.jpg",
            "price": 2295,
            "was-price": 2295,
            "name": "Button-Down Cardigan with Floral Hemline",
            "url": "/duke-women-s-button-down-cardigan-with-floral-hemline/p/441208647_green",
            "offer-price": 1719.81,
            "rating-count": 0,
            "cat1": "Women",
            "cat2": "Western Wear",
            "cat3": "Sweaters & Cardigans",
            "brand": "duke-women-s"
        },
        {
            "product-id": "441141679",
            "avg-rating": "",
            "img-url": "https://assets.ajio.com/medias/sys_master/root/20220714/g0YK/62d038d6f997dd03e2d48907/-78Wx98H-441141679-darkblue-MODEL.jpg",
            "price": 1299,
            "was-price": 1299,
            "name": "Mid-Rise Skinny Fit Jeans",
            "url": "/dnmx-mid-rise-skinny-fit-jeans/p/441141679_darkblue",
            "offer-price": 389.51,
            "rating-count": 0,
            "cat1": "Women",
            "cat2": "Western Wear",
            "cat3": "Jeans & Jeggings",
            "brand": "dnmx"
        },
        {
            "product-id": "441208647",
            "avg-rating": "",
            "img-url": "https://assets.ajio.com/medias/sys_master/root/20220715/ZTSM/62d193ccaeb26921af7d7c17/-78Wx98H-441208647-ltbrown-MODEL.jpg",
            "price": 2295,
            "was-price": 2295,
            "name": "Button-Down Cardigan with Floral Hemline",
            "url": "/duke-women-s-button-down-cardigan-with-floral-hemline/p/441208647_ltbrown",
            "offer-price": 1719.81,
            "rating-count": 0,
            "cat1": "Women",
            "cat2": "Western Wear",
            "cat3": "Sweaters & Cardigans",
            "brand": "duke-women-s"
        },
        {
            "product-id": "450148867",
            "avg-rating": "",
            "img-url": "https://assets.ajio.com/medias/sys_master/root/20220701/i6u5/62bdfc5daeb26921af54cf3a/-78Wx98H-450148867-black-MODEL.jpg",
            "price": 846,
            "was-price": 1799,
            "name": "Panelled Slip-On Casual Shoes",
            "url": "/altheory-panelled-slip-on-casual-shoes/p/450148867_black",
            "offer-price": 809.55,
            "rating-count": 0,
            "cat1": "Men",
            "cat2": "Footwear",
            "cat3": "Sneakers",
            "brand": "altheory"
        },
        {
            "product-id": "441294279",
            "avg-rating": "",
            "img-url": "https://assets.ajio.com/medias/sys_master/root/20220713/Nylm/62cee23bf997dd03e2d29e6b/-78Wx98H-441294279-navy-MODEL.jpg",
            "price": 540,
            "was-price": 1799,
            "name": "Checked Shirt with Flap Pockets",
            "url": "/lee-cooper-checked-shirt-with-flap-pockets/p/441294279_navy",
            "offer-price": 539.32,
            "rating-count": 0,
            "cat1": "Men",
            "cat2": "Western Wear",
            "cat3": "Shirts",
            "brand": "lee-cooper"
        },
        {
            "product-id": "450148893",
            "avg-rating": "",
            "img-url": "https://assets.ajio.com/medias/sys_master/root/20220713/0wWj/62cedcb0aeb26921af7854dd/-78Wx98H-450148893-olive-MODEL.jpg",
            "price": 264,
            "was-price": 499,
            "name": "Striped Thong-Strap Flip-Flops",
            "url": "/altheory-striped-thong-strap-flip-flops/p/450148893_olive",
            "offer-price": 197.33,
            "rating-count": 0,
            "cat1": "Men",
            "cat2": "Footwear",
            "cat3": "Flip Flop & Slippers",
            "brand": "altheory"
        },
        {
            "product-id": "441145725",
            "avg-rating": "",
            "img-url": "https://assets.ajio.com/medias/sys_master/root/20220714/MCdk/62d004d8f997dd03e2d40e74/-78Wx98H-441145725-ltgrey-MODEL.jpg",
            "price": 288,
            "was-price": 599,
            "name": "Regular Fit Graphic Print Crew-Neck T-Shirt",
            "url": "/teamspirit-regular-fit-graphic-print-crew-neck-t-shirt/p/441145725_ltgrey",
            "offer-price": 239.6,
            "rating-count": 0,
            "cat1": "Men",
            "cat2": "Western Wear",
            "cat3": "Tshirts",
            "brand": "teamspirit"
        },
        {
            "product-id": "450150183",
            "avg-rating": "",
            "img-url": "https://assets.ajio.com/medias/sys_master/root/20220712/HTj5/62cd8c73aeb26921af75f2d2/-78Wx98H-450150183-ltblue-MODEL.jpg",
            "price": 940,
            "was-price": 1999,
            "name": "Slip-On Penny Loafers",
            "url": "/altheory-slip-on-penny-loafers/p/450150183_ltblue",
            "offer-price": 899.55,
            "rating-count": 0,
            "cat1": "Men",
            "cat2": "Footwear",
            "cat3": "Casual Shoes",
            "brand": "altheory"
        },
        {
            "product-id": "450148853",
            "avg-rating": "",
            "img-url": "https://assets.ajio.com/medias/sys_master/root/20220713/UCAF/62cedd55f997dd03e2d23198/-78Wx98H-450148853-brown-MODEL.jpg",
            "price": 611,
            "was-price": 1299,
            "name": "Panelled Thong-Strap Flip-Flops",
            "url": "/altheory-panelled-thong-strap-flip-flops/p/450148853_brown",
            "offer-price": 584.55,
            "rating-count": 0,
            "cat1": "Men",
            "cat2": "Footwear",
            "cat3": "Flip Flop & Slippers",
            "brand": "altheory"
        },
        {
            "product-id": "450148902",
            "avg-rating": "",
            "img-url": "https://assets.ajio.com/medias/sys_master/root/20230904/uXDs/64f5c1bbafa4cf41f5a0484b/-78Wx98H-450148902-brown-MODEL.jpg",
            "price": 846,
            "was-price": 1799,
            "name": "Leather Thong-Strap Flip-Flops",
            "url": "/altheory-leather-thong-strap-flip-flops/p/450148902_brown",
            "offer-price": 809.55,
            "rating-count": 0,
            "cat1": "Men",
            "cat2": "Footwear",
            "cat3": "Flip Flop & Slippers",
            "brand": "altheory"
        },
        {
            "product-id": "441208652",
            "avg-rating": "",
            "img-url": "https://assets.ajio.com/medias/sys_master/root/20220715/ULBZ/62d181f3f997dd03e2d73eb5/-78Wx98H-441208652-black-MODEL.jpg",
            "price": 2795,
            "was-price": 2795,
            "name": "Floral Knit Button-Down Cardigan",
            "url": "/duke-women-s-floral-knit-button-down-cardigan/p/441208652_black",
            "offer-price": 1046.74,
            "rating-count": 0,
            "cat1": "Women",
            "cat2": "Western Wear",
            "cat3": "Sweaters & Cardigans",
            "brand": "duke-women-s"
        },
        {
            "product-id": "450148902",
            "avg-rating": "",
            "img-url": "https://assets.ajio.com/medias/sys_master/root/20230904/pNUG/64f5c19fddf7791519933945/-78Wx98H-450148902-tan-MODEL.jpg",
            "price": 846,
            "was-price": 1799,
            "name": "Leather Thong-Strap Flip-Flops",
            "url": "/altheory-leather-thong-strap-flip-flops/p/450148902_tan",
            "offer-price": 809.55,
            "rating-count": 0,
            "cat1": "Men",
            "cat2": "Footwear",
            "cat3": "Flip Flop & Slippers",
            "brand": "altheory"
        },
        {
            "product-id": "450148890",
            "avg-rating": "",
            "img-url": "https://assets.ajio.com/medias/sys_master/root/20220701/YVKp/62bdff8faeb26921af54dc12/-78Wx98H-450148890-black-MODEL.jpg",
            "price": 940,
            "was-price": 1999,
            "name": "Reptilian Pattern Lace-Up Casual Shoes",
            "url": "/altheory-reptilian-pattern-lace-up-casual-shoes/p/450148890_black",
            "offer-price": 899.55,
            "rating-count": 0,
            "cat1": "Men",
            "cat2": "Footwear",
            "cat3": "Formal Shoes",
            "brand": "altheory"
        },
        {
            "product-id": "441351422",
            "avg-rating": "",
            "img-url": "https://assets.ajio.com/medias/sys_master/root/20220714/Ghhu/62d03076aeb26921af7a63fa/-78Wx98H-441351422-grey-MODEL.jpg",
            "price": 600,
            "was-price": 1199,
            "name": "Checked Slim Fit Top",
            "url": "/kraus-checked-slim-fit-top/p/441351422_grey",
            "offer-price": 448.48,
            "rating-count": 0,
            "cat1": "Women",
            "cat2": "Western Wear",
            "cat3": "Tops",
            "brand": "kraus"
        },
        {
            "product-id": "441297792",
            "avg-rating": "",
            "img-url": "https://assets.ajio.com/medias/sys_master/root/20220713/MY5D/62cee241aeb26921af78d2ce/-78Wx98H-441297792-grey-MODEL.jpg",
            "price": 720,
            "was-price": 2399,
            "name": "Mid-Wash Slim Fit Jeans",
            "url": "/lee-cooper-mid-wash-slim-fit-jeans/p/441297792_grey",
            "offer-price": 719.1,
            "rating-count": 0,
            "cat1": "Men",
            "cat2": "Western Wear",
            "cat3": "Jeans",
            "brand": "lee-cooper"
        },
        {
            "product-id": "441298741",
            "avg-rating": "",
            "img-url": "https://assets.ajio.com/medias/sys_master/root/20220714/P68D/62d003e0f997dd03e2d407d2/-78Wx98H-441298741-multi-MODEL.jpg",
            "price": 1599,
            "was-price": 1599,
            "name": "Graphic Print Slim Fit Shirt",
            "url": "/lee-cooper-graphic-print-slim-fit-shirt/p/441298741_multi",
            "offer-price": 479.4,
            "rating-count": 0,
            "cat1": "Men",
            "cat2": "Western Wear",
            "cat3": "Shirts",
            "brand": "lee-cooper"
        },
        {
            "product-id": "441138440",
            "avg-rating": "",
            "img-url": "https://assets.ajio.com/medias/sys_master/root/20220713/yjNY/62cee2b7f997dd03e2d2a522/-78Wx98H-441138440-darkgreen-MODEL.jpg",
            "price": 600,
            "was-price": 1999,
            "name": "Slim Fit Flat-Front Trousers",
            "url": "/john-players-slim-fit-flat-front-trousers/p/441138440_darkgreen",
            "offer-price": 599.25,
            "rating-count": 0,
            "cat1": "Men",
            "cat2": "Western Wear",
            "cat3": "Trousers & Pants",
            "brand": "john-players"
        },
        {
            "product-id": "441351426",
            "avg-rating": "",
            "img-url": "https://assets.ajio.com/medias/sys_master/root/20220714/bc5a/62d04426f997dd03e2d4cf40/-78Wx98H-441351426-babypink-MODEL.jpg",
            "price": 600,
            "was-price": 1199,
            "name": "Polka-Dot Print Slim Fit Top",
            "url": "/kraus-polka-dot-print-slim-fit-top/p/441351426_babypink",
            "offer-price": 448.48,
            "rating-count": 0,
            "cat1": "Women",
            "cat2": "Western Wear",
            "cat3": "Tops",
            "brand": "kraus"
        },
        {
            "product-id": "441208611",
            "avg-rating": "",
            "img-url": "https://assets.ajio.com/medias/sys_master/root/20220718/J5kJ/62d50ddfaeb26921af7ff150/-78Wx98H-441208611-darknavy-MODEL.jpg",
            "price": 3095,
            "was-price": 3095,
            "name": "Geometric Pattern Pullover with Insert Pockets",
            "url": "/duke-women-s-geometric-pattern-pullover-with-insert-pockets/p/441208611_darknavy",
            "offer-price": 1159.06,
            "rating-count": 0,
            "cat1": "Women",
            "cat2": "Western Wear",
            "cat3": "Sweaters & Cardigans",
            "brand": "duke-women-s"
        },
        {
            "product-id": "441130186",
            "avg-rating": "",
            "img-url": "https://assets.ajio.com/medias/sys_master/root/20220714/T7kg/62d0315bf997dd03e2d45cd0/-78Wx98H-441130186-ltgrey-MODEL.jpg",
            "price": 1499,
            "was-price": 1499,
            "name": "Flat-Front Trousers with Insert Pockets",
            "url": "/netplay-flat-front-trousers-with-insert-pockets/p/441130186_ltgrey",
            "offer-price": 449.44,
            "rating-count": 0,
            "cat1": "Men",
            "cat2": "Western Wear",
            "cat3": "Trousers & Pants",
            "brand": "netplay"
        },
        {
            "product-id": "441208591",
            "avg-rating": "",
            "img-url": "https://assets.ajio.com/medias/sys_master/root/20220715/WwBf/62d1943aaeb26921af7d7d66/-78Wx98H-441208591-ltolive-MODEL.jpg",
            "price": 3445,
            "was-price": 3445,
            "name": "Checked Button-Down Cardigan with Insert Pockets",
            "url": "/duke-women-s-checked-button-down-cardigan-with-insert-pockets/p/441208591_ltolive",
            "offer-price": 2581.59,
            "rating-count": 0,
            "cat1": "Women",
            "cat2": "Western Wear",
            "cat3": "Sweaters & Cardigans",
            "brand": "duke-women-s"
        },
        {
            "product-id": "441138899",
            "avg-rating": "",
            "img-url": "https://assets.ajio.com/medias/sys_master/root/20220714/Zhtf/62d02b4caeb26921af7a46c4/-78Wx98H-441138899-red-MODEL.jpg",
            "price": 1299,
            "was-price": 1299,
            "name": "Slim Fit Polo T-shirt",
            "url": "/john-players-jeans-slim-fit-polo-t-shirt/p/441138899_red",
            "offer-price": 389.51,
            "rating-count": 0,
            "cat1": "Men",
            "cat2": "Western Wear",
            "cat3": "Tshirts",
            "brand": "john-players-jeans"
        },
        {
            "product-id": "441208592",
            "avg-rating": "",
            "img-url": "https://assets.ajio.com/medias/sys_master/root/20220715/ePUG/62d1a600aeb26921af7dd814/-78Wx98H-441208592-peach-MODEL.jpg",
            "price": 2695,
            "was-price": 2695,
            "name": "High-Neck Pullover with Ribbed Hem",
            "url": "/duke-women-s-high-neck-pullover-with-ribbed-hem/p/441208592_peach",
            "offer-price": 1009.31,
            "rating-count": 0,
            "cat1": "Women",
            "cat2": "Western Wear",
            "cat3": "Sweaters & Cardigans",
            "brand": "duke-women-s"
        },
        {
            "product-id": "441294979",
            "avg-rating": "",
            "img-url": "https://assets.ajio.com/medias/sys_master/root/20220714/sbem/62d031cff997dd03e2d45f89/-78Wx98H-441294979-white-MODEL.jpg",
            "price": 690,
            "was-price": 2299,
            "name": "Tie & Dye Hooded Shift Dress",
            "url": "/lee-cooper-tie-dye-hooded-shift-dress/p/441294979_white",
            "offer-price": 689.14,
            "rating-count": 0,
            "cat1": "Women",
            "cat2": "Western Wear",
            "cat3": "Dresses",
            "brand": "lee-cooper"
        },
        {
            "product-id": "441208569",
            "avg-rating": "",
            "img-url": "https://assets.ajio.com/medias/sys_master/root/20220716/vflU/62d1bbcef997dd03e2d880cd/-78Wx98H-441208569-black-MODEL.jpg",
            "price": 848,
            "was-price": 1695,
            "name": "Striped Round-Neck Sweater",
            "url": "/duke-women-s-striped-round-neck-sweater/p/441208569_black",
            "offer-price": 633.86,
            "rating-count": 0,
            "cat1": "Women",
            "cat2": "Western Wear",
            "cat3": "Sweaters & Cardigans",
            "brand": "duke-women-s"
        },
        {
            "product-id": "450149965",
            "avg-rating": "",
            "img-url": "https://assets.ajio.com/medias/sys_master/root/20220712/ZEYL/62cd876faeb26921af757806/-78Wx98H-450149965-white-MODEL.jpg",
            "price": 1999,
            "was-price": 1999,
            "name": "Low-Top Lace-Up Shoes",
            "url": "/altheory-low-top-lace-up-shoes/p/450149965_white",
            "offer-price": 1002.57,
            "rating-count": 0,
            "cat1": "Men",
            "cat2": "Footwear",
            "cat3": "Casual Shoes",
            "brand": "altheory"
        },
        {
            "product-id": "441208633",
            "avg-rating": "",
            "img-url": "https://assets.ajio.com/medias/sys_master/root/20220715/83Lh/62d19538f997dd03e2d7abd9/-78Wx98H-441208633-wine-MODEL.jpg",
            "price": 2445,
            "was-price": 2445,
            "name": "Geometric Knit Cardigan with Buttoned Collar",
            "url": "/duke-women-s-geometric-knit-cardigan-with-buttoned-collar/p/441208633_wine",
            "offer-price": 1832.22,
            "rating-count": 0,
            "cat1": "Women",
            "cat2": "Western Wear",
            "cat3": "Sweaters & Cardigans",
            "brand": "duke-women-s"
        },
        {
            "product-id": "441208659",
            "avg-rating": "",
            "img-url": "https://assets.ajio.com/medias/sys_master/root/20220715/yFiX/62d1a15df997dd03e2d7f22c/-78Wx98H-441208659-black-MODEL.jpg",
            "price": 3595,
            "was-price": 3595,
            "name": "Checked Button-Down Cardigan with Insert Pockets",
            "url": "/duke-women-s-checked-button-down-cardigan-with-insert-pockets/p/441208659_black",
            "offer-price": 2694,
            "rating-count": 0,
            "cat1": "Women",
            "cat2": "Western Wear",
            "cat3": "Sweaters & Cardigans",
            "brand": "duke-women-s"
        },
        {
            "product-id": "441135183",
            "avg-rating": "",
            "img-url": "https://assets.ajio.com/medias/sys_master/root/20220714/9vCu/62d0342eaeb26921af7a7639/-78Wx98H-441135183-darkblue-MODEL.jpg",
            "price": 1699,
            "was-price": 1699,
            "name": "Men Mid-Wash Skinny Fit Jeans",
            "url": "/dnmx-men-mid-wash-skinny-fit-jeans/p/441135183_darkblue",
            "offer-price": 509.36,
            "rating-count": 0,
            "cat1": "Men",
            "cat2": "Western Wear",
            "cat3": "Jeans",
            "brand": "dnmx"
        },
        {
            "product-id": "441208567",
            "avg-rating": "",
            "img-url": "https://assets.ajio.com/medias/sys_master/root/20220715/XSgQ/62d19f0baeb26921af7db640/-78Wx98H-441208567-darkgrey-MODEL.jpg",
            "price": 2295,
            "was-price": 2295,
            "name": "Embellished High-Neck Sweater",
            "url": "/duke-women-s-embellished-high-neck-sweater/p/441208567_darkgrey",
            "offer-price": 1719.81,
            "rating-count": 0,
            "cat1": "Women",
            "cat2": "Western Wear",
            "cat3": "Sweaters & Cardigans",
            "brand": "duke-women-s"
        },
        {
            "product-id": "441208612",
            "avg-rating": "",
            "img-url": "https://assets.ajio.com/medias/sys_master/root/20220715/yxGB/62d19e12aeb26921af7db2b7/-78Wx98H-441208612-pink-MODEL.jpg",
            "price": 2295,
            "was-price": 2295,
            "name": "Geometric Pattern Round-Neck Pullover",
            "url": "/duke-women-s-geometric-pattern-round-neck-pullover/p/441208612_pink",
            "offer-price": 1719.81,
            "rating-count": 0,
            "cat1": "Women",
            "cat2": "Western Wear",
            "cat3": "Sweaters & Cardigans",
            "brand": "duke-women-s"
        },
        {
            "product-id": "441208580",
            "avg-rating": "",
            "img-url": "https://assets.ajio.com/medias/sys_master/root/20220716/7J5U/62d1c226f997dd03e2d89d0f/-78Wx98H-441208580-darkgrey-MODEL.jpg",
            "price": 1895,
            "was-price": 1895,
            "name": "High-Neck Sweater with Ribbed Hem",
            "url": "/duke-women-s-high-neck-sweater-with-ribbed-hem/p/441208580_darkgrey",
            "offer-price": 1418.87,
            "rating-count": 0,
            "cat1": "Women",
            "cat2": "Western Wear",
            "cat3": "Sweaters & Cardigans",
            "brand": "duke-women-s"
        },
        {
            "product-id": "441208580",
            "avg-rating": "",
            "img-url": "https://assets.ajio.com/medias/sys_master/root/20220716/ruJi/62d1bd45aeb26921af7e3c75/-78Wx98H-441208580-peach-MODEL.jpg",
            "price": 1895,
            "was-price": 1895,
            "name": "High-Neck Sweater with Ribbed Hem",
            "url": "/duke-women-s-high-neck-sweater-with-ribbed-hem/p/441208580_peach",
            "offer-price": 1418.87,
            "rating-count": 0,
            "cat1": "Women",
            "cat2": "Western Wear",
            "cat3": "Sweaters & Cardigans",
            "brand": "duke-women-s"
        },
        {
            "product-id": "441339135",
            "avg-rating": "",
            "img-url": "https://assets.ajio.com/medias/sys_master/root/20220714/k95q/62d005cff997dd03e2d4161a/-78Wx98H-441339135-white-MODEL.jpg",
            "price": 300,
            "was-price": 999,
            "name": "Printed Crew-Neck T-shirt",
            "url": "/lee-cooper-printed-crew-neck-t-shirt/p/441339135_white",
            "offer-price": 299.62,
            "rating-count": 0,
            "cat1": "Women",
            "cat2": "Western Wear",
            "cat3": "Tshirts",
            "brand": "lee-cooper"
        },
        {
            "product-id": "441297195",
            "avg-rating": "",
            "img-url": "https://assets.ajio.com/medias/sys_master/root/20240314/Rxe3/65f3272505ac7d77bbb84840/-78Wx98H-441297195-ltgreen-MODEL.jpg",
            "price": 450,
            "was-price": 1799,
            "name": "Daisy Halter-Neck A-line Dress",
            "url": "/iscenery-by-vero-moda-daisy-halter-neck-a-line-dress/p/441297195_ltgreen",
            "offer-price": 233.87,
            "rating-count": 0,
            "cat1": "Women",
            "cat2": "Western Wear",
            "cat3": "Dresses",
            "brand": "iscenery-by-vero-moda"
        },
        {
            "product-id": "441297209",
            "avg-rating": "",
            "img-url": "https://assets.ajio.com/medias/sys_master/root/20220407/0ND9/624ed955f997dd03e24ce9ea/-78Wx98H-441297209-royal-MODEL.jpg",
            "price": 1999,
            "was-price": 1999,
            "name": "Savannah Floral Print Fit & Flare Dress",
            "url": "/iscenery-by-vero-moda-savannah-floral-print-fit-flare-dress/p/441297209_royal",
            "offer-price": 373.74,
            "rating-count": 0,
            "cat1": "Women",
            "cat2": "Western Wear",
            "cat3": "Dresses",
            "brand": "iscenery-by-vero-moda"
        },
        {
            "product-id": "441297333",
            "avg-rating": "",
            "img-url": "https://assets.ajio.com/medias/sys_master/root/20240309/4Z8l/65ec486705ac7d77bba404e0/-78Wx98H-441297333-lavender-MODEL.jpg",
            "price": 425,
            "was-price": 1699,
            "name": "High-Rise Culottes with Elasticated Drawstring Waist",
            "url": "/iscenery-by-vero-moda-high-rise-culottes-with-elasticated-drawstring-waist/p/441297333_lavender",
            "offer-price": 220.87,
            "rating-count": 0,
            "cat1": "Women",
            "cat2": "Western Wear",
            "cat3": "Trousers & Pants",
            "brand": "iscenery-by-vero-moda"
        },
        {
            "product-id": "441308927",
            "avg-rating": "",
            "img-url": "https://assets.ajio.com/medias/sys_master/root/20220407/kjAv/624df529aeb26921af0fc664/-78Wx98H-441308927-darkblue-MODEL.jpg",
            "price": 1799,
            "was-price": 1799,
            "name": "High-Rise Mid-Wash Boyfriend Fit Jeans",
            "url": "/jdy-by-only-high-rise-mid-wash-boyfriend-fit-jeans/p/441308927_darkblue",
            "offer-price": 336.36,
            "rating-count": 0,
            "cat1": "Women",
            "cat2": "Western Wear",
            "cat3": "Jeans & Jeggings",
            "brand": "jdy-by-only"
        },
        {
            "product-id": "450147823",
            "avg-rating": "",
            "img-url": "https://assets.ajio.com/medias/sys_master/root/20220408/CbOe/624f3d59aeb26921af117917/-78Wx98H-450147823-champgold-MODEL.jpg",
            "price": 599,
            "was-price": 799,
            "name": "Laser-Cut Thong-Strap Wedges",
            "url": "/hi-attitude-laser-cut-thong-strap-wedges/p/450147823_champgold",
            "offer-price": 447.74,
            "rating-count": 0,
            "cat1": "Women",
            "cat2": "Footwear",
            "cat3": "Heeled Sandals",
            "brand": "hi-attitude"
        },
        {
            "product-id": "450147157",
            "avg-rating": "",
            "img-url": "https://assets.ajio.com/medias/sys_master/root/20220408/n3Y3/624f4af9aeb26921af11b65e/-78Wx98H-450147157-blue-MODEL.jpg",
            "price": 720,
            "was-price": 1799,
            "name": "Low-Top Lace-Up Shoes with Perforations",
            "url": "/cristofano-low-top-lace-up-shoes-with-perforations/p/450147157_blue",
            "offer-price": 719,
            "rating-count": 0,
            "cat1": "Men",
            "cat2": "Footwear",
            "cat3": "Casual Shoes",
            "brand": "cristofano"
        },
        {
            "product-id": "450147157",
            "avg-rating": "",
            "img-url": "https://assets.ajio.com/medias/sys_master/root/20220414/caN7/625723d0aeb26921af1e4a48/-78Wx98H-450147157-grey-MODEL.jpg",
            "price": 720,
            "was-price": 1799,
            "name": "Low-Top Lace-Up Shoes with Perforations",
            "url": "/cristofano-low-top-lace-up-shoes-with-perforations/p/450147157_grey",
            "offer-price": 719,
            "rating-count": 0,
            "cat1": "Men",
            "cat2": "Footwear",
            "cat3": "Casual Shoes",
            "brand": "cristofano"
        },
        {
            "product-id": "450147841",
            "avg-rating": "",
            "img-url": "https://assets.ajio.com/medias/sys_master/root/20220408/GMrx/624f38b5f997dd03e24dfa69/-78Wx98H-450147841-beige-MODEL.jpg",
            "price": 280,
            "was-price": 699,
            "name": "Strappy Slip-On Sandals with Buckle Accent",
            "url": "/hi-attitude-strappy-slip-on-sandals-with-buckle-accent/p/450147841_beige",
            "offer-price": 279.44,
            "rating-count": 0,
            "cat1": "Women",
            "cat2": "Footwear",
            "cat3": "Flat Sandals",
            "brand": "hi-attitude"
        },
        {
            "product-id": "450147657",
            "avg-rating": "",
            "img-url": "https://assets.ajio.com/medias/sys_master/root/20220408/7YQq/624f4e31aeb26921af11d956/-78Wx98H-450147657-nude-MODEL.jpg",
            "price": 240,
            "was-price": 599,
            "name": "Ballerinas with Bow Accent",
            "url": "/hi-attitude-ballerinas-with-bow-accent/p/450147657_nude",
            "offer-price": 239.52,
            "rating-count": 0,
            "cat1": "Women",
            "cat2": "Footwear",
            "cat3": "Flat Shoes",
            "brand": "hi-attitude"
        },
        {
            "product-id": "441135726",
            "avg-rating": "",
            "img-url": "https://assets.ajio.com/medias/sys_master/root/20220408/LbiL/624f32d4aeb26921af11504f/-78Wx98H-441135726-navy-MODEL.jpg",
            "price": 3299,
            "was-price": 3299,
            "name": "Knitted Slim Fit Single-Breasted Blazer",
            "url": "/netplay-knitted-slim-fit-single-breasted-blazer/p/441135726_navy",
            "offer-price": 989,
            "rating-count": 0,
            "cat1": "Men",
            "cat2": "Western Wear",
            "cat3": "Blazers & Waistcoats",
            "brand": "netplay"
        },
        {
            "product-id": "450146431",
            "avg-rating": "",
            "img-url": "https://assets.ajio.com/medias/sys_master/root/20220408/xbC0/624f479faeb26921af119f6f/-78Wx98H-450146431-tan-MODEL.jpg",
            "price": 1124,
            "was-price": 1499,
            "name": "Basket-Weave Slip-On Formal Shoes",
            "url": "/schumann-basket-weave-slip-on-formal-shoes/p/450146431_tan",
            "offer-price": 841.59,
            "rating-count": 0,
            "cat1": "Men",
            "cat2": "Footwear",
            "cat3": "Formal Shoes",
            "brand": "schumann"
        },
        {
            "product-id": "441297379",
            "avg-rating": "",
            "img-url": "https://assets.ajio.com/medias/sys_master/root/20230630/Wk7p/649ec622eebac147fc4325c1/-78Wx98H-441297379-black-MODEL.jpg",
            "price": 402,
            "was-price": 1149,
            "name": "Round-Neck Top with Lace Accent",
            "url": "/iscenery-by-vero-moda-round-neck-top-with-lace-accent/p/441297379_black",
            "offer-price": 300.48,
            "rating-count": 0,
            "cat1": "Women",
            "cat2": "Western Wear",
            "cat3": "Tops",
            "brand": "iscenery-by-vero-moda"
        },
        {
            "product-id": "441297301",
            "avg-rating": "",
            "img-url": "https://assets.ajio.com/medias/sys_master/root/20220225/lG1h/6217e69faeb26921afb6338b/-78Wx98H-441297301-darknavy-MODEL.jpg",
            "price": 1999,
            "was-price": 1999,
            "name": "Pleat-Front Straight Pants with Waist Tie-Up",
            "url": "/iscenery-by-vero-moda-pleat-front-straight-pants-with-waist-tie-up/p/441297301_darknavy",
            "offer-price": 373.74,
            "rating-count": 0,
            "cat1": "Women",
            "cat2": "Western Wear",
            "cat3": "Trousers & Pants",
            "brand": "iscenery-by-vero-moda"
        },
        {
            "product-id": "441180443",
            "avg-rating": "",
            "img-url": "https://assets.ajio.com/medias/sys_master/root/20220408/b8rk/62505148f997dd03e250385f/-78Wx98H-441180443-grey-MODEL.jpg",
            "price": 300,
            "was-price": 999,
            "name": "Graphic Print Polo T-shirt",
            "url": "/lee-cooper-graphic-print-polo-t-shirt/p/441180443_grey",
            "offer-price": 299.62,
            "rating-count": 0,
            "cat1": "Men",
            "cat2": "Western Wear",
            "cat3": "Tshirts",
            "brand": "lee-cooper"
        },
        {
            "product-id": "441063907",
            "avg-rating": "",
            "img-url": "https://assets.ajio.com/medias/sys_master/root/20220407/a4j1/624de1e9f997dd03e24bea62/-78Wx98H-441063907-yellow-MODEL.jpg",
            "price": 999,
            "was-price": 999,
            "name": "Checked Slim Fit Top",
            "url": "/lee-cooper-checked-slim-fit-top/p/441063907_yellow",
            "offer-price": 299.62,
            "rating-count": 0,
            "cat1": "Women",
            "cat2": "Western Wear",
            "cat3": "Tops",
            "brand": "lee-cooper"
        },
        {
            "product-id": "450147157",
            "avg-rating": "",
            "img-url": "https://assets.ajio.com/medias/sys_master/root/20220408/RDRt/624f4ad3aeb26921af11b30c/-78Wx98H-450147157-maroon-MODEL.jpg",
            "price": 720,
            "was-price": 1799,
            "name": "Low-Top Lace-Up Shoes with Perforations",
            "url": "/cristofano-low-top-lace-up-shoes-with-perforations/p/450147157_maroon",
            "offer-price": 719,
            "rating-count": 0,
            "cat1": "Men",
            "cat2": "Footwear",
            "cat3": "Casual Shoes",
            "brand": "cristofano"
        },
        {
            "product-id": "441257180",
            "avg-rating": "",
            "img-url": "https://assets.ajio.com/medias/sys_master/root/20220407/F4pm/624df0eaaeb26921af0fb63e/-78Wx98H-441257180-indigoblue-MODEL.jpg",
            "price": 780,
            "was-price": 2599,
            "name": "Mid-Wash Skinny Fit Jeans",
            "url": "/lee-cooper-mid-wash-skinny-fit-jeans/p/441257180_indigoblue",
            "offer-price": 779.02,
            "rating-count": 0,
            "cat1": "Men",
            "cat2": "Western Wear",
            "cat3": "Jeans",
            "brand": "lee-cooper"
        },
        {
            "product-id": "450146548",
            "avg-rating": "",
            "img-url": "https://assets.ajio.com/medias/sys_master/root/20220408/y28U/624f441af997dd03e24e2cc1/-78Wx98H-450146548-grey-MODEL.jpg",
            "price": 629,
            "was-price": 899,
            "name": "Men Colourblock Strappy Sandals",
            "url": "/performax-men-colourblock-strappy-sandals/p/450146548_grey",
            "offer-price": 470.16,
            "rating-count": 0,
            "cat1": "Men",
            "cat2": "Footwear",
            "cat3": "Sandals",
            "brand": "performax"
        },
        {
            "product-id": "450147141",
            "avg-rating": "",
            "img-url": "https://assets.ajio.com/medias/sys_master/root/20220408/oyKQ/624f3b6ef997dd03e24e071c/-78Wx98H-450147141-red-MODEL.jpg",
            "price": 1499,
            "was-price": 1999,
            "name": "Colourblock Lace-Up Casual Shoes",
            "url": "/cristofano-colourblock-lace-up-casual-shoes/p/450147141_red",
            "offer-price": 1122.37,
            "rating-count": 0,
            "cat1": "Men",
            "cat2": "Footwear",
            "cat3": "Casual Shoes",
            "brand": "cristofano"
        },
        {
            "product-id": "441297193",
            "avg-rating": "",
            "img-url": "https://assets.ajio.com/medias/sys_master/root/20230620/dYrB/64919726d55b7d0c63786433/-78Wx98H-441297193-black-MODEL.jpg",
            "price": 475,
            "was-price": 1899,
            "name": "Weeby Abstract Print A-line Dress",
            "url": "/iscenery-by-vero-moda-weeby-abstract-print-a-line-dress/p/441297193_black",
            "offer-price": 355.05,
            "rating-count": 0,
            "cat1": "Women",
            "cat2": "Western Wear",
            "cat3": "Dresses",
            "brand": "iscenery-by-vero-moda"
        },
        {
            "product-id": "450148434",
            "avg-rating": "",
            "img-url": "https://assets.ajio.com/medias/sys_master/root/20220408/qlBp/624f4e31f997dd03e24e7f16/-78Wx98H-450148434-navyred-MODEL.jpg",
            "price": 449,
            "was-price": 599,
            "name": "Striped Thong-Strap Flip-Flops",
            "url": "/frisbee-striped-thong-strap-flip-flops/p/450148434_navyred",
            "offer-price": 335.62,
            "rating-count": 0,
            "cat1": "Men",
            "cat2": "Footwear",
            "cat3": "Flip Flop & Slippers",
            "brand": "frisbee"
        },
        {
            "product-id": "450146598",
            "avg-rating": "",
            "img-url": "https://assets.ajio.com/medias/sys_master/root/20220408/rtSu/624f46aeaeb26921af119b76/-78Wx98H-450146598-grey-MODEL.jpg",
            "price": 629,
            "was-price": 899,
            "name": "Men Strappy Sandals with Velcro Closure",
            "url": "/performax-men-strappy-sandals-with-velcro-closure/p/450146598_grey",
            "offer-price": 470.16,
            "rating-count": 0,
            "cat1": "Men",
            "cat2": "Footwear",
            "cat3": "Sandals",
            "brand": "performax"
        },
        {
            "product-id": "450147720",
            "avg-rating": "",
            "img-url": "https://assets.ajio.com/medias/sys_master/root/20220408/Cs8f/624f3301f997dd03e24ddfc2/-78Wx98H-450147720-brown-MODEL.jpg",
            "price": 520,
            "was-price": 1299,
            "name": "Ballerinas with Square Toe Shape",
            "url": "/hi-attitude-ballerinas-with-square-toe-shape/p/450147720_brown",
            "offer-price": 519,
            "rating-count": 0,
            "cat1": "Women",
            "cat2": "Footwear",
            "cat3": "Flat Shoes",
            "brand": "hi-attitude"
        },
        {
            "product-id": "450145843",
            "avg-rating": "",
            "img-url": "https://assets.ajio.com/medias/sys_master/root/20220408/DWSr/624f36caaeb26921af115fa2/-78Wx98H-450145843-olive-MODEL.jpg",
            "price": 2499,
            "was-price": 2499,
            "name": "Men Panelled Lace-Up Low-Top Shoes",
            "url": "/lee-cooper-men-panelled-lace-up-low-top-shoes/p/450145843_olive",
            "offer-price": 935.93,
            "rating-count": 0,
            "cat1": "Men",
            "cat2": "Footwear",
            "cat3": "Casual Shoes",
            "brand": "lee-cooper"
        },
        {
            "product-id": "441257272",
            "avg-rating": "",
            "img-url": "https://assets.ajio.com/medias/sys_master/root/20220408/JkuL/624f4694aeb26921af119a75/-78Wx98H-441257272-stone-MODEL.jpg",
            "price": 390,
            "was-price": 1299,
            "name": "Light-Wash Mid-Rise Skinny Jeans",
            "url": "/lee-cooper-light-wash-mid-rise-skinny-jeans/p/441257272_stone",
            "offer-price": 329.59,
            "rating-count": 0,
            "cat1": "Girls",
            "cat2": "Western Wear",
            "cat3": "Jeans & Jeggings",
            "brand": "lee-cooper"
        },
        {
            "product-id": "450146850",
            "avg-rating": "",
            "img-url": "https://assets.ajio.com/medias/sys_master/root/20220927/NJZT/6332df49f997dd1f8d1fc8da/-78Wx98H-450146850-navy-MODEL.jpg",
            "price": 349,
            "was-price": 499,
            "name": "Textured Thong-Strap Flip-Flops",
            "url": "/performax-textured-thong-strap-flip-flops/p/450146850_navy",
            "offer-price": 260.87,
            "rating-count": 0,
            "cat1": "Men",
            "cat2": "Footwear",
            "cat3": "Flip Flop & Slippers",
            "brand": "performax"
        },
        {
            "product-id": "450146850",
            "avg-rating": "",
            "img-url": "https://assets.ajio.com/medias/sys_master/root/20220927/dJNf/6332dfbbaeb269dbb3aa3790/-78Wx98H-450146850-black-MODEL.jpg",
            "price": 349,
            "was-price": 499,
            "name": "Textured Thong-Strap Flip-Flops",
            "url": "/performax-textured-thong-strap-flip-flops/p/450146850_black",
            "offer-price": 260.87,
            "rating-count": 0,
            "cat1": "Men",
            "cat2": "Footwear",
            "cat3": "Flip Flop & Slippers",
            "brand": "performax"
        },
        {
            "product-id": "450145845",
            "avg-rating": "",
            "img-url": "https://assets.ajio.com/medias/sys_master/root/20220408/uVq7/624f34fff997dd03e24de890/-78Wx98H-450145845-brown-MODEL.jpg",
            "price": 1650,
            "was-price": 3299,
            "name": "Men Low-Top Lace-Up Derby Shoes",
            "url": "/lee-cooper-men-low-top-lace-up-derby-shoes/p/450145845_brown",
            "offer-price": 1235.43,
            "rating-count": 0,
            "cat1": "Men",
            "cat2": "Footwear",
            "cat3": "Formal Shoes",
            "brand": "lee-cooper"
        },
        {
            "product-id": "450145875",
            "avg-rating": "",
            "img-url": "https://assets.ajio.com/medias/sys_master/root/20220408/VqVa/624f4df9f997dd03e24e7c52/-78Wx98H-450145875-black-MODEL.jpg",
            "price": 2599,
            "was-price": 2599,
            "name": "Low-Top Penny Loafers",
            "url": "/lee-cooper-low-top-penny-loafers/p/450145875_black",
            "offer-price": 973.37,
            "rating-count": 0,
            "cat1": "Men",
            "cat2": "Footwear",
            "cat3": "Formal Shoes",
            "brand": "lee-cooper"
        },
        {
            "product-id": "450146522",
            "avg-rating": "",
            "img-url": "https://assets.ajio.com/medias/sys_master/root/20220408/WHok/624f3bd3aeb26921af11735e/-78Wx98H-450146522-beige-MODEL.jpg",
            "price": 699,
            "was-price": 999,
            "name": "Round-Toe Slip-On Sports Shoes",
            "url": "/performax-round-toe-slip-on-sports-shoes/p/450146522_beige",
            "offer-price": 522.48,
            "rating-count": 0,
            "cat1": "Women",
            "cat2": "Footwear",
            "cat3": "Sports Shoes",
            "brand": "performax"
        },
        {
            "product-id": "450145845",
            "avg-rating": "",
            "img-url": "https://assets.ajio.com/medias/sys_master/root/20220408/f06Y/624f3f8aaeb26921af11820f/-78Wx98H-450145845-black-MODEL.jpg",
            "price": 3299,
            "was-price": 3299,
            "name": "Men Low-Top Lace-Up Derby Shoes",
            "url": "/lee-cooper-men-low-top-lace-up-derby-shoes/p/450145845_black",
            "offer-price": 1853.95,
            "rating-count": 0,
            "cat1": "Men",
            "cat2": "Footwear",
            "cat3": "Formal Shoes",
            "brand": "lee-cooper"
        },
        {
            "product-id": "450146368",
            "avg-rating": "",
            "img-url": "https://assets.ajio.com/medias/sys_master/root/20220408/kyme/624f37b5aeb26921af1163c1/-78Wx98H-450146368-tan-MODEL.jpg",
            "price": 799,
            "was-price": 799,
            "name": "Slip-On Loafers with Braiding",
            "url": "/schumann-slip-on-loafers-with-braiding/p/450146368_tan",
            "offer-price": 447.74,
            "rating-count": 0,
            "cat1": "Men",
            "cat2": "Footwear",
            "cat3": "Formal Shoes",
            "brand": "schumann"
        },
        {
            "product-id": "450148332",
            "avg-rating": "",
            "img-url": "https://assets.ajio.com/medias/sys_master/root/20220408/uci6/624f3da0aeb26921af1179bb/-78Wx98H-450148332-tan-MODEL.jpg",
            "price": 499,
            "was-price": 499,
            "name": "Floral Laser-Cut Thong-Strap Sandals",
            "url": "/hi-attitude-floral-laser-cut-thong-strap-sandals/p/450148332_tan",
            "offer-price": 199.6,
            "rating-count": 0,
            "cat1": "Women",
            "cat2": "Footwear",
            "cat3": "Flat Sandals",
            "brand": "hi-attitude"
        },
        {
            "product-id": "450146308",
            "avg-rating": "",
            "img-url": "https://assets.ajio.com/medias/sys_master/root/20220624/c1KA/62b5a9b4aeb26921af45c2db/-78Wx98H-450146308-brown-MODEL.jpg",
            "price": 499,
            "was-price": 499,
            "name": "Men Textured Toe-Ring Flip-Flops",
            "url": "/schumann-men-textured-toe-ring-flip-flops/p/450146308_brown",
            "offer-price": 199.6,
            "rating-count": 0,
            "cat1": "Men",
            "cat2": "Footwear",
            "cat3": "Flip Flop & Slippers",
            "brand": "schumann"
        },
        {
            "product-id": "450148005",
            "avg-rating": "",
            "img-url": "https://assets.ajio.com/medias/sys_master/root/20220408/nW6G/624f31b2aeb26921af114ce9/-78Wx98H-450148005-mustard-MODEL.jpg",
            "price": 199,
            "was-price": 199,
            "name": "Striped Thong-Strap Flip-Flops",
            "url": "/frisbee-striped-thong-strap-flip-flops/p/450148005_mustard",
            "offer-price": 79.84,
            "rating-count": 0,
            "cat1": "Women",
            "cat2": "Footwear",
            "cat3": "Flip Flop & Slippers",
            "brand": "frisbee"
        },
        {
            "product-id": "450148265",
            "avg-rating": "",
            "img-url": "https://assets.ajio.com/medias/sys_master/root/20220408/TXWy/624f42aeaeb26921af118b7d/-78Wx98H-450148265-nude-MODEL.jpg",
            "price": 200,
            "was-price": 499,
            "name": "Typographic Print Slides",
            "url": "/frisbee-typographic-print-slides/p/450148265_nude",
            "offer-price": 199.6,
            "rating-count": 0,
            "cat1": "Women",
            "cat2": "Footwear",
            "cat3": "Flip Flop & Slippers",
            "brand": "frisbee"
        },
        {
            "product-id": "450145860",
            "avg-rating": "",
            "img-url": "https://assets.ajio.com/medias/sys_master/root/20220624/CeDW/62b5a486f997dd03e29ce704/-78Wx98H-450145860-tan-MODEL.jpg",
            "price": 2199,
            "was-price": 2199,
            "name": "Colourblock Open-Toe Flat Sandals",
            "url": "/lee-cooper-colourblock-open-toe-flat-sandals/p/450145860_tan",
            "offer-price": 1234.68,
            "rating-count": 0,
            "cat1": "Men",
            "cat2": "Footwear",
            "cat3": "Sandals",
            "brand": "lee-cooper"
        },
        {
            "product-id": "441136969",
            "avg-rating": "",
            "img-url": "https://assets.ajio.com/medias/sys_master/root/20220407/HVTO/624de176f997dd03e24be828/-78Wx98H-441136969-teal-MODEL.jpg",
            "price": 999,
            "was-price": 999,
            "name": "City Shorts with Insert Pockets",
            "url": "/netplay-city-shorts-with-insert-pockets/p/441136969_teal",
            "offer-price": 299.62,
            "rating-count": 0,
            "cat1": "Men",
            "cat2": "Western Wear",
            "cat3": "Shorts & 3/4ths",
            "brand": "netplay"
        },
        {
            "product-id": "450148005",
            "avg-rating": "",
            "img-url": "https://assets.ajio.com/medias/sys_master/root/20220408/64E3/624f46aeaeb26921af119b70/-78Wx98H-450148005-mauve-MODEL.jpg",
            "price": 199,
            "was-price": 199,
            "name": "Striped Thong-Strap Flip-Flops",
            "url": "/frisbee-striped-thong-strap-flip-flops/p/450148005_mauve",
            "offer-price": 79.84,
            "rating-count": 0,
            "cat1": "Women",
            "cat2": "Footwear",
            "cat3": "Flip Flop & Slippers",
            "brand": "frisbee"
        },
        {
            "product-id": "450148013",
            "avg-rating": "",
            "img-url": "https://assets.ajio.com/medias/sys_master/root/20220408/27tc/624f48c1f997dd03e24e421f/-78Wx98H-450148013-orange-MODEL.jpg",
            "price": 100,
            "was-price": 249,
            "name": "Typographic Print Thong-Strap Flip-Flops",
            "url": "/frisbee-typographic-print-thong-strap-flip-flops/p/450148013_orange",
            "offer-price": 99.8,
            "rating-count": 0,
            "cat1": "Women",
            "cat2": "Footwear",
            "cat3": "Flip Flop & Slippers",
            "brand": "frisbee"
        },
        {
            "product-id": "450148266",
            "avg-rating": "",
            "img-url": "https://assets.ajio.com/medias/sys_master/root/20220408/KrIT/624f4978f997dd03e24e45ef/-78Wx98H-450148266-olive-MODEL.jpg",
            "price": 240,
            "was-price": 599,
            "name": "Basket-Weave Slip-On Slides",
            "url": "/frisbee-basket-weave-slip-on-slides/p/450148266_olive",
            "offer-price": 239.52,
            "rating-count": 0,
            "cat1": "Women",
            "cat2": "Footwear",
            "cat3": "Flip Flop & Slippers",
            "brand": "frisbee"
        },
        {
            "product-id": "450148012",
            "avg-rating": "",
            "img-url": "https://assets.ajio.com/medias/sys_master/root/20220408/sc6q/624f3f0daeb26921af117f2d/-78Wx98H-450148012-pink-MODEL.jpg",
            "price": 100,
            "was-price": 249,
            "name": "Graphic Print Thong-Strap Flip-Flops",
            "url": "/frisbee-graphic-print-thong-strap-flip-flops/p/450148012_pink",
            "offer-price": 99.8,
            "rating-count": 0,
            "cat1": "Women",
            "cat2": "Footwear",
            "cat3": "Flip Flop & Slippers",
            "brand": "frisbee"
        },
        {
            "product-id": "450148438",
            "avg-rating": "",
            "img-url": "https://assets.ajio.com/medias/sys_master/root/20220408/SnDR/624f3734aeb26921af116214/-78Wx98H-450148438-olive-MODEL.jpg",
            "price": 299,
            "was-price": 299,
            "name": "Logo Print Thong-Straps Flip-Flops",
            "url": "/frisbee-logo-print-thong-straps-flip-flops/p/450148438_olive",
            "offer-price": 119.76,
            "rating-count": 0,
            "cat1": "Men",
            "cat2": "Footwear",
            "cat3": "Flip Flop & Slippers",
            "brand": "frisbee"
        },
        {
            "product-id": "441136763",
            "avg-rating": "",
            "img-url": "https://assets.ajio.com/medias/sys_master/root/20221117/iuiz/6376101ff997ddfdbd8022fc/-78Wx98H-441136763-medgrey-MODEL.jpg",
            "price": 1299,
            "was-price": 1299,
            "name": "Typographic Print Track Pants with Insert Pockets",
            "url": "/performax-typographic-print-track-pants-with-insert-pockets/p/441136763_medgrey",
            "offer-price": 242.93,
            "rating-count": 0,
            "cat1": "Men",
            "cat2": "Western Wear",
            "cat3": "Track Pants",
            "brand": "performax"
        },
        {
            "product-id": "450148009",
            "avg-rating": "",
            "img-url": "https://assets.ajio.com/medias/sys_master/root/20220408/QVFr/624f36caaeb26921af115fa3/-78Wx98H-450148009-navy-MODEL.jpg",
            "price": 100,
            "was-price": 249,
            "name": "Leaf Print Thong-Strap Flip-Flops",
            "url": "/frisbee-leaf-print-thong-strap-flip-flops/p/450148009_navy",
            "offer-price": 99.8,
            "rating-count": 0,
            "cat1": "Women",
            "cat2": "Footwear",
            "cat3": "Flip Flop & Slippers",
            "brand": "frisbee"
        },
        {
            "product-id": "450146437",
            "avg-rating": "",
            "img-url": "https://assets.ajio.com/medias/sys_master/root/20220408/7gpX/624f4d4cf997dd03e24e7631/-78Wx98H-450146437-black-MODEL.jpg",
            "price": 600,
            "was-price": 1499,
            "name": "Textured Thong-Strap Flip-Flops",
            "url": "/schumann-textured-thong-strap-flip-flops/p/450146437_black",
            "offer-price": 599,
            "rating-count": 0,
            "cat1": "Men",
            "cat2": "Footwear",
            "cat3": "Flip Flop & Slippers",
            "brand": "schumann"
        },
        {
            "product-id": "450146308",
            "avg-rating": "",
            "img-url": "https://assets.ajio.com/medias/sys_master/root/20220408/1PPj/624f4d35f997dd03e24e749c/-78Wx98H-450146308-black-MODEL.jpg",
            "price": 374,
            "was-price": 499,
            "name": "Men Textured Toe-Ring Flip-Flops",
            "url": "/schumann-men-textured-toe-ring-flip-flops/p/450146308_black",
            "offer-price": 279.56,
            "rating-count": 0,
            "cat1": "Men",
            "cat2": "Footwear",
            "cat3": "Flip Flop & Slippers",
            "brand": "schumann"
        },
        {
            "product-id": "441257249",
            "avg-rating": "",
            "img-url": "https://assets.ajio.com/medias/sys_master/root/20220408/5k9I/624f378aaeb26921af116255/-78Wx98H-441257249-indigo-MODEL.jpg",
            "price": 480,
            "was-price": 1599,
            "name": "Light-Distressed Mid-Rise Skinny Jeans",
            "url": "/lee-cooper-light-distressed-mid-rise-skinny-jeans/p/441257249_indigo",
            "offer-price": 479.4,
            "rating-count": 0,
            "cat1": "Girls",
            "cat2": "Western Wear",
            "cat3": "Jeans & Jeggings",
            "brand": "lee-cooper"
        },
        {
            "product-id": "450146429",
            "avg-rating": "",
            "img-url": "https://assets.ajio.com/medias/sys_master/root/20220408/Hr6N/624f3196aeb26921af114be8/-78Wx98H-450146429-tan-MODEL.jpg",
            "price": 1499,
            "was-price": 1999,
            "name": "Slip-On Formal Shoes with Metal Accent",
            "url": "/schumann-slip-on-formal-shoes-with-metal-accent/p/450146429_tan",
            "offer-price": 1122.37,
            "rating-count": 0,
            "cat1": "Men",
            "cat2": "Footwear",
            "cat3": "Formal Shoes",
            "brand": "schumann"
        },
        {
            "product-id": "450146361",
            "avg-rating": "",
            "img-url": "https://assets.ajio.com/medias/sys_master/root/20220621/EjOr/62b1df5bf997dd03e2932f67/-78Wx98H-450146361-brown-MODEL.jpg",
            "price": 524,
            "was-price": 699,
            "name": "Panelled Toe-Ring Flip-Flops",
            "url": "/schumann-panelled-toe-ring-flip-flops/p/450146361_brown",
            "offer-price": 391.68,
            "rating-count": 0,
            "cat1": "Men",
            "cat2": "Footwear",
            "cat3": "Sandals",
            "brand": "schumann"
        },
        {
            "product-id": "441140117",
            "avg-rating": "",
            "img-url": "https://assets.ajio.com/medias/sys_master/root/20220408/deDT/624f3336f997dd03e24de0b8/-78Wx98H-441140117-khaki-MODEL.jpg",
            "price": 480,
            "was-price": 1599,
            "name": "Smith Print Tapered Fit Trousers",
            "url": "/netplay-smith-print-tapered-fit-trousers/p/441140117_khaki",
            "offer-price": 479.4,
            "rating-count": 0,
            "cat1": "Men",
            "cat2": "Western Wear",
            "cat3": "Trousers & Pants",
            "brand": "netplay"
        },
        {
            "product-id": "441297363",
            "avg-rating": "",
            "img-url": "https://assets.ajio.com/medias/sys_master/root/20220407/MS9y/624ed962aeb26921af107683/-78Wx98H-441297363-wine-MODEL.jpg",
            "price": 1299,
            "was-price": 1299,
            "name": "Printed V-neck Top",
            "url": "/iscenery-by-vero-moda-printed-v-neck-top/p/441297363_wine",
            "offer-price": 242.93,
            "rating-count": 0,
            "cat1": "Women",
            "cat2": "Western Wear",
            "cat3": "Tops",
            "brand": "iscenery-by-vero-moda"
        },
        {
            "product-id": "450146105",
            "avg-rating": "",
            "img-url": "https://assets.ajio.com/medias/sys_master/root/20220408/C2w0/624f3291aeb26921af114ee7/-78Wx98H-450146105-black-MODEL.jpg",
            "price": 2099,
            "was-price": 2799,
            "name": "Pointed-Toe Formal Derby Shoes",
            "url": "/lee-cooper-pointed-toe-formal-derby-shoes/p/450146105_black",
            "offer-price": 1572.93,
            "rating-count": 0,
            "cat1": "Men",
            "cat2": "Footwear",
            "cat3": "Formal Shoes",
            "brand": "lee-cooper"
        },
        {
            "product-id": "450146105",
            "avg-rating": "",
            "img-url": "https://assets.ajio.com/medias/sys_master/root/20220408/5do2/624f5075aeb26921af11f014/-78Wx98H-450146105-brown-MODEL.jpg",
            "price": 2099,
            "was-price": 2799,
            "name": "Pointed-Toe Formal Derby Shoes",
            "url": "/lee-cooper-pointed-toe-formal-derby-shoes/p/450146105_brown",
            "offer-price": 1572.93,
            "rating-count": 0,
            "cat1": "Men",
            "cat2": "Footwear",
            "cat3": "Formal Shoes",
            "brand": "lee-cooper"
        },
        {
            "product-id": "441142452",
            "avg-rating": "",
            "img-url": "https://assets.ajio.com/medias/sys_master/root/20220408/mog3/624f3160aeb26921af114a73/-78Wx98H-441142452-white-MODEL.jpg",
            "price": 799,
            "was-price": 799,
            "name": "Typographic Print Crew-Neck T-shirt",
            "url": "/teamspirit-typographic-print-crew-neck-t-shirt/p/441142452_white",
            "offer-price": 319.6,
            "rating-count": 0,
            "cat1": "Men",
            "cat2": "Western Wear",
            "cat3": "Tshirts",
            "brand": "teamspirit"
        },
        {
            "product-id": "450148426",
            "avg-rating": "",
            "img-url": "https://assets.ajio.com/medias/sys_master/root/20220408/ZcP7/624f4f4caeb26921af11e643/-78Wx98H-450148426-red-MODEL.jpg",
            "price": 224,
            "was-price": 299,
            "name": "Typographic Print Thong-Strap Flip-Flops",
            "url": "/frisbee-typographic-print-thong-strap-flip-flops/p/450148426_red",
            "offer-price": 167.43,
            "rating-count": 0,
            "cat1": "Men",
            "cat2": "Footwear",
            "cat3": "Flip Flop & Slippers",
            "brand": "frisbee"
        },
        {
            "product-id": "450148265",
            "avg-rating": "",
            "img-url": "https://assets.ajio.com/medias/sys_master/root/20220408/uXTT/624f46f9f997dd03e24e398b/-78Wx98H-450148265-blue-MODEL.jpg",
            "price": 499,
            "was-price": 499,
            "name": "Typographic Print Slides",
            "url": "/frisbee-typographic-print-slides/p/450148265_blue",
            "offer-price": 199.6,
            "rating-count": 0,
            "cat1": "Women",
            "cat2": "Footwear",
            "cat3": "Flip Flop & Slippers",
            "brand": "frisbee"
        },
        {
            "product-id": "450146106",
            "avg-rating": "",
            "img-url": "https://assets.ajio.com/medias/sys_master/root/20220408/Y9xm/624f41d6f997dd03e24e21df/-78Wx98H-450146106-tan-MODEL.jpg",
            "price": 2099,
            "was-price": 2799,
            "name": "Slip-On Formal Shoes",
            "url": "/lee-cooper-slip-on-formal-shoes/p/450146106_tan",
            "offer-price": 1572.93,
            "rating-count": 0,
            "cat1": "Men",
            "cat2": "Footwear",
            "cat3": "Formal Shoes",
            "brand": "lee-cooper"
        },
        {
            "product-id": "450148029",
            "avg-rating": "",
            "img-url": "https://assets.ajio.com/medias/sys_master/root/20220408/OWE1/624f46a4f997dd03e24e38ea/-78Wx98H-450148029-grey-MODEL.jpg",
            "price": 399,
            "was-price": 399,
            "name": "Women Heathered Ballerinas with Pull-Up Tab",
            "url": "/hi-attitude-women-heathered-ballerinas-with-pull-up-tab/p/450148029_grey",
            "offer-price": 159.68,
            "rating-count": 0,
            "cat1": "Women",
            "cat2": "Footwear",
            "cat3": "Flat Shoes",
            "brand": "hi-attitude"
        },
        {
            "product-id": "450148334",
            "avg-rating": "",
            "img-url": "https://assets.ajio.com/medias/sys_master/root/20220408/FtiY/624f3f8aaeb26921af11820a/-78Wx98H-450148334-navy-MODEL.jpg",
            "price": 240,
            "was-price": 599,
            "name": "Women Cross-Strap Sling-Back Wedges",
            "url": "/hi-attitude-women-cross-strap-sling-back-wedges/p/450148334_navy",
            "offer-price": 239.52,
            "rating-count": 0,
            "cat1": "Women",
            "cat2": "Footwear",
            "cat3": "Heeled Sandals",
            "brand": "hi-attitude"
        },
        {
            "product-id": "450148426",
            "avg-rating": "",
            "img-url": "https://assets.ajio.com/medias/sys_master/root/20220408/pPSK/624f3d4ff997dd03e24e0f66/-78Wx98H-450148426-olive-MODEL.jpg",
            "price": 224,
            "was-price": 299,
            "name": "Typographic Print Thong-Strap Flip-Flops",
            "url": "/frisbee-typographic-print-thong-strap-flip-flops/p/450148426_olive",
            "offer-price": 167.43,
            "rating-count": 0,
            "cat1": "Men",
            "cat2": "Footwear",
            "cat3": "Flip Flop & Slippers",
            "brand": "frisbee"
        },
        {
            "product-id": "450148259",
            "avg-rating": "",
            "img-url": "https://assets.ajio.com/medias/sys_master/root/20220408/LMCv/624f3f1aaeb26921af117fed/-78Wx98H-450148259-pink-MODEL.jpg",
            "price": 200,
            "was-price": 499,
            "name": "Star Print Slides",
            "url": "/frisbee-star-print-slides/p/450148259_pink",
            "offer-price": 199.6,
            "rating-count": 0,
            "cat1": "Women",
            "cat2": "Footwear",
            "cat3": "Flip Flop & Slippers",
            "brand": "frisbee"
        },
        {
            "product-id": "450146161",
            "avg-rating": "",
            "img-url": "https://assets.ajio.com/medias/sys_master/root/20220812/xmWg/62f67550f997dd03e2457e04/-78Wx98H-450146161-tan-MODEL.jpg",
            "price": 1349,
            "was-price": 1799,
            "name": "Slip-On Sandals with Eyelet Accent",
            "url": "/lee-cooper-slip-on-sandals-with-eyelet-accent/p/450146161_tan",
            "offer-price": 1010.06,
            "rating-count": 0,
            "cat1": "Men",
            "cat2": "Footwear",
            "cat3": "Sandals",
            "brand": "lee-cooper"
        },
        {
            "product-id": "450144501",
            "avg-rating": "",
            "img-url": "https://assets.ajio.com/medias/sys_master/root/20220408/m9uM/624f3e23aeb26921af117c91/-78Wx98H-450144501-black-MODEL.jpg",
            "price": 2249,
            "was-price": 2999,
            "name": "Textured Formal Slip-On Shoes",
            "url": "/lee-cooper-textured-formal-slip-on-shoes/p/450144501_black",
            "offer-price": 1685.34,
            "rating-count": 0,
            "cat1": "Men",
            "cat2": "Footwear",
            "cat3": "Formal Shoes",
            "brand": "lee-cooper"
        },
        {
            "product-id": "450147720",
            "avg-rating": "",
            "img-url": "https://assets.ajio.com/medias/sys_master/root/20220408/GFb3/624f5086aeb26921af11f124/-78Wx98H-450147720-beige-MODEL.jpg",
            "price": 520,
            "was-price": 1299,
            "name": "Ballerinas with Square Toe Shape",
            "url": "/hi-attitude-ballerinas-with-square-toe-shape/p/450147720_beige",
            "offer-price": 519,
            "rating-count": 0,
            "cat1": "Women",
            "cat2": "Footwear",
            "cat3": "Flat Shoes",
            "brand": "hi-attitude"
        },
        {
            "product-id": "450146119",
            "avg-rating": "",
            "img-url": "https://assets.ajio.com/medias/sys_master/root/20220624/f21K/62b5a396aeb26921af459dd2/-78Wx98H-450146119-black-MODEL.jpg",
            "price": 950,
            "was-price": 1899,
            "name": "Slip-On Flat Sandals with Eyelet Accent",
            "url": "/lee-cooper-slip-on-flat-sandals-with-eyelet-accent/p/450146119_black",
            "offer-price": 710.1,
            "rating-count": 0,
            "cat1": "Men",
            "cat2": "Footwear",
            "cat3": "Sandals",
            "brand": "lee-cooper"
        },
        {
            "product-id": "450145867",
            "avg-rating": "",
            "img-url": "https://assets.ajio.com/medias/sys_master/root/20220624/YVqZ/62b5a8bef997dd03e29d0225/-78Wx98H-450145867-tan-MODEL.jpg",
            "price": 1000,
            "was-price": 1999,
            "name": "T-strap Flat Sandals with Logo Patch",
            "url": "/lee-cooper-t-strap-flat-sandals-with-logo-patch/p/450145867_tan",
            "offer-price": 748.74,
            "rating-count": 0,
            "cat1": "Men",
            "cat2": "Footwear",
            "cat3": "Sandals",
            "brand": "lee-cooper"
        },
        {
            "product-id": "450146514",
            "avg-rating": "",
            "img-url": "https://assets.ajio.com/medias/sys_master/root/20220408/b4da/624f4283aeb26921af118ad6/-78Wx98H-450146514-black-MODEL.jpg",
            "price": 450,
            "was-price": 1499,
            "name": "Round-Toe Lace-Up Sports Shoes",
            "url": "/performax-round-toe-lace-up-sports-shoes/p/450146514_black",
            "offer-price": 336.36,
            "rating-count": 0,
            "cat1": "Men",
            "cat2": "Footwear",
            "cat3": "Sports Shoes",
            "brand": "performax"
        },
        {
            "product-id": "450144502",
            "avg-rating": "",
            "img-url": "https://assets.ajio.com/medias/sys_master/root/20220408/cIA8/624f4f78f997dd03e24e8db7/-78Wx98H-450144502-tan-MODEL.jpg",
            "price": 1000,
            "was-price": 1999,
            "name": "Colourblock Thong-Strap Slip-On Sandals",
            "url": "/lee-cooper-colourblock-thong-strap-slip-on-sandals/p/450144502_tan",
            "offer-price": 748.74,
            "rating-count": 0,
            "cat1": "Men",
            "cat2": "Footwear",
            "cat3": "Sandals",
            "brand": "lee-cooper"
        },
        {
            "product-id": "450148009",
            "avg-rating": "",
            "img-url": "https://assets.ajio.com/medias/sys_master/root/20220408/UIqw/624f362daeb26921af115cfb/-78Wx98H-450148009-pink-MODEL.jpg",
            "price": 100,
            "was-price": 249,
            "name": "Women Leaf Print Thong-Strap Flip-Flops",
            "url": "/frisbee-women-leaf-print-thong-strap-flip-flops/p/450148009_pink",
            "offer-price": 99.8,
            "rating-count": 0,
            "cat1": "Women",
            "cat2": "Footwear",
            "cat3": "Flip Flop & Slippers",
            "brand": "frisbee"
        },
        {
            "product-id": "450147851",
            "avg-rating": "",
            "img-url": "https://assets.ajio.com/medias/sys_master/root/20220408/QFbD/624f43d7f997dd03e24e2b72/-78Wx98H-450147851-black-MODEL.jpg",
            "price": 400,
            "was-price": 999,
            "name": "Women Toe-Ring T-Strap Wedges",
            "url": "/hi-attitude-women-toe-ring-t-strap-wedges/p/450147851_black",
            "offer-price": 399.2,
            "rating-count": 0,
            "cat1": "Women",
            "cat2": "Footwear",
            "cat3": "Heeled Sandals",
            "brand": "hi-attitude"
        },
        {
            "product-id": "450147653",
            "avg-rating": "",
            "img-url": "https://assets.ajio.com/medias/sys_master/root/20220408/FKwF/624f4528aeb26921af119649/-78Wx98H-450147653-beige-MODEL.jpg",
            "price": 320,
            "was-price": 799,
            "name": "Women Glittery Ballerinas with Metal Accent",
            "url": "/hi-attitude-women-glittery-ballerinas-with-metal-accent/p/450147653_beige",
            "offer-price": 319.36,
            "rating-count": 0,
            "cat1": "Women",
            "cat2": "Footwear",
            "cat3": "Flat Shoes",
            "brand": "hi-attitude"
        },
        {
            "product-id": "450148236",
            "avg-rating": "",
            "img-url": "https://assets.ajio.com/medias/sys_master/root/20220408/oVVt/624f390bf997dd03e24dfc05/-78Wx98H-450148236-grey-MODEL.jpg",
            "price": 600,
            "was-price": 1499,
            "name": "Women Reptilian Pattern Cross-Strap Chunky Heeled Sandals",
            "url": "/viviana-women-reptilian-pattern-cross-strap-chunky-heeled-sandals/p/450148236_grey",
            "offer-price": 599,
            "rating-count": 0,
            "cat1": "Women",
            "cat2": "Footwear",
            "cat3": "Heeled Sandals",
            "brand": "viviana"
        },
        {
            "product-id": "450147722",
            "avg-rating": "",
            "img-url": "https://assets.ajio.com/medias/sys_master/root/20220408/9fsI/624f3c6baeb26921af1175e8/-78Wx98H-450147722-maroon-MODEL.jpg",
            "price": 520,
            "was-price": 1299,
            "name": "Squared-Toe Slip-On Kitten Heels",
            "url": "/hi-attitude-squared-toe-slip-on-kitten-heels/p/450147722_maroon",
            "offer-price": 519,
            "rating-count": 0,
            "cat1": "Women",
            "cat2": "Footwear",
            "cat3": "Heeled Shoes",
            "brand": "hi-attitude"
        }
    ],
    "ajio": [],
    "": []
}