{
    "luxe.ajio": [
        {
            "product-id": "410293617",
            "avg-rating": "",
            "img-url": "https://assets.ajio.com/medias/sys_master/root/20220128/3jHS/61f41040f997dd6623463636/-78Wx98H-410293617-70-MODEL.jpg",
            "price": 7200,
            "was-price": 12000,
            "name": "Polka-Dot Print Silk Tie",
            "url": "/paul-smith-polka-dot-print-silk-tie/p/410293617_70",
            "offer-price": 6480,
            "rating-count": 0,
            "cat1": "Men",
            "cat2": "Clothing Accessories",
            "cat3": "Ties",
            "brand": "paul-smith"
        },
        {
            "product-id": "410293622",
            "avg-rating": "",
            "img-url": "https://assets.ajio.com/medias/sys_master/root/20220128/7Hwo/61f40f63f997dd66234631b1/-78Wx98H-410293622-41-MODEL.jpg",
            "price": 12000,
            "was-price": 12000,
            "name": "Lock & Key Print Silk Tie",
            "url": "/paul-smith-lock-key-print-silk-tie/p/410293622_41",
            "offer-price": 6480,
            "rating-count": 0,
            "cat1": "Men",
            "cat2": "Clothing Accessories",
            "cat3": "Ties",
            "brand": "paul-smith"
        },
        {
            "product-id": "410299363",
            "avg-rating": "",
            "img-url": "https://assets.ajio.com/medias/sys_master/root/20220128/5Lc0/61f40fd5f997dd6623463434/-78Wx98H-410299363-404-MODEL.jpg",
            "price": 15000,
            "was-price": 15000,
            "name": "French-Terry Cotton Sweatshirt with Woven Logo Patch",
            "url": "/boss-french-terry-cotton-sweatshirt-with-woven-logo-patch/p/410299363_404",
            "offer-price": 8750,
            "rating-count": 0,
            "cat1": "Men",
            "cat2": "Western Wear",
            "cat3": "Sweatshirt & Hoodies",
            "brand": "boss"
        },
        {
            "product-id": "410234789",
            "avg-rating": "",
            "img-url": "https://assets.ajio.com/medias/sys_master/root/ajio/catalog/5f061122aeb26931758485cd/-78Wx98H-410234789-blu15-MODEL.jpg",
            "price": 5995,
            "was-price": 5995,
            "name": "Checked Shirt with Full Sleeves",
            "url": "/satya-paul-checked-shirt-with-full-sleeves/p/410234789_blu15",
            "offer-price": 4995,
            "rating-count": 0,
            "cat1": "Men",
            "cat2": "Western Wear",
            "cat3": "Shirts",
            "brand": "satya-paul"
        },
        {
            "product-id": "410257139",
            "avg-rating": "",
            "img-url": "https://assets.ajio.com/medias/sys_master/root/hf7/h81/16391914815518/-78Wx98H-410257139-t4007-MODEL.jpg",
            "price": 21999,
            "was-price": 21999,
            "name": "CANARAMA OSERAMA Backpack with Zip Closure",
            "url": "/diesel-canarama-oserama-backpack-with-zip-closure/p/410257139_t4007",
            "offer-price": 12539.43,
            "rating-count": 0,
            "cat1": "Women",
            "cat2": "Bags, Belts & Wallets",
            "cat3": "Backpacks",
            "brand": "diesel"
        },
        {
            "product-id": "463730045",
            "avg-rating": "",
            "img-url": "https://assets.ajio.com/medias/sys_master/root/20220310/uvEr/6229c19eaeb26921afd11acf/-78Wx98H-463730045-white-MODEL.jpg",
            "price": 3592,
            "was-price": 4490,
            "name": "Animal Print Rectangle Shape Rug",
            "url": "/art-avenue-animal-print-rectangle-shape-rug/p/463730045_white",
            "offer-price": 2691.75,
            "rating-count": 0,
            "cat1": "Home & Kitchen",
            "cat2": "Furnishings",
            "cat3": "Rugs, Carpets & Dhurries",
            "brand": "art-avenue"
        },
        {
            "product-id": "463725497",
            "avg-rating": "",
            "img-url": "https://assets.ajio.com/medias/sys_master/root/20220128/RxLy/61f30672f997dd662341c953/-78Wx98H-463725497-red-MODEL.jpg",
            "price": 8200,
            "was-price": 8200,
            "name": "Solid Dress",
            "url": "/kanelle-solid-dress/p/463725497_red",
            "offer-price": 7200,
            "rating-count": 0,
            "cat1": "Women",
            "cat2": "Western Wear",
            "cat3": "Dresses",
            "brand": "kanelle"
        },
        {
            "product-id": "463729743",
            "avg-rating": "",
            "img-url": "https://assets.ajio.com/medias/sys_master/root/20220628/WXaN/62bb1f36f997dd03e2a4f85d/-78Wx98H-463729743-grey-MODEL.jpg",
            "price": 4200,
            "was-price": 4200,
            "name": "Gecko Bottle Opener",
            "url": "/anan-taya-gecko-bottle-opener/p/463729743_grey",
            "offer-price": 3200,
            "rating-count": 0,
            "cat1": "Home & Kitchen",
            "cat2": "Kitchen & Dining",
            "cat3": "Serveware & Drinkware",
            "brand": "anan-taya"
        },
        {
            "product-id": "463730051",
            "avg-rating": "",
            "img-url": "https://assets.ajio.com/medias/sys_master/root/20220310/gH1h/6229c181aeb26921afd1184a/-78Wx98H-463730051-grey-MODEL.jpg",
            "price": 5592,
            "was-price": 6990,
            "name": "Geometric Print Rectangle Shape Rug",
            "url": "/art-avenue-geometric-print-rectangle-shape-rug/p/463730051_grey",
            "offer-price": 4592,
            "rating-count": 0,
            "cat1": "Home & Kitchen",
            "cat2": "Furnishings",
            "cat3": "Rugs, Carpets & Dhurries",
            "brand": "art-avenue"
        },
        {
            "product-id": "463729737",
            "avg-rating": "",
            "img-url": "https://assets.ajio.com/medias/sys_master/root/20220628/7Dqx/62bb37c3f997dd03e2a534d5/-78Wx98H-463729737-brown-MODEL.jpg",
            "price": 3500,
            "was-price": 3500,
            "name": "Carafe with Stopper",
            "url": "/anan-taya-carafe-with-stopper/p/463729737_brown",
            "offer-price": 2622.81,
            "rating-count": 0,
            "cat1": "Home & Kitchen",
            "cat2": "Kitchen & Dining",
            "cat3": "Serveware & Drinkware",
            "brand": "anan-taya"
        },
        {
            "product-id": "463722877",
            "avg-rating": "",
            "img-url": "https://assets.ajio.com/medias/sys_master/root/20220127/oHQC/61f2db1df997dd66234080dc/-78Wx98H-463722877-pink-MODEL.jpg",
            "price": 5300,
            "was-price": 5300,
            "name": "Floral Wide Leg Trousers",
            "url": "/kanelle-floral-wide-leg-trousers/p/463722877_pink",
            "offer-price": 3240,
            "rating-count": 0,
            "cat1": "Women",
            "cat2": "Western Wear",
            "cat3": "Trousers & Pants",
            "brand": "kanelle"
        },
        {
            "product-id": "469091101",
            "avg-rating": "",
            "img-url": "https://assets.ajio.com/medias/sys_master/root/20220125/CifW/61f01ad9f997dd66233c49bd/-78Wx98H-469091101-blackwhitestripe-MODEL.jpg",
            "price": 49999,
            "was-price": 49999,
            "name": "Striped Blazer with Welt Pockets",
            "url": "/alice-and-olivia-striped-blazer-with-welt-pockets/p/469091101_blackwhitestripe",
            "offer-price": 48999,
            "rating-count": 0,
            "cat1": "Women",
            "cat2": "Western Wear",
            "cat3": "Jackets & Coats",
            "brand": "alice-and-olivia"
        },
        {
            "product-id": "410066766",
            "avg-rating": "",
            "img-url": "https://assets.ajio.com/medias/sys_master/root/h5e/h9b/16374561832990/-78Wx98H-410066766-02-MODEL.jpg",
            "price": 2394,
            "was-price": 3990,
            "name": "UMBX-SHAWN Pack of 3 Boxers",
            "url": "/diesel-umbx-shawn-pack-of-3-boxers/p/410066766_02",
            "offer-price": 2154.6,
            "rating-count": 0,
            "cat1": "Men",
            "cat2": "Inner Wear",
            "cat3": "Boxers",
            "brand": "diesel"
        },
        {
            "product-id": "463729019",
            "avg-rating": "",
            "img-url": "https://assets.ajio.com/medias/sys_master/root/20220628/wkKC/62bb37c3f997dd03e2a534d7/-78Wx98H-463729019-gold-MODEL.jpg",
            "price": 4200,
            "was-price": 4200,
            "name": "Shroom Bowl",
            "url": "/anan-taya-shroom-bowl/p/463729019_gold",
            "offer-price": 3200,
            "rating-count": 0,
            "cat1": "Home & Kitchen",
            "cat2": "Kitchen & Dining",
            "cat3": "Serveware & Drinkware",
            "brand": "anan-taya"
        },
        {
            "product-id": "463719935",
            "avg-rating": "",
            "img-url": "https://assets.ajio.com/medias/sys_master/root/20220127/JWq1/61f2d840f997dd6623405027/-78Wx98H-463719935-silver-MODEL.jpg",
            "price": 4500,
            "was-price": 4500,
            "name": "Aluminium Reef Wall Sconce ",
            "url": "/the-decor-remedy-aluminium-reef-wall-sconce/p/463719935_silver",
            "offer-price": 3500,
            "rating-count": 0,
            "cat1": "Home & Kitchen",
            "cat2": "Decor & Gifting",
            "cat3": "Wall & Table Decor",
            "brand": "the-decor-remedy"
        },
        {
            "product-id": "463719931",
            "avg-rating": "",
            "img-url": "https://assets.ajio.com/medias/sys_master/root/20220127/pVk3/61f2d73ef997dd6623403962/-78Wx98H-463719931-gold-MODEL.jpg",
            "price": 3500,
            "was-price": 3500,
            "name": "Iron Double Rim Wall Clock",
            "url": "/the-decor-remedy-iron-double-rim-wall-clock/p/463719931_gold",
            "offer-price": 2622.81,
            "rating-count": 0,
            "cat1": "Home & Kitchen",
            "cat2": "Decor & Gifting",
            "cat3": "Wall & Table Decor",
            "brand": "the-decor-remedy"
        },
        {
            "product-id": "463723578",
            "avg-rating": "",
            "img-url": "https://assets.ajio.com/medias/sys_master/root/20220128/BNS7/61f3059aaeb2695cdd3448ad/-78Wx98H-463723578-brown-MODEL.jpg",
            "price": 4300,
            "was-price": 4300,
            "name": "Floral Print Wide Leg Pant",
            "url": "/kanelle-floral-print-wide-leg-pant/p/463723578_brown",
            "offer-price": 3300,
            "rating-count": 0,
            "cat1": "Women",
            "cat2": "Western Wear",
            "cat3": "Trousers & Pants",
            "brand": "kanelle"
        },
        {
            "product-id": "463728961",
            "avg-rating": "",
            "img-url": "https://assets.ajio.com/medias/sys_master/root/20220701/3uno/62be02d8aeb26921af54f5ea/-78Wx98H-463728961-silver-MODEL.jpg",
            "price": 3200,
            "was-price": 3200,
            "name": "Padma Silver-Plated Tray",
            "url": "/anan-taya-padma-silver-plated-tray/p/463728961_silver",
            "offer-price": 2397.99,
            "rating-count": 0,
            "cat1": "Home & Kitchen",
            "cat2": "Kitchen & Dining",
            "cat3": "Serveware & Drinkware",
            "brand": "anan-taya"
        },
        {
            "product-id": "463730037",
            "avg-rating": "",
            "img-url": "https://assets.ajio.com/medias/sys_master/root/20220310/5bb5/6229c18baeb26921afd1192f/-78Wx98H-463730037-grey-MODEL.jpg",
            "price": 3592,
            "was-price": 4490,
            "name": "Geometric Print Rectangle Shape Rug",
            "url": "/art-avenue-geometric-print-rectangle-shape-rug/p/463730037_grey",
            "offer-price": 2691.75,
            "rating-count": 0,
            "cat1": "Home & Kitchen",
            "cat2": "Furnishings",
            "cat3": "Rugs, Carpets & Dhurries",
            "brand": "art-avenue"
        },
        {
            "product-id": "463730025",
            "avg-rating": "",
            "img-url": "https://assets.ajio.com/medias/sys_master/root/20220310/b2RF/6229c18bf997dd03e20b42da/-78Wx98H-463730025-grey-MODEL.jpg",
            "price": 1592,
            "was-price": 1990,
            "name": "Geometric Print Rectangle Shape Rug",
            "url": "/art-avenue-geometric-print-rectangle-shape-rug/p/463730025_grey",
            "offer-price": 1192,
            "rating-count": 0,
            "cat1": "Home & Kitchen",
            "cat2": "Furnishings",
            "cat3": "Rugs, Carpets & Dhurries",
            "brand": "art-avenue"
        },
        {
            "product-id": "463728987",
            "avg-rating": "",
            "img-url": "https://assets.ajio.com/medias/sys_master/root/20220628/BVNh/62bb1f30aeb26921af4d6760/-78Wx98H-463728987-copper-MODEL.jpg",
            "price": 4900,
            "was-price": 4900,
            "name": "Set of 2 Glasses",
            "url": "/anan-taya-set-of-2-glasses/p/463728987_copper",
            "offer-price": 3900,
            "rating-count": 0,
            "cat1": "Home & Kitchen",
            "cat2": "Kitchen & Dining",
            "cat3": "Serveware & Drinkware",
            "brand": "anan-taya"
        },
        {
            "product-id": "463723610",
            "avg-rating": "",
            "img-url": "https://assets.ajio.com/medias/sys_master/root/20220128/7Ii4/61f30185aeb2695cdd33fb46/-78Wx98H-463723610-red-MODEL.jpg",
            "price": 11000,
            "was-price": 11000,
            "name": "Solid Tiered Dress",
            "url": "/kanelle-solid-tiered-dress/p/463723610_red",
            "offer-price": 10000,
            "rating-count": 0,
            "cat1": "Women",
            "cat2": "Western Wear",
            "cat3": "Dresses",
            "brand": "kanelle"
        },
        {
            "product-id": "463733347",
            "avg-rating": "",
            "img-url": "https://assets.ajio.com/medias/sys_master/root/20220129/hLIs/61f4560aaeb2695cdd3969bb/-78Wx98H-463733347-red-MODEL.jpg",
            "price": 5000,
            "was-price": 5000,
            "name": "Solid  Culottes Pant",
            "url": "/kanelle-solid-culottes-pant/p/463733347_red",
            "offer-price": 4000,
            "rating-count": 0,
            "cat1": "Women",
            "cat2": "Western Wear",
            "cat3": "Trousers & Pants",
            "brand": "kanelle"
        },
        {
            "product-id": "463734020",
            "avg-rating": "",
            "img-url": "https://assets.ajio.com/medias/sys_master/root/20220129/LYRa/61f457d7f997dd6623472295/-78Wx98H-463734020-yellow-MODEL.jpg",
            "price": 6500,
            "was-price": 6500,
            "name": "Floral Print V-neck Tunic ",
            "url": "/kanelle-floral-print-v-neck-tunic/p/463734020_yellow",
            "offer-price": 5500,
            "rating-count": 0,
            "cat1": "Women",
            "cat2": "Western Wear",
            "cat3": "Tops",
            "brand": "kanelle"
        },
        {
            "product-id": "410308048",
            "avg-rating": "",
            "img-url": "https://assets.ajio.com/medias/sys_master/root/20220128/5E76/61f4093baeb2695cdd3890c4/-78Wx98H-410308048-410-MODEL.jpg",
            "price": 19000,
            "was-price": 19000,
            "name": "Printed Shirt with Spread Collar",
            "url": "/boss-printed-shirt-with-spread-collar/p/410308048_410",
            "offer-price": 11115,
            "rating-count": 0,
            "cat1": "Men",
            "cat2": "Western Wear",
            "cat3": "Shirts",
            "brand": "boss"
        },
        {
            "product-id": "463729927",
            "avg-rating": "",
            "img-url": "https://assets.ajio.com/medias/sys_master/root/20220310/DZ4w/6229c159aeb26921afd114e5/-78Wx98H-463729927-beige-MODEL.jpg",
            "price": 6792,
            "was-price": 8490,
            "name": "Textured Rectangle Shape Handwoven Rug",
            "url": "/art-avenue-textured-rectangle-shape-handwoven-rug/p/463729927_beige",
            "offer-price": 5792,
            "rating-count": 0,
            "cat1": "Home & Kitchen",
            "cat2": "Furnishings",
            "cat3": "Rugs, Carpets & Dhurries",
            "brand": "art-avenue"
        },
        {
            "product-id": "463729500",
            "avg-rating": "",
            "img-url": "https://assets.ajio.com/medias/sys_master/root/20220630/FD4U/62bde088aeb26921af547947/-78Wx98H-463729500-copper-MODEL.jpg",
            "price": 4300,
            "was-price": 4300,
            "name": "Padma Copper Tray",
            "url": "/anan-taya-padma-copper-tray/p/463729500_copper",
            "offer-price": 3300,
            "rating-count": 0,
            "cat1": "Home & Kitchen",
            "cat2": "Kitchen & Dining",
            "cat3": "Serveware & Drinkware",
            "brand": "anan-taya"
        },
        {
            "product-id": "410234654",
            "avg-rating": "",
            "img-url": "https://assets.ajio.com/medias/sys_master/root/ajio/catalog/5f061122aeb26931758485c1/-78Wx98H-410234654-blu13-MODEL.jpg",
            "price": 7995,
            "was-price": 7995,
            "name": "Printed Shirt with Full Sleeves",
            "url": "/satya-paul-printed-shirt-with-full-sleeves/p/410234654_blu13",
            "offer-price": 2696.25,
            "rating-count": 0,
            "cat1": "Men",
            "cat2": "Western Wear",
            "cat3": "Shirts",
            "brand": "satya-paul"
        },
        {
            "product-id": "463729877",
            "avg-rating": "",
            "img-url": "https://assets.ajio.com/medias/sys_master/root/20220628/Ya5C/62bb2098f997dd03e2a5041a/-78Wx98H-463729877-silver-MODEL.jpg",
            "price": 3600,
            "was-price": 3600,
            "name": "Nafees Lassi Boota Glass",
            "url": "/anan-taya-nafees-lassi-boota-glass/p/463729877_silver",
            "offer-price": 2697.74,
            "rating-count": 0,
            "cat1": "Home & Kitchen",
            "cat2": "Kitchen & Dining",
            "cat3": "Serveware & Drinkware",
            "brand": "anan-taya"
        },
        {
            "product-id": "469091077",
            "avg-rating": "",
            "img-url": "https://assets.ajio.com/medias/sys_master/root/20220125/iczI/61f0168baeb2695cdd2ed1b0/-78Wx98H-469091077-multi-MODEL.jpg",
            "price": 35999,
            "was-price": 35999,
            "name": "Crawford Sweetheart-Neck Puff Sleeve Mini Dress",
            "url": "/alice-and-olivia-crawford-sweetheart-neck-puff-sleeve-mini-dress/p/469091077_multi",
            "offer-price": 34999,
            "rating-count": 0,
            "cat1": "Women",
            "cat2": "Western Wear",
            "cat3": "Dresses",
            "brand": "alice-and-olivia"
        },
        {
            "product-id": "463729581",
            "avg-rating": "",
            "img-url": "https://assets.ajio.com/medias/sys_master/root/20220628/LEqq/62bb35a6f997dd03e2a5304b/-78Wx98H-463729581-brown-MODEL.jpg",
            "price": 2200,
            "was-price": 2200,
            "name": "Gada Salt Pepper Shaker",
            "url": "/anan-taya-gada-salt-pepper-shaker/p/463729581_brown",
            "offer-price": 1648.62,
            "rating-count": 0,
            "cat1": "Home & Kitchen",
            "cat2": "Kitchen & Dining",
            "cat3": "Serveware & Drinkware",
            "brand": "anan-taya"
        },
        {
            "product-id": "463729940",
            "avg-rating": "",
            "img-url": "https://assets.ajio.com/medias/sys_master/root/20220310/rrFe/6229c181aeb26921afd1185e/-78Wx98H-463729940-beige-MODEL.jpg",
            "price": 4392,
            "was-price": 5490,
            "name": "Textured Rectangle Shape Handwoven Rug",
            "url": "/art-avenue-textured-rectangle-shape-handwoven-rug/p/463729940_beige",
            "offer-price": 3392,
            "rating-count": 0,
            "cat1": "Home & Kitchen",
            "cat2": "Furnishings",
            "cat3": "Rugs, Carpets & Dhurries",
            "brand": "art-avenue"
        },
        {
            "product-id": "410308008",
            "avg-rating": "",
            "img-url": "https://assets.ajio.com/medias/sys_master/root/20220128/Otwb/61f409a6aeb2695cdd38938c/-78Wx98H-410308008-100-MODEL.jpg",
            "price": 22750,
            "was-price": 35000,
            "name": "Spread Collar Slim Fit Shirt",
            "url": "/boss-spread-collar-slim-fit-shirt/p/410308008_100",
            "offer-price": 20475,
            "rating-count": 0,
            "cat1": "Men",
            "cat2": "Western Wear",
            "cat3": "Shirts",
            "brand": "boss"
        },
        {
            "product-id": "410308007",
            "avg-rating": "",
            "img-url": "https://assets.ajio.com/medias/sys_master/root/20220128/Y68A/61f404fbf997dd662345f63e/-78Wx98H-410308007-001-MODEL.jpg",
            "price": 35000,
            "was-price": 35000,
            "name": "Cotton Slim Fit Shirt",
            "url": "/boss-cotton-slim-fit-shirt/p/410308007_001",
            "offer-price": 20475,
            "rating-count": 0,
            "cat1": "Men",
            "cat2": "Western Wear",
            "cat3": "Shirts",
            "brand": "boss"
        },
        {
            "product-id": "410308011",
            "avg-rating": "",
            "img-url": "https://assets.ajio.com/medias/sys_master/root/20220128/BMfW/61f40b8ef997dd6623461a72/-78Wx98H-410308011-215-MODEL.jpg",
            "price": 15000,
            "was-price": 15000,
            "name": "Cotton Slim Fit Shirt",
            "url": "/boss-cotton-slim-fit-shirt/p/410308011_215",
            "offer-price": 8750,
            "rating-count": 0,
            "cat1": "Men",
            "cat2": "Western Wear",
            "cat3": "Shirts",
            "brand": "boss"
        },
        {
            "product-id": "463723606",
            "avg-rating": "",
            "img-url": "https://assets.ajio.com/medias/sys_master/root/20220128/B2Gp/61f30389aeb2695cdd3424dc/-78Wx98H-463723606-yellow-MODEL.jpg",
            "price": 12500,
            "was-price": 12500,
            "name": "Floral Print A-line Dress",
            "url": "/kanelle-floral-print-a-line-dress/p/463723606_yellow",
            "offer-price": 11500,
            "rating-count": 0,
            "cat1": "Women",
            "cat2": "Western Wear",
            "cat3": "Dresses",
            "brand": "kanelle"
        },
        {
            "product-id": "410227525",
            "avg-rating": "",
            "img-url": "https://assets.ajio.com/medias/sys_master/root/20220128/XBVd/61f407dfaeb2695cdd388b99/-78Wx98H-410227525-414-MODEL.jpg",
            "price": 11000,
            "was-price": 11000,
            "name": "Embossed Brand Print Slides",
            "url": "/boss-embossed-brand-print-slides/p/410227525_414",
            "offer-price": 6150,
            "rating-count": 0,
            "cat1": "Men",
            "cat2": "Footwear",
            "cat3": "Flip Flop & Slippers",
            "brand": "boss"
        },
        {
            "product-id": "410227525",
            "avg-rating": "",
            "img-url": "https://assets.ajio.com/medias/sys_master/root/20220128/KfZF/61f40aa2f997dd66234614c8/-78Wx98H-410227525-014-MODEL.jpg",
            "price": 11000,
            "was-price": 11000,
            "name": "Embossed Brand Print Slides",
            "url": "/boss-embossed-brand-print-slides/p/410227525_014",
            "offer-price": 6150,
            "rating-count": 0,
            "cat1": "Men",
            "cat2": "Footwear",
            "cat3": "Flip Flop & Slippers",
            "brand": "boss"
        },
        {
            "product-id": "410308001",
            "avg-rating": "",
            "img-url": "https://assets.ajio.com/medias/sys_master/root/20220128/avSN/61f40c7bf997dd6623461fa9/-78Wx98H-410308001-512-MODEL.jpg",
            "price": 15000,
            "was-price": 15000,
            "name": "Printed Slim Fit Shirt",
            "url": "/boss-printed-slim-fit-shirt/p/410308001_512",
            "offer-price": 8750,
            "rating-count": 0,
            "cat1": "Men",
            "cat2": "Western Wear",
            "cat3": "Shirts",
            "brand": "boss"
        },
        {
            "product-id": "463734996",
            "avg-rating": "",
            "img-url": "https://assets.ajio.com/medias/sys_master/root/20220129/M1Gq/61f45927aeb2695cdd3998ab/-78Wx98H-463734996-yellow-MODEL.jpg",
            "price": 8000,
            "was-price": 8000,
            "name": "Striped A-line Dress",
            "url": "/kanelle-striped-a-line-dress/p/463734996_yellow",
            "offer-price": 7000,
            "rating-count": 0,
            "cat1": "Women",
            "cat2": "Western Wear",
            "cat3": "Dresses",
            "brand": "kanelle"
        },
        {
            "product-id": "463735395",
            "avg-rating": "",
            "img-url": "https://assets.ajio.com/medias/sys_master/root/20220408/pDCU/6250003df997dd03e24f12b3/-78Wx98H-463735395-beige-MODEL.jpg",
            "price": 6000,
            "was-price": 6000,
            "name": "Romper with Ruffled Panels",
            "url": "/jasmine-and-alaia-romper-with-ruffled-panels/p/463735395_beige",
            "offer-price": 5000,
            "rating-count": 0,
            "cat1": "Infants",
            "cat2": "Western Wear",
            "cat3": "Rompers & Onesies",
            "brand": "jasmine-and-alaia"
        }
    ],
    "ajio": [],
    "": []
}