{
    "": [],
    "ajio": [],
    "luxe.ajio": [
        {
            "product-id": "410159185",
            "avg-rating": "",
            "img-url": "https://assets.ajio.com/medias/sys_master/root/h23/h8e/14058698833950/-78Wx98H-410159185-navy-MODEL.jpg",
            "price": 17500,
            "was-price": 17500,
            "name": "Mid-Rise Slim Fit Jeans",
            "url": "/boss-mid-rise-slim-fit-jeans/p/410159185_navy",
            "offer-price": 10237.5,
            "rating-count": 0,
            "cat1": "Men",
            "cat2": "Western Wear",
            "cat3": "Jeans",
            "brand": "boss"
        },
        {
            "product-id": "410159214",
            "avg-rating": "",
            "img-url": "https://assets.ajio.com/medias/sys_master/root/20220415/BecY/62586bf2f997dd03e25f4a91/-78Wx98H-410159214-silver-MODEL.jpg",
            "price": 33000,
            "was-price": 33000,
            "name": "Slim Fit Flat-Front Trousers",
            "url": "/boss-slim-fit-flat-front-trousers/p/410159214_silver",
            "offer-price": 19305,
            "rating-count": 0,
            "cat1": "Men",
            "cat2": "Western Wear",
            "cat3": "Trousers & Pants",
            "brand": "boss"
        },
        {
            "product-id": "410083078",
            "avg-rating": "",
            "img-url": "https://assets.ajio.com/medias/sys_master/root/h9a/hae/11284184891422/-78Wx98H-410083078-red-MODEL.jpg",
            "price": 2095,
            "was-price": 2095,
            "name": "Padded Demi-Cup Bra",
            "url": "/hunkemoller-padded-demi-cup-bra/p/410083078_red",
            "offer-price": 862.55,
            "rating-count": 0,
            "cat1": "Women",
            "cat2": "Lingerie & Innerwear",
            "cat3": "Bras",
            "brand": "hunkemoller"
        },
        {
            "product-id": "410159233",
            "avg-rating": "",
            "img-url": "https://assets.ajio.com/medias/sys_master/root/20220415/04fN/62587550aeb26921af221794/-78Wx98H-410159233-darkblue-MODEL.jpg",
            "price": 1300,
            "was-price": 2000,
            "name": "Striped Mid-Calf Length Socks",
            "url": "/boss-striped-mid-calf-length-socks/p/410159233_darkblue",
            "offer-price": 973.37,
            "rating-count": 0,
            "cat1": "Men",
            "cat2": "Clothing Accessories",
            "cat3": "Socks",
            "brand": "boss"
        },
        {
            "product-id": "410159233",
            "avg-rating": "",
            "img-url": "https://assets.ajio.com/medias/sys_master/root/20220415/UPyW/62586de3f997dd03e25f543f/-78Wx98H-410159233-darkred-MODEL.jpg",
            "price": 2000,
            "was-price": 2000,
            "name": "Striped Mid-Calf Length Socks",
            "url": "/boss-striped-mid-calf-length-socks/p/410159233_darkred",
            "offer-price": 973.37,
            "rating-count": 0,
            "cat1": "Men",
            "cat2": "Clothing Accessories",
            "cat3": "Socks",
            "brand": "boss"
        },
        {
            "product-id": "410159171",
            "avg-rating": "",
            "img-url": "https://assets.ajio.com/medias/sys_master/root/20220415/D3W0/625873f9f997dd03e25f6d34/-78Wx98H-410159171-pastelgrey-MODEL.jpg",
            "price": 13000,
            "was-price": 13000,
            "name": "Slim Fit Shirt with Spread Collar",
            "url": "/boss-slim-fit-shirt-with-spread-collar/p/410159171_pastelgrey",
            "offer-price": 7450,
            "rating-count": 0,
            "cat1": "Men",
            "cat2": "Western Wear",
            "cat3": "Shirts",
            "brand": "boss"
        },
        {
            "product-id": "410074040",
            "avg-rating": "",
            "img-url": "https://assets.ajio.com/medias/sys_master/root/20201126/f31M/5fbf8d0eaeb269d5631e709f/-78Wx98H-410074040-wht-MODEL.jpg",
            "price": 1317,
            "was-price": 2395,
            "name": "Non-Padded Bra with Lace",
            "url": "/hunkemoller-non-padded-bra-with-lace/p/410074040_wht",
            "offer-price": 986.1,
            "rating-count": 0,
            "cat1": "Women",
            "cat2": "Lingerie & Innerwear",
            "cat3": "Bras",
            "brand": "hunkemoller"
        },
        {
            "product-id": "410055662",
            "avg-rating": "",
            "img-url": "https://assets.ajio.com/medias/sys_master/root/20201126/JnUL/5fbf8d5df997dd8c83abbe3d/-78Wx98H-410055662-dprple-MODEL.jpg",
            "price": 877,
            "was-price": 1595,
            "name": "Low-Rise Bikini Panty",
            "url": "/hunkemoller-low-rise-bikini-panty/p/410055662_dprple",
            "offer-price": 655.54,
            "rating-count": 0,
            "cat1": "Women",
            "cat2": "Western Wear",
            "cat3": "Swimwear",
            "brand": "hunkemoller"
        },
        {
            "product-id": "410173567",
            "avg-rating": "",
            "img-url": "https://assets.ajio.com/medias/sys_master/root/20210609/nXZZ/60bfc5beaeb269a9e3dfe2bb/-78Wx98H-410173567-black-MODEL.jpg",
            "price": 14000,
            "was-price": 14000,
            "name": "Mid-Rise Slim Fit Jeans",
            "url": "/boss-mid-rise-slim-fit-jeans/p/410173567_black",
            "offer-price": 8100,
            "rating-count": 0,
            "cat1": "Men",
            "cat2": "Western Wear",
            "cat3": "Jeans",
            "brand": "boss"
        },
        {
            "product-id": "410159173",
            "avg-rating": "",
            "img-url": "https://assets.ajio.com/medias/sys_master/root/20210204/qvWD/601b018ff997dd5c40e65bc0/-78Wx98H-410159173-white-MODEL.jpg",
            "price": 12000,
            "was-price": 12000,
            "name": "Typographic Print Cotton Shirt",
            "url": "/boss-typographic-print-cotton-shirt/p/410159173_white",
            "offer-price": 6800,
            "rating-count": 0,
            "cat1": "Men",
            "cat2": "Western Wear",
            "cat3": "Shirts",
            "brand": "boss"
        },
        {
            "product-id": "410048280",
            "avg-rating": "",
            "img-url": "https://assets.ajio.com/medias/sys_master/root/20201126/hXDI/5fbf8cb3aeb269d5631e6a4d/-78Wx98H-410048280-tan-MODEL.jpg",
            "price": 767,
            "was-price": 1095,
            "name": "Panelled Hipster Panties",
            "url": "/hunkemoller-panelled-hipster-panties/p/410048280_tan",
            "offer-price": 573.31,
            "rating-count": 0,
            "cat1": "Women",
            "cat2": "Lingerie & Innerwear",
            "cat3": "Panties",
            "brand": "hunkemoller"
        },
        {
            "product-id": "410159232",
            "avg-rating": "",
            "img-url": "https://assets.ajio.com/medias/sys_master/root/ha2/hfd/14058121461790/-78Wx98H-410159232-mediumgrey-MODEL.jpg",
            "price": 3000,
            "was-price": 3000,
            "name": "Geometric Print Trunks with Elasticated Waistband",
            "url": "/boss-geometric-print-trunks-with-elasticated-waistband/p/410159232_mediumgrey",
            "offer-price": 1460.05,
            "rating-count": 0,
            "cat1": "Men",
            "cat2": "Inner Wear",
            "cat3": "Trunks",
            "brand": "boss"
        },
        {
            "product-id": "410082984",
            "avg-rating": "",
            "img-url": "https://assets.ajio.com/medias/sys_master/root/h60/h1f/11284130627614/-78Wx98H-410082984-red-MODEL.jpg",
            "price": 2495,
            "was-price": 2495,
            "name": "Arline Non-Padded Full-Cup Bra with Embellishment",
            "url": "/hunkemoller-arline-non-padded-full-cup-bra-with-embellishment/p/410082984_red",
            "offer-price": 1027.28,
            "rating-count": 0,
            "cat1": "Women",
            "cat2": "Lingerie & Innerwear",
            "cat3": "Bras",
            "brand": "hunkemoller"
        },
        {
            "product-id": "410173580",
            "avg-rating": "",
            "img-url": "https://assets.ajio.com/medias/sys_master/root/20220415/V97w/62588e26f997dd03e260807c/-78Wx98H-410173580-white-MODEL.jpg",
            "price": 15000,
            "was-price": 15000,
            "name": "Slim Fit Shirt with Spread Collar",
            "url": "/boss-slim-fit-shirt-with-spread-collar/p/410173580_white",
            "offer-price": 8750,
            "rating-count": 0,
            "cat1": "Men",
            "cat2": "Western Wear",
            "cat3": "Shirts",
            "brand": "boss"
        },
        {
            "product-id": "410159193",
            "avg-rating": "",
            "img-url": "https://assets.ajio.com/medias/sys_master/root/20220415/aYA0/62587955aeb26921af222b0a/-78Wx98H-410159193-pastelgrey-MODEL.jpg",
            "price": 13000,
            "was-price": 13000,
            "name": "Slim Fit Shirt with Cut-Away Collar",
            "url": "/boss-slim-fit-shirt-with-cut-away-collar/p/410159193_pastelgrey",
            "offer-price": 7450,
            "rating-count": 0,
            "cat1": "Men",
            "cat2": "Western Wear",
            "cat3": "Shirts",
            "brand": "boss"
        },
        {
            "product-id": "410159310",
            "avg-rating": "",
            "img-url": "https://assets.ajio.com/medias/sys_master/root/h3e/hac/14058039672862/-78Wx98H-410159310-opengreen-MODEL.jpg",
            "price": 12000,
            "was-price": 12000,
            "name": "Polka-Dot Print Shirt",
            "url": "/boss-polka-dot-print-shirt/p/410159310_opengreen",
            "offer-price": 6800,
            "rating-count": 0,
            "cat1": "Men",
            "cat2": "Western Wear",
            "cat3": "Shirts",
            "brand": "boss"
        },
        {
            "product-id": "410173608",
            "avg-rating": "",
            "img-url": "https://assets.ajio.com/medias/sys_master/root/20210209/KgqO/602186fef997dd5c40ea170b/-78Wx98H-410173608-openblue-MODEL.jpg",
            "price": 30550,
            "was-price": 47000,
            "name": "Woven Single-Breasted Blazer with Notched Lapel",
            "url": "/boss-woven-single-breasted-blazer-with-notched-lapel/p/410173608_openblue",
            "offer-price": 27495,
            "rating-count": 0,
            "cat1": "Men",
            "cat2": "Western Wear",
            "cat3": "Blazers & Waistcoats",
            "brand": "boss"
        },
        {
            "product-id": "410159116",
            "avg-rating": "",
            "img-url": "https://assets.ajio.com/medias/sys_master/root/had/h6b/14058979000350/-78Wx98H-410159116-darkblue-MODEL.jpg",
            "price": 1500,
            "was-price": 1500,
            "name": "Textured Calf-Length Socks",
            "url": "/boss-textured-calf-length-socks/p/410159116_darkblue",
            "offer-price": 728.79,
            "rating-count": 0,
            "cat1": "Men",
            "cat2": "Clothing Accessories",
            "cat3": "Socks",
            "brand": "boss"
        },
        {
            "product-id": "410079742",
            "avg-rating": "",
            "img-url": "https://assets.ajio.com/medias/sys_master/root/h34/h39/11281878548510/-78Wx98H-410079742-blk-MODEL.jpg",
            "price": 2095,
            "was-price": 2095,
            "name": "Non-Padded Full-Cup Bra",
            "url": "/hunkemoller-non-padded-full-cup-bra/p/410079742_blk",
            "offer-price": 941.17,
            "rating-count": 0,
            "cat1": "Women",
            "cat2": "Lingerie & Innerwear",
            "cat3": "Bras",
            "brand": "hunkemoller"
        },
        {
            "product-id": "410223071",
            "avg-rating": "",
            "img-url": "https://assets.ajio.com/medias/sys_master/root/he9/h74/14380552126494/-78Wx98H-410223071-denimnero-MODEL.jpg",
            "price": 26000,
            "was-price": 26000,
            "name": "J06 Slim Fit Jeans with Insert Pockets",
            "url": "/emporio-armani-j06-slim-fit-jeans-with-insert-pockets/p/410223071_denimnero",
            "offer-price": 13260,
            "rating-count": 0,
            "cat1": "Men",
            "cat2": "Western Wear",
            "cat3": "Jeans",
            "brand": "emporio-armani"
        },
        {
            "product-id": "410223081",
            "avg-rating": "",
            "img-url": "https://assets.ajio.com/medias/sys_master/root/ha1/h86/14380804866078/-78Wx98H-410223081-verde-MODEL.jpg",
            "price": 28000,
            "was-price": 28000,
            "name": "J10 Washed Slim Fit Jeans",
            "url": "/emporio-armani-j10-washed-slim-fit-jeans/p/410223081_verde",
            "offer-price": 14280,
            "rating-count": 0,
            "cat1": "Men",
            "cat2": "Western Wear",
            "cat3": "Jeans",
            "brand": "emporio-armani"
        },
        {
            "product-id": "410222287",
            "avg-rating": "",
            "img-url": "https://assets.ajio.com/medias/sys_master/root/h97/hc7/14381101842462/-78Wx98H-410222287-biancoseta-MODEL.jpg",
            "price": 28000,
            "was-price": 28000,
            "name": "Panelled Cotton Slim Fit Shirt",
            "url": "/emporio-armani-panelled-cotton-slim-fit-shirt/p/410222287_biancoseta",
            "offer-price": 14280,
            "rating-count": 0,
            "cat1": "Men",
            "cat2": "Western Wear",
            "cat3": "Shirts",
            "brand": "emporio-armani"
        },
        {
            "product-id": "410225311",
            "avg-rating": "",
            "img-url": "https://assets.ajio.com/medias/sys_master/root/h3e/hf4/14357389082654/-78Wx98H-410225311-darkblue-MODEL.jpg",
            "price": 15500,
            "was-price": 15500,
            "name": "Slim Fit Cotton Polo T-shirt",
            "url": "/boss-slim-fit-cotton-polo-t-shirt/p/410225311_darkblue",
            "offer-price": 9067.5,
            "rating-count": 0,
            "cat1": "Men",
            "cat2": "Night & Lounge Wear",
            "cat3": "Tshirts",
            "brand": "boss"
        },
        {
            "product-id": "410113412",
            "avg-rating": "",
            "img-url": "https://assets.ajio.com/medias/sys_master/root/h22/hce/17072246685726/-78Wx98H-410113412-white-MODEL.jpg",
            "price": 7150,
            "was-price": 11000,
            "name": "Cotton Polo T-shirt",
            "url": "/boss-cotton-polo-t-shirt/p/410113412_white",
            "offer-price": 6150,
            "rating-count": 0,
            "cat1": "Men",
            "cat2": "Night & Lounge Wear",
            "cat3": "Tshirts",
            "brand": "boss"
        },
        {
            "product-id": "410223024",
            "avg-rating": "",
            "img-url": "https://assets.ajio.com/medias/sys_master/root/h5c/hfa/14380913950750/-78Wx98H-410223024-biancoottico-MODEL.jpg",
            "price": 18000,
            "was-price": 18000,
            "name": "Slim Fit Shirt with Patch Pocket",
            "url": "/emporio-armani-slim-fit-shirt-with-patch-pocket/p/410223024_biancoottico",
            "offer-price": 9180,
            "rating-count": 0,
            "cat1": "Men",
            "cat2": "Western Wear",
            "cat3": "Shirts",
            "brand": "emporio-armani"
        },
        {
            "product-id": "410222295",
            "avg-rating": "",
            "img-url": "https://assets.ajio.com/medias/sys_master/root/hb5/hb7/14380702793758/-78Wx98H-410222295-notte-MODEL.jpg",
            "price": 15600,
            "was-price": 26000,
            "name": "Slim Fit Flat-Front Trousers",
            "url": "/emporio-armani-slim-fit-flat-front-trousers/p/410222295_notte",
            "offer-price": 13260,
            "rating-count": 0,
            "cat1": "Men",
            "cat2": "Western Wear",
            "cat3": "Trousers & Pants",
            "brand": "emporio-armani"
        },
        {
            "product-id": "410222957",
            "avg-rating": "",
            "img-url": "https://assets.ajio.com/medias/sys_master/root/h1a/hbb/14380835536926/-78Wx98H-410222957-bianco-MODEL.jpg",
            "price": 16000,
            "was-price": 16000,
            "name": "Cotton Slim Fit Shirt",
            "url": "/emporio-armani-cotton-slim-fit-shirt/p/410222957_bianco",
            "offer-price": 8160,
            "rating-count": 0,
            "cat1": "Men",
            "cat2": "Western Wear",
            "cat3": "Shirts",
            "brand": "emporio-armani"
        },
        {
            "product-id": "410293604",
            "avg-rating": "",
            "img-url": "https://assets.ajio.com/medias/sys_master/root/20211221/3x6n/61c0de94aeb269011013ac2f/-78Wx98H-410293604-02-MODEL.jpg",
            "price": 10000,
            "was-price": 10000,
            "name": "Printed Regular Fit Organic Cotton T-Shirt",
            "url": "/ps-paul-smith-printed-regular-fit-organic-cotton-t-shirt/p/410293604_02",
            "offer-price": 5400,
            "rating-count": 0,
            "cat1": "Men",
            "cat2": "Western Wear",
            "cat3": "Tshirts",
            "brand": "ps-paul-smith"
        },
        {
            "product-id": "410293604",
            "avg-rating": "",
            "img-url": "https://assets.ajio.com/medias/sys_master/root/20211221/Dxrt/61c0d26bf997ddf8f157e631/-78Wx98H-410293604-45-MODEL.jpg",
            "price": 6000,
            "was-price": 10000,
            "name": "Printed Regular Fit Organic Cotton T-Shirt",
            "url": "/ps-paul-smith-printed-regular-fit-organic-cotton-t-shirt/p/410293604_45",
            "offer-price": 5400,
            "rating-count": 0,
            "cat1": "Men",
            "cat2": "Western Wear",
            "cat3": "Tshirts",
            "brand": "ps-paul-smith"
        },
        {
            "product-id": "463527569",
            "avg-rating": "",
            "img-url": "https://assets.ajio.com/medias/sys_master/root/20211221/Qx6x/61c0ff44aeb2690110151dae/-78Wx98H-463527569-multi-MODEL.jpg",
            "price": 1470,
            "was-price": 1470,
            "name": " Pack of 3 Car Jar Air Freshener",
            "url": "/yankee-candles-pack-of-3-car-jar-air-freshener/p/463527569_multi",
            "offer-price": 770.46,
            "rating-count": 0,
            "cat1": "Home & Kitchen",
            "cat2": "Decor & Gifting",
            "cat3": "Home Fragrances",
            "brand": "yankee-candles"
        },
        {
            "product-id": "463527562",
            "avg-rating": "",
            "img-url": "https://assets.ajio.com/medias/sys_master/root/20220310/M1Kw/6229c16df997dd03e20b402a/-78Wx98H-463527562-maroon-MODEL.jpg",
            "price": 2239,
            "was-price": 2799,
            "name": "Lumbar Cushion Cover",
            "url": "/art-avenue-lumbar-cushion-cover/p/463527562_maroon",
            "offer-price": 1677.85,
            "rating-count": 0,
            "cat1": "Home & Kitchen",
            "cat2": "Furnishings",
            "cat3": "Cushions & Pillows",
            "brand": "art-avenue"
        },
        {
            "product-id": "463528150",
            "avg-rating": "",
            "img-url": "https://assets.ajio.com/medias/sys_master/root/20220310/XCdK/6229c14eaeb26921afd113f0/-78Wx98H-463528150-grey-MODEL.jpg",
            "price": 8392,
            "was-price": 10490,
            "name": "Alwar Printed Rug",
            "url": "/art-avenue-alwar-printed-rug/p/463528150_grey",
            "offer-price": 7392,
            "rating-count": 0,
            "cat1": "Home & Kitchen",
            "cat2": "Furnishings",
            "cat3": "Rugs, Carpets & Dhurries",
            "brand": "art-avenue"
        },
        {
            "product-id": "463533987",
            "avg-rating": "",
            "img-url": "https://assets.ajio.com/medias/sys_master/root/20211222/qdoh/61c24462aeb269011016dc72/-78Wx98H-463533987-green-MODEL.jpg",
            "price": 1690,
            "was-price": 1690,
            "name": "Nourishing Cream - Basil & Lavender 100 gm",
            "url": "/ohria-ayurveda-nourishing-cream-basil-lavender-100-gm/p/463533987_green",
            "offer-price": 1265.38,
            "rating-count": 0,
            "cat1": "Women",
            "cat2": "Personal Care",
            "cat3": "Skin Care",
            "brand": "ohria-ayurveda"
        },
        {
            "product-id": "410293607",
            "avg-rating": "",
            "img-url": "https://assets.ajio.com/medias/sys_master/root/20211221/EZdH/61c0d5bdaeb2690110138723/-78Wx98H-410293607-02-MODEL.jpg",
            "price": 6900,
            "was-price": 11500,
            "name": "Striped Regular Fit Organic Cotton Polo T-Shirt",
            "url": "/ps-paul-smith-striped-regular-fit-organic-cotton-polo-t-shirt/p/410293607_02",
            "offer-price": 6210,
            "rating-count": 0,
            "cat1": "Men",
            "cat2": "Western Wear",
            "cat3": "Tshirts",
            "brand": "ps-paul-smith"
        },
        {
            "product-id": "463527519",
            "avg-rating": "",
            "img-url": "https://assets.ajio.com/medias/sys_master/root/20211221/W6Fk/61c0fa83aeb269011014dd65/-78Wx98H-463527519-multi-MODEL.jpg",
            "price": 1960,
            "was-price": 1960,
            "name": "Pack of 2  Smart Scent Vent Clip Air Freshener",
            "url": "/yankee-candles-pack-of-2-smart-scent-vent-clip-air-freshener/p/463527519_multi",
            "offer-price": 1027.28,
            "rating-count": 0,
            "cat1": "Home & Kitchen",
            "cat2": "Decor & Gifting",
            "cat3": "Home Fragrances",
            "brand": "yankee-candles"
        },
        {
            "product-id": "463545169",
            "avg-rating": "",
            "img-url": "https://assets.ajio.com/medias/sys_master/root/20220310/guHq/6229c125aeb26921afd1101f/-78Wx98H-463545169-brown-MODEL.jpg",
            "price": 20100,
            "was-price": 20100,
            "name": "Embellished Slip-On Ballerinas ",
            "url": "/stanley-personal-embellished-slip-on-ballerinas/p/463545169_brown",
            "offer-price": 18090,
            "rating-count": 0,
            "cat1": "Women",
            "cat2": "Footwear",
            "cat3": "Flat Shoes",
            "brand": "stanley-personal"
        },
        {
            "product-id": "410296231",
            "avg-rating": "",
            "img-url": "https://assets.ajio.com/medias/sys_master/root/20211214/Hm8J/61b8bb59f997ddf8f150c05c/-78Wx98H-410296231-l38-MODEL.jpg",
            "price": 26500,
            "was-price": 26500,
            "name": "Smile Leopard Small Shoulder Bag",
            "url": "/kate-spade-smile-leopard-small-shoulder-bag/p/410296231_l38",
            "offer-price": 14310,
            "rating-count": 0,
            "cat1": "Women",
            "cat2": "Bags, Belts & Wallets",
            "cat3": "Handbags",
            "brand": "kate-spade"
        },
        {
            "product-id": "410296262",
            "avg-rating": "",
            "img-url": "https://assets.ajio.com/medias/sys_master/root/20211214/gp5j/61b8bb60aeb26901100c986e/-78Wx98H-410296262-t3s-MODEL.jpg",
            "price": 35500,
            "was-price": 35500,
            "name": "Bloom Medium Backpack with Adjustable Shoulder Straps",
            "url": "/kate-spade-bloom-medium-backpack-with-adjustable-shoulder-straps/p/410296262_t3s",
            "offer-price": 19170,
            "rating-count": 0,
            "cat1": "Women",
            "cat2": "Bags, Belts & Wallets",
            "cat3": "Handbags",
            "brand": "kate-spade"
        },
        {
            "product-id": "463543633",
            "avg-rating": "",
            "img-url": "https://assets.ajio.com/medias/sys_master/root/20230310/GXX1/640b3aa2aeb26924e3b67987/-78Wx98H-463543633-silver-MODEL.jpg",
            "price": 64850,
            "was-price": 64850,
            "name": "Solid Briefcases Travel Bag",
            "url": "/calvin-klein-solid-briefcases-travel-bag/p/463543633_silver",
            "offer-price": 28183,
            "rating-count": 0,
            "cat1": "Men",
            "cat2": "Bags, Belts & Wallets",
            "cat3": "Travel Bags",
            "brand": "calvin-klein"
        },
        {
            "product-id": "410298560",
            "avg-rating": "",
            "img-url": "https://assets.ajio.com/medias/sys_master/root/20211222/E3dc/61c2269eaeb269011015f2a5/-78Wx98H-410298560-d-MODEL.jpg",
            "price": 98000,
            "was-price": 98000,
            "name": "I Mclaren M-Tech Soft Satchel Bag",
            "url": "/tumi-i-mclaren-m-tech-soft-satchel-bag/p/410298560_d",
            "offer-price": 88200,
            "rating-count": 0,
            "cat1": "Men",
            "cat2": "Bags, Belts & Wallets",
            "cat3": "Travel Bags",
            "brand": "tumi"
        },
        {
            "product-id": "410297180",
            "avg-rating": "",
            "img-url": "https://assets.ajio.com/medias/sys_master/root/20211214/eB5F/61b8b275aeb26901100c67c5/-78Wx98H-410297180-960-MODEL.jpg",
            "price": 14500,
            "was-price": 14500,
            "name": "Kylie Slip-On Sneakers",
            "url": "/kate-spade-kylie-slip-on-sneakers/p/410297180_960",
            "offer-price": 7830,
            "rating-count": 0,
            "cat1": "Women",
            "cat2": "Footwear",
            "cat3": "Sneakers",
            "brand": "kate-spade"
        },
        {
            "product-id": "463539270",
            "avg-rating": "",
            "img-url": "https://assets.ajio.com/medias/sys_master/root/20230824/01n8/64e6ebc1ddf779151966799f/-78Wx98H-463539270-green-MODEL.jpg",
            "price": 7500,
            "was-price": 12500,
            "name": "Solid Relaxed Fit Blouse Top",
            "url": "/s-n-by-shantnu-nikhil-solid-relaxed-fit-blouse-top/p/463539270_green",
            "offer-price": 6500,
            "rating-count": 0,
            "cat1": "Women",
            "cat2": "Western Wear",
            "cat3": "Tops",
            "brand": "s-n-by-shantnu-nikhil"
        },
        {
            "product-id": "463540578",
            "avg-rating": "",
            "img-url": "https://assets.ajio.com/medias/sys_master/root/20221118/V5y4/63774b78f997ddfdbd832e33/-78Wx98H-463540578-multi-MODEL.jpg",
            "price": 15300,
            "was-price": 34000,
            "name": "Panelled Trolley Bag",
            "url": "/dkny-panelled-trolley-bag/p/463540578_multi",
            "offer-price": 14300,
            "rating-count": 0,
            "cat1": "Men",
            "cat2": "Bags, Belts & Wallets",
            "cat3": "Travel Bags",
            "brand": "dkny"
        },
        {
            "product-id": "463544159",
            "avg-rating": "",
            "img-url": "https://assets.ajio.com/medias/sys_master/root/20220310/1JqP/6229c107aeb26921afd10d35/-78Wx98H-463544159-brown-MODEL.jpg",
            "price": 26000,
            "was-price": 26000,
            "name": "Stacked Heel Round-toe Monk Shoes",
            "url": "/stanley-personal-stacked-heel-round-toe-monk-shoes/p/463544159_brown",
            "offer-price": 23400,
            "rating-count": 0,
            "cat1": "Men",
            "cat2": "Footwear",
            "cat3": "Formal Shoes",
            "brand": "stanley-personal"
        },
        {
            "product-id": "463544279",
            "avg-rating": "",
            "img-url": "https://assets.ajio.com/medias/sys_master/root/20240226/fM9y/65dc6d5705ac7d77bb7a456f/-78Wx98H-463544279-pink-MODEL.jpg",
            "price": 21385,
            "was-price": 32900,
            "name": "Textured Travel Bag",
            "url": "/dkny-textured-travel-bag/p/463544279_pink",
            "offer-price": 20385,
            "rating-count": 0,
            "cat1": "Men",
            "cat2": "Bags, Belts & Wallets",
            "cat3": "Travel Bags",
            "brand": "dkny"
        },
        {
            "product-id": "463546990",
            "avg-rating": "",
            "img-url": "https://assets.ajio.com/medias/sys_master/root/20220310/vep6/6229c116f997dd03e20b384c/-78Wx98H-463546990-brown-MODEL.jpg",
            "price": 26000,
            "was-price": 26000,
            "name": "Stacked Heel Monks with Buckle Fastening",
            "url": "/stanley-personal-stacked-heel-monks-with-buckle-fastening/p/463546990_brown",
            "offer-price": 23400,
            "rating-count": 0,
            "cat1": "Men",
            "cat2": "Footwear",
            "cat3": "Formal Shoes",
            "brand": "stanley-personal"
        },
        {
            "product-id": "410298671",
            "avg-rating": "",
            "img-url": "https://assets.ajio.com/medias/sys_master/root/20211214/4Db4/61b8bb60aeb26901100c9862/-78Wx98H-410298671-961-MODEL.jpg",
            "price": 19500,
            "was-price": 19500,
            "name": "Lilah Slide Sandals",
            "url": "/kate-spade-lilah-slide-sandals/p/410298671_961",
            "offer-price": 10530,
            "rating-count": 0,
            "cat1": "Women",
            "cat2": "Footwear",
            "cat3": "Heeled Sandals",
            "brand": "kate-spade"
        },
        {
            "product-id": "410299381",
            "avg-rating": "",
            "img-url": "https://assets.ajio.com/medias/sys_master/root/20211222/quTh/61c2207baeb269011015d816/-78Wx98H-410299381-001-MODEL.jpg",
            "price": 39650,
            "was-price": 61000,
            "name": "Detachable Hood Hybrid Jacket with Logo Zip",
            "url": "/boss-detachable-hood-hybrid-jacket-with-logo-zip/p/410299381_001",
            "offer-price": 35685,
            "rating-count": 0,
            "cat1": "Men",
            "cat2": "Western Wear",
            "cat3": "Jackets & Coats",
            "brand": "boss"
        },
        {
            "product-id": "410296217",
            "avg-rating": "",
            "img-url": "https://assets.ajio.com/medias/sys_master/root/20211214/oeDu/61b8b3eaaeb26901100c6ef9/-78Wx98H-410296217-blk-MODEL.jpg",
            "price": 9500,
            "was-price": 9500,
            "name": "Hoo Hoo Square-Toe Mules",
            "url": "/kate-spade-hoo-hoo-square-toe-mules/p/410296217_blk",
            "offer-price": 5130,
            "rating-count": 0,
            "cat1": "Women",
            "cat2": "Footwear",
            "cat3": "Flat Sandals",
            "brand": "kate-spade"
        },
        {
            "product-id": "463540599",
            "avg-rating": "",
            "img-url": "https://assets.ajio.com/medias/sys_master/root/20221118/Nv0h/63774be2f997ddfdbd833aea/-78Wx98H-463540599-multi-MODEL.jpg",
            "price": 38500,
            "was-price": 38500,
            "name": "Textured Trolley Bag",
            "url": "/dkny-textured-trolley-bag/p/463540599_multi",
            "offer-price": 16325,
            "rating-count": 0,
            "cat1": "Men",
            "cat2": "Bags, Belts & Wallets",
            "cat3": "Travel Bags",
            "brand": "dkny"
        },
        {
            "product-id": "463547340",
            "avg-rating": "",
            "img-url": "https://assets.ajio.com/medias/sys_master/root/20220311/d4cK/622b2b17aeb26921afd3b040/-78Wx98H-463547340-pink-MODEL.jpg",
            "price": 19850,
            "was-price": 19850,
            "name": "Ruffled Flared Kurta Suit Set",
            "url": "/nikasha-ruffled-flared-kurta-suit-set/p/463547340_pink",
            "offer-price": 18850,
            "rating-count": 0,
            "cat1": "Women",
            "cat2": "Ethnic Wear",
            "cat3": "Kurta Suit Sets",
            "brand": "nikasha"
        },
        {
            "product-id": "463536036",
            "avg-rating": "",
            "img-url": "https://assets.ajio.com/medias/sys_master/root/20211223/gH3R/61c38cf7f997ddf8f15c8a5b/-78Wx98H-463536036-black-MODEL.jpg",
            "price": 1960,
            "was-price": 1960,
            "name": " Pack of 7 Classic Votive Evergreen Mist Scented Candles",
            "url": "/yankee-candles-pack-of-7-classic-votive-evergreen-mist-scented-candles/p/463536036_black",
            "offer-price": 1027.28,
            "rating-count": 0,
            "cat1": "Home & Kitchen",
            "cat2": "Decor & Gifting",
            "cat3": "Home Fragrances",
            "brand": "yankee-candles"
        },
        {
            "product-id": "410299386",
            "avg-rating": "",
            "img-url": "https://assets.ajio.com/medias/sys_master/root/20211222/JvQE/61c22642aeb269011015f0d1/-78Wx98H-410299386-100-MODEL.jpg",
            "price": 15000,
            "was-price": 15000,
            "name": "Button-Down Slim Fit Shirt In Organic Oxford Cotton",
            "url": "/boss-button-down-slim-fit-shirt-in-organic-oxford-cotton/p/410299386_100",
            "offer-price": 8750,
            "rating-count": 0,
            "cat1": "Men",
            "cat2": "Western Wear",
            "cat3": "Shirts",
            "brand": "boss"
        },
        {
            "product-id": "463540824",
            "avg-rating": "",
            "img-url": "https://assets.ajio.com/medias/sys_master/root/20220311/GJoU/622b2c10f997dd03e20decf4/-78Wx98H-463540824-pink-MODEL.jpg",
            "price": 3500,
            "was-price": 3500,
            "name": "Striped Wristlet",
            "url": "/nikasha-striped-wristlet/p/463540824_pink",
            "offer-price": 2622.81,
            "rating-count": 0,
            "cat1": "Women",
            "cat2": "Bags, Belts & Wallets",
            "cat3": "Clutches & Wristlets",
            "brand": "nikasha"
        },
        {
            "product-id": "410299397",
            "avg-rating": "",
            "img-url": "https://assets.ajio.com/medias/sys_master/root/20211222/bwqJ/61c231e2aeb2690110162222/-78Wx98H-410299397-404-MODEL.jpg",
            "price": 20000,
            "was-price": 20000,
            "name": "Cotton Pique Polo T-shirt with Anti-Sweat Finish",
            "url": "/boss-cotton-pique-polo-t-shirt-with-anti-sweat-finish/p/410299397_404",
            "offer-price": 11700,
            "rating-count": 0,
            "cat1": "Men",
            "cat2": "Western Wear",
            "cat3": "Tshirts",
            "brand": "boss"
        },
        {
            "product-id": "410296395",
            "avg-rating": "",
            "img-url": "https://assets.ajio.com/medias/sys_master/root/20211214/QJI5/61b8ba5ef997ddf8f150b6e6/-78Wx98H-410296395-sua-MODEL.jpg",
            "price": 19500,
            "was-price": 19500,
            "name": "Fab Spade Flower Jacquard Espadrille Wedges",
            "url": "/kate-spade-fab-spade-flower-jacquard-espadrille-wedges/p/410296395_sua",
            "offer-price": 10530,
            "rating-count": 0,
            "cat1": "Women",
            "cat2": "Footwear",
            "cat3": "Heeled Sandals",
            "brand": "kate-spade"
        },
        {
            "product-id": "410296357",
            "avg-rating": "",
            "img-url": "https://assets.ajio.com/medias/sys_master/root/20211214/yyTH/61b8b1ebaeb26901100c62c8/-78Wx98H-410296357-116-MODEL.jpg",
            "price": 17500,
            "was-price": 17500,
            "name": "Spade Floral Print Zip-Around Continental Wallet",
            "url": "/kate-spade-spade-floral-print-zip-around-continental-wallet/p/410296357_116",
            "offer-price": 11025,
            "rating-count": 0,
            "cat1": "Women",
            "cat2": "Bags, Belts & Wallets",
            "cat3": "Wallets",
            "brand": "kate-spade"
        },
        {
            "product-id": "410296213",
            "avg-rating": "",
            "img-url": "https://assets.ajio.com/medias/sys_master/root/20211214/MT1K/61b8b976aeb26901100c8d2b/-78Wx98H-410296213-blk-MODEL.jpg",
            "price": 16500,
            "was-price": 16500,
            "name": "Meg Pointed-Toe Mules",
            "url": "/kate-spade-meg-pointed-toe-mules/p/410296213_blk",
            "offer-price": 8910,
            "rating-count": 0,
            "cat1": "Women",
            "cat2": "Footwear",
            "cat3": "Flat Sandals",
            "brand": "kate-spade"
        },
        {
            "product-id": "463544479",
            "avg-rating": "",
            "img-url": "https://assets.ajio.com/medias/sys_master/root/20221118/vM2E/63774be7aeb269659c9b6539/-78Wx98H-463544479-blue-MODEL.jpg",
            "price": 21400,
            "was-price": 21400,
            "name": "Panelled Trolley Bag",
            "url": "/dkny-panelled-trolley-bag/p/463544479_blue",
            "offer-price": 8630,
            "rating-count": 0,
            "cat1": "Men",
            "cat2": "Bags, Belts & Wallets",
            "cat3": "Travel Bags",
            "brand": "dkny"
        },
        {
            "product-id": "463546999",
            "avg-rating": "",
            "img-url": "https://assets.ajio.com/medias/sys_master/root/20240310/scA3/65ed7e8316fd2c6e6a4b0db9/-78Wx98H-463546999-grey-MODEL.jpg",
            "price": 22700,
            "was-price": 22700,
            "name": "Stacked Heel Slip-On Formal Boots",
            "url": "/stanley-personal-stacked-heel-slip-on-formal-boots/p/463546999_grey",
            "offer-price": 20430,
            "rating-count": 0,
            "cat1": "Men",
            "cat2": "Footwear",
            "cat3": "Formal Shoes",
            "brand": "stanley-personal"
        },
        {
            "product-id": "410289545",
            "avg-rating": "",
            "img-url": "https://assets.ajio.com/medias/sys_master/root/20211214/566q/61b8b5e5aeb26901100c792f/-78Wx98H-410289545-757-MODEL.jpg",
            "price": 6990,
            "was-price": 6990,
            "name": "Set of 2 Heartful Ring",
            "url": "/kate-spade-set-of-2-heartful-ring/p/410289545_757",
            "offer-price": 5032.8,
            "rating-count": 0,
            "cat1": "Women",
            "cat2": "Fashion Jewellery",
            "cat3": "Rings",
            "brand": "kate-spade"
        },
        {
            "product-id": "463544130",
            "avg-rating": "",
            "img-url": "https://assets.ajio.com/medias/sys_master/root/20230411/ysiR/64355f78711cf97ba71b4cc0/-78Wx98H-463544130-blue-MODEL.jpg",
            "price": 2750,
            "was-price": 2750,
            "name": "Stanford Leather Magnetic Money Clip-Blue",
            "url": "/lapis-bard-stanford-leather-magnetic-money-clip-blue/p/463544130_blue",
            "offer-price": 2474,
            "rating-count": 0,
            "cat1": "Home & Kitchen",
            "cat2": "Decor & Gifting",
            "cat3": "Stationery & Organisers",
            "brand": "lapis-bard"
        },
        {
            "product-id": "410074043",
            "avg-rating": "",
            "img-url": "https://assets.ajio.com/medias/sys_master/root/h1d/hce/11322214711326/-78Wx98H-410074043-blk-MODEL.jpg",
            "price": 777,
            "was-price": 1295,
            "name": "Diva Lace String Briefs ",
            "url": "/hunkemoller-diva-lace-string-briefs/p/410074043_blk",
            "offer-price": 580.79,
            "rating-count": 0,
            "cat1": "Women",
            "cat2": "Lingerie & Innerwear",
            "cat3": "Panties",
            "brand": "hunkemoller"
        },
        {
            "product-id": "410299410",
            "avg-rating": "",
            "img-url": "https://assets.ajio.com/medias/sys_master/root/20211222/04Mv/61c22da4f997ddf8f15aa55f/-78Wx98H-410299410-001-MODEL.jpg",
            "price": 69000,
            "was-price": 69000,
            "name": "Logo Embroidered Down Jacket In Water-Repellent Fabric",
            "url": "/boss-logo-embroidered-down-jacket-in-water-repellent-fabric/p/410299410_001",
            "offer-price": 40365,
            "rating-count": 0,
            "cat1": "Men",
            "cat2": "Western Wear",
            "cat3": "Jackets & Coats",
            "brand": "boss"
        },
        {
            "product-id": "463536080",
            "avg-rating": "",
            "img-url": "https://assets.ajio.com/medias/sys_master/root/20211223/aOQx/61c38b66f997ddf8f15c67ce/-78Wx98H-463536080-white-MODEL.jpg",
            "price": 1400,
            "was-price": 1400,
            "name": " Pack of 5 Classic Votive Midnight Jasmine Scented Candles",
            "url": "/yankee-candles-pack-of-5-classic-votive-midnight-jasmine-scented-candles/p/463536080_white",
            "offer-price": 732.53,
            "rating-count": 0,
            "cat1": "Home & Kitchen",
            "cat2": "Decor & Gifting",
            "cat3": "Home Fragrances",
            "brand": "yankee-candles"
        },
        {
            "product-id": "463536035",
            "avg-rating": "",
            "img-url": "https://assets.ajio.com/medias/sys_master/root/20211223/enuX/61c38dc6aeb269011017f729/-78Wx98H-463536035-white-MODEL.jpg",
            "price": 2760,
            "was-price": 2760,
            "name": "Pack of 2 Scented Candles",
            "url": "/yankee-candles-pack-of-2-scented-candles/p/463536035_white",
            "offer-price": 1446.57,
            "rating-count": 0,
            "cat1": "Home & Kitchen",
            "cat2": "Decor & Gifting",
            "cat3": "Home Fragrances",
            "brand": "yankee-candles"
        },
        {
            "product-id": "410299406",
            "avg-rating": "",
            "img-url": "https://assets.ajio.com/medias/sys_master/root/20211125/NvAg/619fa5ecf997ddf8f11a5a4e/-78Wx98H-410299406-310-MODEL.jpg",
            "price": 16250,
            "was-price": 25000,
            "name": "Zip-Front Colourblock Sweatshirt",
            "url": "/boss-zip-front-colourblock-sweatshirt/p/410299406_310",
            "offer-price": 14625,
            "rating-count": 0,
            "cat1": "Men",
            "cat2": "Western Wear",
            "cat3": "Sweatshirt & Hoodies",
            "brand": "boss"
        },
        {
            "product-id": "463547002",
            "avg-rating": "",
            "img-url": "https://assets.ajio.com/medias/sys_master/root/20220310/G0q4/6229c102f997dd03e20b3688/-78Wx98H-463547002-beige-MODEL.jpg",
            "price": 26700,
            "was-price": 26700,
            "name": "Stacked Heel Slip-On Formal Boots",
            "url": "/stanley-personal-stacked-heel-slip-on-formal-boots/p/463547002_beige",
            "offer-price": 24030,
            "rating-count": 0,
            "cat1": "Men",
            "cat2": "Footwear",
            "cat3": "Formal Shoes",
            "brand": "stanley-personal"
        },
        {
            "product-id": "410296353",
            "avg-rating": "",
            "img-url": "https://assets.ajio.com/medias/sys_master/root/20211214/QkcZ/61b8b8a9f997ddf8f150b088/-78Wx98H-410296353-116-MODEL.jpg",
            "price": 4500,
            "was-price": 4500,
            "name": "Spade Floral Print Coated Canvas Cardholder",
            "url": "/kate-spade-spade-floral-print-coated-canvas-cardholder/p/410296353_116",
            "offer-price": 2835,
            "rating-count": 0,
            "cat1": "Women",
            "cat2": "Bags, Belts & Wallets",
            "cat3": "Wallets",
            "brand": "kate-spade"
        },
        {
            "product-id": "463543418",
            "avg-rating": "",
            "img-url": "https://assets.ajio.com/medias/sys_master/root/20220311/W7Qg/622b2b0cf997dd03e20dd5cb/-78Wx98H-463543418-green-MODEL.jpg",
            "price": 12000,
            "was-price": 12000,
            "name": "Pleated Sleeveless A-line Dress",
            "url": "/nikasha-pleated-sleeveless-a-line-dress/p/463543418_green",
            "offer-price": 11000,
            "rating-count": 0,
            "cat1": "Women",
            "cat2": "Western Wear",
            "cat3": "Dresses",
            "brand": "nikasha"
        },
        {
            "product-id": "463536033",
            "avg-rating": "",
            "img-url": "https://assets.ajio.com/medias/sys_master/root/20211223/cOcu/61c38e39aeb269011017fe79/-78Wx98H-463536033-pink-MODEL.jpg",
            "price": 2760,
            "was-price": 2760,
            "name": "Pack of 2 Scented Candles",
            "url": "/yankee-candles-pack-of-2-scented-candles/p/463536033_pink",
            "offer-price": 1446.57,
            "rating-count": 0,
            "cat1": "Home & Kitchen",
            "cat2": "Decor & Gifting",
            "cat3": "Home Fragrances",
            "brand": "yankee-candles"
        },
        {
            "product-id": "463546444",
            "avg-rating": "",
            "img-url": "https://assets.ajio.com/medias/sys_master/root/20230310/AWZj/640b3ba1aeb26924e3b699c6/-78Wx98H-463546444-navy-MODEL.jpg",
            "price": 21800,
            "was-price": 21800,
            "name": "Brand Print Trolley Bag",
            "url": "/calvin-klein-brand-print-trolley-bag/p/463546444_navy",
            "offer-price": 9900,
            "rating-count": 0,
            "cat1": "Men",
            "cat2": "Bags, Belts & Wallets",
            "cat3": "Travel Bags",
            "brand": "calvin-klein"
        },
        {
            "product-id": "463533944",
            "avg-rating": "",
            "img-url": "https://assets.ajio.com/medias/sys_master/root/20211222/oOyc/61c244ccaeb269011016e227/-78Wx98H-463533944-white-MODEL.jpg",
            "price": 1390,
            "was-price": 1390,
            "name": "Nourishing Lotion - Raatrani & Mint 200 gm",
            "url": "/ohria-ayurveda-nourishing-lotion-raatrani-mint-200-gm/p/463533944_white",
            "offer-price": 1040.75,
            "rating-count": 0,
            "cat1": "Women",
            "cat2": "Personal Care",
            "cat3": "Skin Care",
            "brand": "ohria-ayurveda"
        },
        {
            "product-id": "410057520",
            "avg-rating": "",
            "img-url": "https://assets.ajio.com/medias/sys_master/root/h5a/hb4/16264307441694/-78Wx98H-410057520-red-MODEL.jpg",
            "price": 1195,
            "was-price": 1195,
            "name": "Brazilian Satin Fleece Hipster Panties",
            "url": "/hunkemoller-brazilian-satin-fleece-hipster-panties/p/410057520_red",
            "offer-price": 491.09,
            "rating-count": 0,
            "cat1": "Women",
            "cat2": "Lingerie & Innerwear",
            "cat3": "Panties",
            "brand": "hunkemoller"
        }
    ]
}