{
    "trends.ajio": [
        {
            "product-id": "450137803",
            "avg-rating": "",
            "img-url": "https://assets.ajio.com/medias/sys_master/root/20210120/nPGd/60072784aeb269698151282c/-78Wx98H-450137803-blue-MODEL.jpg",
            "price": 100,
            "was-price": 249,
            "name": "Printed Thong-Strap Flip-Flops",
            "url": "/frisbee-printed-thong-strap-flip-flops/p/450137803_blue",
            "offer-price": 99.8,
            "rating-count": 0,
            "cat1": "Women",
            "cat2": "Footwear",
            "cat3": "Flip Flop & Slippers",
            "brand": "frisbee"
        },
        {
            "product-id": "441107027",
            "avg-rating": "",
            "img-url": "https://assets.ajio.com/medias/sys_master/root/20210119/mU5O/6005e192f997dd5c40dab5f0/-78Wx98H-441107027-navy-MODEL.jpg",
            "price": 600,
            "was-price": 1999,
            "name": "Printed Button-Down Shrug with Band Collar",
            "url": "/avaasa-mix-n-match-printed-button-down-shrug-with-band-collar/p/441107027_navy",
            "offer-price": 599.25,
            "rating-count": 0,
            "cat1": "Women",
            "cat2": "Fusion Wear",
            "cat3": "Jackets & Shrugs",
            "brand": "avaasa-mix-n-match"
        },
        {
            "product-id": "441102257",
            "avg-rating": "",
            "img-url": "https://assets.ajio.com/medias/sys_master/root/20210119/XE8E/6005dafdf997dd5c40daa191/-78Wx98H-441102257-maroon-MODEL.jpg",
            "price": 1299,
            "was-price": 1299,
            "name": "Straight Kurta with Embroidered Yoke",
            "url": "/avaasa-mix-n-match-straight-kurta-with-embroidered-yoke/p/441102257_maroon",
            "offer-price": 389.51,
            "rating-count": 0,
            "cat1": "Women",
            "cat2": "Ethnic Wear",
            "cat3": "Kurtas",
            "brand": "avaasa-mix-n-match"
        },
        {
            "product-id": "441103023",
            "avg-rating": "",
            "img-url": "https://assets.ajio.com/medias/sys_master/root/20210112/7ciD/5ffc9eab7cdb8c1f1425c8c4/-78Wx98H-441103023-jetblack-MODEL.jpg",
            "price": 300,
            "was-price": 999,
            "name": "Side Striped Ankle-Length Treggings",
            "url": "/rio-side-striped-ankle-length-treggings/p/441103023_jetblack",
            "offer-price": 299.62,
            "rating-count": 0,
            "cat1": "Women",
            "cat2": "Western Wear",
            "cat3": "Trousers & Pants",
            "brand": "rio"
        },
        {
            "product-id": "450137802",
            "avg-rating": "",
            "img-url": "https://assets.ajio.com/medias/sys_master/root/20210120/RdPp/600726697cdb8c1f142bb2f0/-78Wx98H-450137802-pink-MODEL.jpg",
            "price": 187,
            "was-price": 249,
            "name": "Glittered Thong-Strap Flip-Flops",
            "url": "/frisbee-glittered-thong-strap-flip-flops/p/450137802_pink",
            "offer-price": 139.78,
            "rating-count": 0,
            "cat1": "Women",
            "cat2": "Footwear",
            "cat3": "Flip Flop & Slippers",
            "brand": "frisbee"
        },
        {
            "product-id": "450132200",
            "avg-rating": "",
            "img-url": "https://assets.ajio.com/medias/sys_master/root/20210120/uzTV/600726037cdb8c1f142bb021/-78Wx98H-450132200-rylblu-MODEL.jpg",
            "price": 799,
            "was-price": 799,
            "name": "Textured Lace-Up Casual Shoes",
            "url": "/hi-attitude-textured-lace-up-casual-shoes/p/450132200_rylblu",
            "offer-price": 447.74,
            "rating-count": 0,
            "cat1": "Women",
            "cat2": "Footwear",
            "cat3": "Casual Shoes",
            "brand": "hi-attitude"
        },
        {
            "product-id": "450138852",
            "avg-rating": "",
            "img-url": "https://assets.ajio.com/medias/sys_master/root/20210120/1C7s/60072784aeb2696981512845/-78Wx98H-450138852-turquoise-MODEL.jpg",
            "price": 187,
            "was-price": 249,
            "name": "Leaf Print Thong-Strap Flip-Flops",
            "url": "/frisbee-leaf-print-thong-strap-flip-flops/p/450138852_turquoise",
            "offer-price": 139.78,
            "rating-count": 0,
            "cat1": "Women",
            "cat2": "Footwear",
            "cat3": "Flip Flop & Slippers",
            "brand": "frisbee"
        },
        {
            "product-id": "441155326",
            "avg-rating": "",
            "img-url": "https://assets.ajio.com/medias/sys_master/root/20210105/aPml/5ff372acf997dd8c17b8997a/-78Wx98H-441155326-blue-MODEL.jpg",
            "price": 699,
            "was-price": 699,
            "name": "Pack of 2 Reach For The Stars Print Bolster Pillows",
            "url": "/mila-baby-pack-of-2-reach-for-the-stars-print-bolster-pillows/p/441155326_blue",
            "offer-price": 522.48,
            "rating-count": 0,
            "cat1": "Toys & Baby Care",
            "cat2": "Baby Care",
            "cat3": "Baby Bedding & Furniture",
            "brand": "mila-baby"
        },
        {
            "product-id": "441101271",
            "avg-rating": "",
            "img-url": "https://assets.ajio.com/medias/sys_master/root/20210120/98ZX/6008479a7cdb8c1f142c005c/-78Wx98H-441101271-lightblue-MODEL.jpg",
            "price": 999,
            "was-price": 999,
            "name": "Checked Slim Fit Shirt",
            "url": "/netplay-checked-slim-fit-shirt/p/441101271_lightblue",
            "offer-price": 299.62,
            "rating-count": 0,
            "cat1": "Men",
            "cat2": "Western Wear",
            "cat3": "Shirts",
            "brand": "netplay"
        },
        {
            "product-id": "441155340",
            "avg-rating": "",
            "img-url": "https://assets.ajio.com/medias/sys_master/root/20210105/butM/5ff36528aeb2694fd307bad9/-78Wx98H-441155340-green-MODEL.jpg",
            "price": 999,
            "was-price": 999,
            "name": "Happy Days Striped Fitted Baby Cot Sheet- Small",
            "url": "/mila-baby-happy-days-striped-fitted-baby-cot-sheet-small/p/441155340_green",
            "offer-price": 537.43,
            "rating-count": 0,
            "cat1": "Toys & Baby Care",
            "cat2": "Baby Care",
            "cat3": "Baby Bedding & Furniture",
            "brand": "mila-baby"
        },
        {
            "product-id": "441112852",
            "avg-rating": "",
            "img-url": "https://assets.ajio.com/medias/sys_master/root/20210104/GyG8/5ff30b8af997dd8c17b81d33/-78Wx98H-441112852-indigo-MODEL.jpg",
            "price": 450,
            "was-price": 1499,
            "name": "Micro Print Fit & Flare Dress with Neck Tie-Up",
            "url": "/avaasa-mix-n-match-micro-print-fit-flare-dress-with-neck-tie-up/p/441112852_indigo",
            "offer-price": 449.44,
            "rating-count": 0,
            "cat1": "Women",
            "cat2": "Fusion Wear",
            "cat3": "Dresses & Gowns",
            "brand": "avaasa-mix-n-match"
        },
        {
            "product-id": "441111965",
            "avg-rating": "",
            "img-url": "https://assets.ajio.com/medias/sys_master/root/20201214/gMyQ/5fd75b09f997dd8c83c91d8c/-78Wx98H-441111965-jetblack-MODEL.jpg",
            "price": 300,
            "was-price": 999,
            "name": "Striped Dungaree Dress",
            "url": "/rio-striped-dungaree-dress/p/441111965_jetblack",
            "offer-price": 299.62,
            "rating-count": 0,
            "cat1": "Women",
            "cat2": "Western Wear",
            "cat3": "Dresses",
            "brand": "rio"
        },
        {
            "product-id": "441106225",
            "avg-rating": "",
            "img-url": "https://assets.ajio.com/medias/sys_master/root/20210105/9EPn/5ff36b27f997dd8c17b87289/-78Wx98H-441106225-jetblack-MODEL.jpg",
            "price": 499,
            "was-price": 499,
            "name": "Floral Print Pants with Drawstring Fastening",
            "url": "/rio-girls-floral-print-pants-with-drawstring-fastening/p/441106225_jetblack",
            "offer-price": 199.6,
            "rating-count": 0,
            "cat1": "Girls",
            "cat2": "Western Wear",
            "cat3": "Trousers & Pants",
            "brand": "rio-girls"
        },
        {
            "product-id": "441112609",
            "avg-rating": "",
            "img-url": "https://assets.ajio.com/medias/sys_master/root/20210112/Jf4m/5ffcab4baeb26969814b3301/-78Wx98H-441112609-jetblack-MODEL.jpg",
            "price": 300,
            "was-price": 999,
            "name": "Striped Hooded Dress with Insert Pockets",
            "url": "/teamspirit-striped-hooded-dress-with-insert-pockets/p/441112609_jetblack",
            "offer-price": 299.62,
            "rating-count": 0,
            "cat1": "Women",
            "cat2": "Western Wear",
            "cat3": "Dresses",
            "brand": "teamspirit"
        },
        {
            "product-id": "441101113",
            "avg-rating": "",
            "img-url": "https://assets.ajio.com/medias/sys_master/root/20211012/B43Z/6165c3d3f997dd3ed46ce9f5/-78Wx98H-441101113-darkblue-MODEL.jpg",
            "price": 1299,
            "was-price": 1299,
            "name": "Washed Straight Fit Cropped Jeans",
            "url": "/dnmx-washed-straight-fit-cropped-jeans/p/441101113_darkblue",
            "offer-price": 389.51,
            "rating-count": 0,
            "cat1": "Women",
            "cat2": "Western Wear",
            "cat3": "Jeans & Jeggings",
            "brand": "dnmx"
        },
        {
            "product-id": "441101167",
            "avg-rating": "",
            "img-url": "https://assets.ajio.com/medias/sys_master/root/20210113/DiAg/5ffe0a6f7cdb8c1f1427ab5b/-78Wx98H-441101167-maroon-MODEL.jpg",
            "price": 480,
            "was-price": 999,
            "name": "Textured Long Shrug",
            "url": "/fig-textured-long-shrug/p/441101167_maroon",
            "offer-price": 376.85,
            "rating-count": 0,
            "cat1": "Women",
            "cat2": "Western Wear",
            "cat3": "Shrugs & Jackets",
            "brand": "fig"
        },
        {
            "product-id": "441104134",
            "avg-rating": "",
            "img-url": "https://assets.ajio.com/medias/sys_master/root/20210120/fhjk/600845bfaeb269698151741c/-78Wx98H-441104134-white-MODEL.jpg",
            "price": 300,
            "was-price": 999,
            "name": "Round-Neck Cardigan with Rosette",
            "url": "/rio-girls-round-neck-cardigan-with-rosette/p/441104134_white",
            "offer-price": 299.62,
            "rating-count": 0,
            "cat1": "Girls",
            "cat2": "Western Wear",
            "cat3": "Sweaters & Cardigans",
            "brand": "rio-girls"
        },
        {
            "product-id": "441113735",
            "avg-rating": "",
            "img-url": "https://assets.ajio.com/medias/sys_master/root/20210112/JZdV/5ffc9f9a7cdb8c1f1425cb50/-78Wx98H-441113735-white-MODEL.jpg",
            "price": 999,
            "was-price": 999,
            "name": "Printed Band Collar Shirt",
            "url": "/netplay-printed-band-collar-shirt/p/441113735_white",
            "offer-price": 299.62,
            "rating-count": 0,
            "cat1": "Men",
            "cat2": "Western Wear",
            "cat3": "Shirts",
            "brand": "netplay"
        },
        {
            "product-id": "450137803",
            "avg-rating": "",
            "img-url": "https://assets.ajio.com/medias/sys_master/root/20210120/P6wY/600725767cdb8c1f142bac8d/-78Wx98H-450137803-pink-MODEL.jpg",
            "price": 249,
            "was-price": 249,
            "name": "Printed Thong-Strap Flip-Flops",
            "url": "/frisbee-printed-thong-strap-flip-flops/p/450137803_pink",
            "offer-price": 99.8,
            "rating-count": 0,
            "cat1": "Women",
            "cat2": "Footwear",
            "cat3": "Flip Flop & Slippers",
            "brand": "frisbee"
        },
        {
            "product-id": "441113966",
            "avg-rating": "",
            "img-url": "https://assets.ajio.com/medias/sys_master/root/20201221/oM6h/5fe0bd66f997dd8c83dac4fb/-78Wx98H-441113966-navy-MODEL.jpg",
            "price": 999,
            "was-price": 999,
            "name": "Floral Print A-line Kurta with Contrast Sleeve Hems",
            "url": "/avaasa-mix-n-match-floral-print-a-line-kurta-with-contrast-sleeve-hems/p/441113966_navy",
            "offer-price": 299.62,
            "rating-count": 0,
            "cat1": "Women",
            "cat2": "Ethnic Wear",
            "cat3": "Kurtas",
            "brand": "avaasa-mix-n-match"
        },
        {
            "product-id": "441102025",
            "avg-rating": "",
            "img-url": "https://assets.ajio.com/medias/sys_master/root/20210119/dCDh/6005d4ea7cdb8c1f142b5b5e/-78Wx98H-441102025-khaki-MODEL.jpg",
            "price": 1499,
            "was-price": 1499,
            "name": "Tapered Fit Flat-Front Trousers",
            "url": "/netplay-tapered-fit-flat-front-trousers/p/441102025_khaki",
            "offer-price": 449.44,
            "rating-count": 0,
            "cat1": "Men",
            "cat2": "Western Wear",
            "cat3": "Trousers & Pants",
            "brand": "netplay"
        },
        {
            "product-id": "441103409",
            "avg-rating": "",
            "img-url": "https://assets.ajio.com/medias/sys_master/root/20210120/jr9v/60085daa7cdb8c1f142c2e84/-78Wx98H-441103409-ltgrey-MODEL.jpg",
            "price": 300,
            "was-price": 999,
            "name": "Straight Kurta with Embroidered Yoke",
            "url": "/fusion-straight-kurta-with-embroidered-yoke/p/441103409_ltgrey",
            "offer-price": 299.62,
            "rating-count": 0,
            "cat1": "Women",
            "cat2": "Ethnic Wear",
            "cat3": "Kurtas",
            "brand": "fusion"
        },
        {
            "product-id": "441151208",
            "avg-rating": "",
            "img-url": "https://assets.ajio.com/medias/sys_master/root/20210115/QSQz/6001c017aeb26969814f4e68/-78Wx98H-441151208-mintgreen-MODEL.jpg",
            "price": 3899,
            "was-price": 3899,
            "name": "Quilted Jacket with Faux-Fur Lined Hood",
            "url": "/duke-women-s-quilted-jacket-with-faux-fur-lined-hood/p/441151208_mintgreen",
            "offer-price": 2921.81,
            "rating-count": 0,
            "cat1": "Women",
            "cat2": "Western Wear",
            "cat3": "Jackets & Coats",
            "brand": "duke-women-s"
        },
        {
            "product-id": "450137264",
            "avg-rating": "",
            "img-url": "https://assets.ajio.com/medias/sys_master/root/20210120/O3Gn/600726697cdb8c1f142bb2e2/-78Wx98H-450137264-tan-MODEL.jpg",
            "price": 240,
            "was-price": 599,
            "name": "Pointed-Toe Ballerinas",
            "url": "/hi-attitude-pointed-toe-ballerinas/p/450137264_tan",
            "offer-price": 239.52,
            "rating-count": 0,
            "cat1": "Women",
            "cat2": "Footwear",
            "cat3": "Casual Shoes",
            "brand": "hi-attitude"
        },
        {
            "product-id": "450137822",
            "avg-rating": "",
            "img-url": "https://assets.ajio.com/medias/sys_master/root/20210120/rUJk/6007276bf997dd5c40db110e/-78Wx98H-450137822-navy-MODEL.jpg",
            "price": 200,
            "was-price": 499,
            "name": "Ballerinas with Bow",
            "url": "/hi-attitude-ballerinas-with-bow/p/450137822_navy",
            "offer-price": 199.6,
            "rating-count": 0,
            "cat1": "Women",
            "cat2": "Footwear",
            "cat3": "Casual Shoes",
            "brand": "hi-attitude"
        },
        {
            "product-id": "450139801",
            "avg-rating": "",
            "img-url": "https://assets.ajio.com/medias/sys_master/root/20210119/WxZt/6006f43f7cdb8c1f142b945e/-78Wx98H-450139801-grey-MODEL.jpg",
            "price": 1299,
            "was-price": 1299,
            "name": "Reptilian Pattern Penny Loafers",
            "url": "/cristofano-reptilian-pattern-penny-loafers/p/450139801_grey",
            "offer-price": 728.04,
            "rating-count": 0,
            "cat1": "Men",
            "cat2": "Footwear",
            "cat3": "Casual Shoes",
            "brand": "cristofano"
        },
        {
            "product-id": "441114188",
            "avg-rating": "",
            "img-url": "https://assets.ajio.com/medias/sys_master/root/20210115/2gu9/6001c9f47cdb8c1f142a6851/-78Wx98H-441114188-ltpeach-MODEL.jpg",
            "price": 1699,
            "was-price": 1699,
            "name": "Floral A-line Kurta with Embroidered Yoke",
            "url": "/avaasa-mix-n-match-floral-a-line-kurta-with-embroidered-yoke/p/441114188_ltpeach",
            "offer-price": 509.36,
            "rating-count": 0,
            "cat1": "Women",
            "cat2": "Ethnic Wear",
            "cat3": "Kurtas",
            "brand": "avaasa-mix-n-match"
        },
        {
            "product-id": "441100020",
            "avg-rating": "",
            "img-url": "https://assets.ajio.com/medias/sys_master/root/20240105/2bm3/65982c8774cb305fe005a912/-78Wx98H-441100020-darkpurple-MODEL.jpg",
            "price": 999,
            "was-price": 999,
            "name": "Racquet Striped Quick Dry Polo T-shirt",
            "url": "/performax-racquet-striped-quick-dry-polo-t-shirt/p/441100020_darkpurple",
            "offer-price": 186.87,
            "rating-count": 0,
            "cat1": "Men",
            "cat2": "Western Wear",
            "cat3": "Tshirts",
            "brand": "performax"
        },
        {
            "product-id": "441022783",
            "avg-rating": "",
            "img-url": "https://assets.ajio.com/medias/sys_master/root/20210120/3hmA/60084635f997dd5c40db59fb/-78Wx98H-441022783-black-MODEL.jpg",
            "price": 1699,
            "was-price": 1699,
            "name": "Skinny Jeggings with Metal Accents",
            "url": "/recap-skinny-jeggings-with-metal-accents/p/441022783_black",
            "offer-price": 1272.12,
            "rating-count": 0,
            "cat1": "Women",
            "cat2": "Western Wear",
            "cat3": "Jeans & Jeggings",
            "brand": "recap"
        },
        {
            "product-id": "441114080",
            "avg-rating": "",
            "img-url": "https://assets.ajio.com/medias/sys_master/root/20210108/k3nt/5ff87efdf997dd5c40d24bec/-78Wx98H-441114080-navy-MODEL.jpg",
            "price": 1299,
            "was-price": 1299,
            "name": "Slim Fit Flat-Front Trousers",
            "url": "/netplay-slim-fit-flat-front-trousers/p/441114080_navy",
            "offer-price": 389.51,
            "rating-count": 0,
            "cat1": "Men",
            "cat2": "Western Wear",
            "cat3": "Trousers & Pants",
            "brand": "netplay"
        },
        {
            "product-id": "441108475",
            "avg-rating": "",
            "img-url": "https://assets.ajio.com/medias/sys_master/root/20210119/BOOy/6005db04aeb269698150b5f6/-78Wx98H-441108475-olive-MODEL.jpg",
            "price": 1299,
            "was-price": 1299,
            "name": "Mock linen chino olive 36",
            "url": "/netplay-mock-linen-chino-olive-36/p/441108475_olive",
            "offer-price": 389.51,
            "rating-count": 0,
            "cat1": "Men",
            "cat2": "Western Wear",
            "cat3": "Trousers & Pants",
            "brand": "netplay"
        },
        {
            "product-id": "441100020",
            "avg-rating": "",
            "img-url": "https://assets.ajio.com/medias/sys_master/root/20220120/AjHR/61e980def997dd66232f37b7/-78Wx98H-441100020-fuchsia-MODEL.jpg",
            "price": 999,
            "was-price": 999,
            "name": "Racquet Striped Quick Dry Polo T-shirt",
            "url": "/performax-racquet-striped-quick-dry-polo-t-shirt/p/441100020_fuchsia",
            "offer-price": 186.87,
            "rating-count": 0,
            "cat1": "Men",
            "cat2": "Western Wear",
            "cat3": "Tshirts",
            "brand": "performax"
        },
        {
            "product-id": "450137471",
            "avg-rating": "",
            "img-url": "https://assets.ajio.com/medias/sys_master/root/20210120/2T0e/600726617cdb8c1f142bb200/-78Wx98H-450137471-nude-MODEL.jpg",
            "price": 699,
            "was-price": 699,
            "name": "Dual-Strap Flat Sandals",
            "url": "/hi-attitude-dual-strap-flat-sandals/p/450137471_nude",
            "offer-price": 279.44,
            "rating-count": 0,
            "cat1": "Women",
            "cat2": "Footwear",
            "cat3": "Flat Sandals",
            "brand": "hi-attitude"
        },
        {
            "product-id": "441113042",
            "avg-rating": "",
            "img-url": "https://assets.ajio.com/medias/sys_master/root/20210115/bcZS/6001bc547cdb8c1f142a4a88/-78Wx98H-441113042-white-MODEL.jpg",
            "price": 1299,
            "was-price": 1299,
            "name": "Striped A-line Dress with Fabric Belt",
            "url": "/fig-striped-a-line-dress-with-fabric-belt/p/441113042_white",
            "offer-price": 389.51,
            "rating-count": 0,
            "cat1": "Women",
            "cat2": "Western Wear",
            "cat3": "Dresses",
            "brand": "fig"
        },
        {
            "product-id": "441107139",
            "avg-rating": "",
            "img-url": "https://assets.ajio.com/medias/sys_master/root/20210104/gW4A/5ff30d72aeb2694fd3079137/-78Wx98H-441107139-wine-MODEL.jpg",
            "price": 450,
            "was-price": 1499,
            "name": "Cotton Winter Shrug",
            "url": "/fusion-cotton-winter-shrug/p/441107139_wine",
            "offer-price": 449.44,
            "rating-count": 0,
            "cat1": "Women",
            "cat2": "Fusion Wear",
            "cat3": "Jackets & Shrugs",
            "brand": "fusion"
        },
        {
            "product-id": "450137405",
            "avg-rating": "",
            "img-url": "https://assets.ajio.com/medias/sys_master/root/20210120/o6PF/600725faf997dd5c40db0045/-78Wx98H-450137405-blue-MODEL.jpg",
            "price": 499,
            "was-price": 499,
            "name": "Floral Print Loafers",
            "url": "/frisbee-floral-print-loafers/p/450137405_blue",
            "offer-price": 279.56,
            "rating-count": 0,
            "cat1": "Women",
            "cat2": "Footwear",
            "cat3": "Casual Shoes",
            "brand": "frisbee"
        },
        {
            "product-id": "441110863",
            "avg-rating": "",
            "img-url": "https://assets.ajio.com/medias/sys_master/root/20210119/4Hrj/6005d740aeb269698150aad5/-78Wx98H-441110863-black-MODEL.jpg",
            "price": 300,
            "was-price": 999,
            "name": "A-line Kurta with Embroidered Neckline",
            "url": "/avaasa-mix-n-match-a-line-kurta-with-embroidered-neckline/p/441110863_black",
            "offer-price": 299.62,
            "rating-count": 0,
            "cat1": "Women",
            "cat2": "Ethnic Wear",
            "cat3": "Kurtas",
            "brand": "avaasa-mix-n-match"
        },
        {
            "product-id": "441112609",
            "avg-rating": "",
            "img-url": "https://assets.ajio.com/medias/sys_master/root/20210112/244n/5ffcb00f7cdb8c1f1425fa00/-78Wx98H-441112609-navy-MODEL.jpg",
            "price": 300,
            "was-price": 999,
            "name": "Striped Hooded Dress with Insert Pockets",
            "url": "/teamspirit-striped-hooded-dress-with-insert-pockets/p/441112609_navy",
            "offer-price": 299.62,
            "rating-count": 0,
            "cat1": "Women",
            "cat2": "Western Wear",
            "cat3": "Dresses",
            "brand": "teamspirit"
        },
        {
            "product-id": "441101677",
            "avg-rating": "",
            "img-url": "https://assets.ajio.com/medias/sys_master/root/20210115/H4Y0/6001b905aeb26969814f382f/-78Wx98H-441101677-navy-MODEL.jpg",
            "price": 1499,
            "was-price": 1499,
            "name": "Floral Print Fit & Flare Dress with Fabric Belt",
            "url": "/fig-floral-print-fit-flare-dress-with-fabric-belt/p/441101677_navy",
            "offer-price": 565.27,
            "rating-count": 0,
            "cat1": "Women",
            "cat2": "Western Wear",
            "cat3": "Dresses",
            "brand": "fig"
        },
        {
            "product-id": "441104416",
            "avg-rating": "",
            "img-url": "https://assets.ajio.com/medias/sys_master/root/20210104/wAZP/5ff30bfdaeb2694fd3078b61/-78Wx98H-441104416-teal-MODEL.jpg",
            "price": 999,
            "was-price": 999,
            "name": "Flared Cotton Dress",
            "url": "/avaasa-mix-n-match-flared-cotton-dress/p/441104416_teal",
            "offer-price": 299.62,
            "rating-count": 0,
            "cat1": "Women",
            "cat2": "Fusion Wear",
            "cat3": "Dresses & Gowns",
            "brand": "avaasa-mix-n-match"
        },
        {
            "product-id": "441052361",
            "avg-rating": "",
            "img-url": "https://assets.ajio.com/medias/sys_master/root/20210115/bny2/6001c5b6aeb26969814f5d96/-78Wx98H-441052361-white-MODEL.jpg",
            "price": 799,
            "was-price": 799,
            "name": "Band Collar Top with Pintucks",
            "url": "/fig-band-collar-top-with-pintucks/p/441052361_white",
            "offer-price": 319.6,
            "rating-count": 0,
            "cat1": "Women",
            "cat2": "Western Wear",
            "cat3": "Tops",
            "brand": "fig"
        },
        {
            "product-id": "450137435",
            "avg-rating": "",
            "img-url": "https://assets.ajio.com/medias/sys_master/root/20210120/2ikD/600726697cdb8c1f142bb2f2/-78Wx98H-450137435-black-MODEL.jpg",
            "price": 224,
            "was-price": 299,
            "name": "Floral Print Thong-Strap Flip-Flops",
            "url": "/frisbee-floral-print-thong-strap-flip-flops/p/450137435_black",
            "offer-price": 167.43,
            "rating-count": 0,
            "cat1": "Women",
            "cat2": "Footwear",
            "cat3": "Flip Flop & Slippers",
            "brand": "frisbee"
        },
        {
            "product-id": "441113042",
            "avg-rating": "",
            "img-url": "https://assets.ajio.com/medias/sys_master/root/20210115/eRWD/6001c1ed7cdb8c1f142a55f4/-78Wx98H-441113042-ltpink-MODEL.jpg",
            "price": 1299,
            "was-price": 1299,
            "name": "Floral Print A-line Dress with Fabric Belt",
            "url": "/fig-floral-print-a-line-dress-with-fabric-belt/p/441113042_ltpink",
            "offer-price": 389.51,
            "rating-count": 0,
            "cat1": "Women",
            "cat2": "Western Wear",
            "cat3": "Dresses",
            "brand": "fig"
        },
        {
            "product-id": "441155311",
            "avg-rating": "",
            "img-url": "https://assets.ajio.com/medias/sys_master/root/20210105/BFwz/5ff35f73aeb2694fd307a6d0/-78Wx98H-441155311-blue-MODEL.jpg",
            "price": 1299,
            "was-price": 1299,
            "name": "Reach For The Stars Space Print Reversible Muslin Blanket",
            "url": "/mila-baby-reach-for-the-stars-space-print-reversible-muslin-blanket/p/441155311_blue",
            "offer-price": 972.62,
            "rating-count": 0,
            "cat1": "Toys & Baby Care",
            "cat2": "Baby Care",
            "cat3": "Baby Bedding & Furniture",
            "brand": "mila-baby"
        }
    ],
    "ajio": [],
    "": []
}