{
    "trends.ajio": [
        {
            "product-id": "441086089",
            "avg-rating": "",
            "img-url": "https://assets.ajio.com/medias/sys_master/root/20201118/V6Il/5fb53b5faeb269d56312df03/-78Wx98H-441086089-lavender-MODEL.jpg",
            "price": 4595,
            "was-price": 4595,
            "name": "Floral Print Straight Kurta with Ankle-Length Pants & Dupatta",
            "url": "/biba-floral-print-straight-kurta-with-ankle-length-pants-dupatta/p/441086089_lavender",
            "offer-price": 515.01,
            "rating-count": 0,
            "cat1": "Women",
            "cat2": "Ethnic Wear",
            "cat3": "Kurta Suit Sets",
            "brand": "biba"
        },
        {
            "product-id": "441069493",
            "avg-rating": "",
            "img-url": "https://assets.ajio.com/medias/sys_master/root/20201118/drEh/5fb539abaeb269d56312d164/-78Wx98H-441069493-aqua-MODEL.jpg",
            "price": 1799,
            "was-price": 1799,
            "name": "Straight Kurta with Tassels",
            "url": "/biba-straight-kurta-with-tassels/p/441069493_aqua",
            "offer-price": 413.77,
            "rating-count": 0,
            "cat1": "Women",
            "cat2": "Ethnic Wear",
            "cat3": "Kurtas",
            "brand": "biba"
        },
        {
            "product-id": "441084633",
            "avg-rating": "",
            "img-url": "https://assets.ajio.com/medias/sys_master/root/20201118/wCSk/5fb53970aeb269d56312cf94/-78Wx98H-441084633-black-MODEL.jpg",
            "price": 2299,
            "was-price": 2299,
            "name": "Printed A-line Kurta with Slits",
            "url": "/biba-printed-a-line-kurta-with-slits/p/441084633_black",
            "offer-price": 861.06,
            "rating-count": 0,
            "cat1": "Women",
            "cat2": "Ethnic Wear",
            "cat3": "Kurtas",
            "brand": "biba"
        },
        {
            "product-id": "441069500",
            "avg-rating": "",
            "img-url": "https://assets.ajio.com/medias/sys_master/root/20201118/Dm1I/5fb539baaeb269d56312d246/-78Wx98H-441069500-blue-MODEL.jpg",
            "price": 1599,
            "was-price": 1599,
            "name": "Floral Print Straight Kurta",
            "url": "/biba-floral-print-straight-kurta/p/441069500_blue",
            "offer-price": 777.94,
            "rating-count": 0,
            "cat1": "Women",
            "cat2": "Ethnic Wear",
            "cat3": "Kurtas",
            "brand": "biba"
        },
        {
            "product-id": "441103155",
            "avg-rating": "",
            "img-url": "https://assets.ajio.com/medias/sys_master/root/20201104/x94k/5fa1a384aeb269d563f78426/-78Wx98H-441103155-red-MODEL.jpg",
            "price": 510,
            "was-price": 1699,
            "name": "Ribbed Kurta with Front Slit",
            "url": "/fusion-ribbed-kurta-with-front-slit/p/441103155_red",
            "offer-price": 509.36,
            "rating-count": 0,
            "cat1": "Women",
            "cat2": "Ethnic Wear",
            "cat3": "Kurtas",
            "brand": "fusion"
        },
        {
            "product-id": "441069505",
            "avg-rating": "",
            "img-url": "https://assets.ajio.com/medias/sys_master/root/20201118/Cdi2/5fb53b1ef997dd8c839fb415/-78Wx98H-441069505-yellow-MODEL.jpg",
            "price": 999,
            "was-price": 999,
            "name": "Palazzos with Crochet Panels",
            "url": "/biba-palazzos-with-crochet-panels/p/441069505_yellow",
            "offer-price": 373.74,
            "rating-count": 0,
            "cat1": "Women",
            "cat2": "Ethnic Wear",
            "cat3": "Salwars & Churidars",
            "brand": "biba"
        },
        {
            "product-id": "441069757",
            "avg-rating": "",
            "img-url": "https://assets.ajio.com/medias/sys_master/root/20201118/3jzX/5fb53751aeb269d56312bdae/-78Wx98H-441069757-offwhite-MODEL.jpg",
            "price": 3599,
            "was-price": 3599,
            "name": "Checked A-line Kurta with Palazzos",
            "url": "/biba-checked-a-line-kurta-with-palazzos/p/441069757_offwhite",
            "offer-price": 726.55,
            "rating-count": 0,
            "cat1": "Women",
            "cat2": "Ethnic Wear",
            "cat3": "Kurta Suit Sets",
            "brand": "biba"
        },
        {
            "product-id": "441086103",
            "avg-rating": "",
            "img-url": "https://assets.ajio.com/medias/sys_master/root/20201118/Q74J/5fb53c4ff997dd8c839fbfa4/-78Wx98H-441086103-indigo-MODEL.jpg",
            "price": 1299,
            "was-price": 1299,
            "name": "Floral Print Straight Kurta",
            "url": "/biba-floral-print-straight-kurta/p/441086103_indigo",
            "offer-price": 298.77,
            "rating-count": 0,
            "cat1": "Women",
            "cat2": "Ethnic Wear",
            "cat3": "Kurtas",
            "brand": "biba"
        },
        {
            "product-id": "441084632",
            "avg-rating": "",
            "img-url": "https://assets.ajio.com/medias/sys_master/root/20201118/7DFi/5fb53b16aeb269d56312dc6c/-78Wx98H-441084632-black-MODEL.jpg",
            "price": 1999,
            "was-price": 1999,
            "name": "Printed Straight Kurta with Insert Pockets",
            "url": "/biba-printed-straight-kurta-with-insert-pockets/p/441084632_black",
            "offer-price": 748.74,
            "rating-count": 0,
            "cat1": "Women",
            "cat2": "Ethnic Wear",
            "cat3": "Kurtas",
            "brand": "biba"
        },
        {
            "product-id": "441069406",
            "avg-rating": "",
            "img-url": "https://assets.ajio.com/medias/sys_master/root/20201119/4qC3/5fb56a69f997dd8c839fe2c0/-78Wx98H-441069406-darkgreen-MODEL.jpg",
            "price": 496,
            "was-price": 699,
            "name": "Regular Fit Henley T-Shirt with Vented Hemline",
            "url": "/denizen-from-levis-regular-fit-henley-t-shirt-with-vented-hemline/p/441069406_darkgreen",
            "offer-price": 370.75,
            "rating-count": 0,
            "cat1": "Men",
            "cat2": "Western Wear",
            "cat3": "Tshirts",
            "brand": "denizen-from-levis"
        },
        {
            "product-id": "441069759",
            "avg-rating": "",
            "img-url": "https://assets.ajio.com/medias/sys_master/root/20201118/jxYT/5fb539e5f997dd8c839fa6ff/-78Wx98H-441069759-offwhite-MODEL.jpg",
            "price": 2000,
            "was-price": 3999,
            "name": "Stripe-Woven Straight Kurta with Palazzos & Dupatta",
            "url": "/biba-stripe-woven-straight-kurta-with-palazzos-dupatta/p/441069759_offwhite",
            "offer-price": 1498.75,
            "rating-count": 0,
            "cat1": "Women",
            "cat2": "Ethnic Wear",
            "cat3": "Kurta Suit Sets",
            "brand": "biba"
        },
        {
            "product-id": "441069601",
            "avg-rating": "",
            "img-url": "https://assets.ajio.com/medias/sys_master/root/20201118/2ef8/5fb53767aeb269d56312be75/-78Wx98H-441069601-pink-MODEL.jpg",
            "price": 2999,
            "was-price": 2999,
            "name": "Geometric Print Straight Kurta with Patch Pocket",
            "url": "/biba-geometric-print-straight-kurta-with-patch-pocket/p/441069601_pink",
            "offer-price": 1123.12,
            "rating-count": 0,
            "cat1": "Women",
            "cat2": "Ethnic Wear",
            "cat3": "Kurtas",
            "brand": "biba"
        },
        {
            "product-id": "441086103",
            "avg-rating": "",
            "img-url": "https://assets.ajio.com/medias/sys_master/root/20201118/LqRL/5fb53b9df997dd8c839fb84d/-78Wx98H-441086103-cream-MODEL.jpg",
            "price": 844,
            "was-price": 1299,
            "name": "Floral Print Straight Kurta",
            "url": "/biba-floral-print-straight-kurta/p/441086103_cream",
            "offer-price": 630.87,
            "rating-count": 0,
            "cat1": "Women",
            "cat2": "Ethnic Wear",
            "cat3": "Kurtas",
            "brand": "biba"
        },
        {
            "product-id": "441069795",
            "avg-rating": "",
            "img-url": "https://assets.ajio.com/medias/sys_master/root/20201118/Yvn1/5fb53a6daeb269d56312d781/-78Wx98H-441069795-black-MODEL.jpg",
            "price": 2498,
            "was-price": 4995,
            "name": "Striped Tunic with Palazzos & Stole",
            "url": "/biba-striped-tunic-with-palazzos-stole/p/441069795_black",
            "offer-price": 1871.93,
            "rating-count": 0,
            "cat1": "Women",
            "cat2": "Fusion Wear",
            "cat3": "Fusion Wear Sets",
            "brand": "biba"
        },
        {
            "product-id": "441100060",
            "avg-rating": "",
            "img-url": "https://assets.ajio.com/medias/sys_master/root/20230609/X5RD/64831a7542f9e729d7342762/-78Wx98H-441100060-darkgrey-MODEL.jpg",
            "price": 325,
            "was-price": 1299,
            "name": "Slim Fit Training Tights",
            "url": "/performax-slim-fit-training-tights/p/441100060_darkgrey",
            "offer-price": 242.93,
            "rating-count": 0,
            "cat1": "Women",
            "cat2": "Western Wear",
            "cat3": "Leggings",
            "brand": "performax"
        },
        {
            "product-id": "441086137",
            "avg-rating": "",
            "img-url": "https://assets.ajio.com/medias/sys_master/root/20201118/YCCy/5fb53a32f997dd8c839faafc/-78Wx98H-441086137-pink-MODEL.jpg",
            "price": 2599,
            "was-price": 2599,
            "name": "Floral Print A-line Kurta with Palazzos Set",
            "url": "/biba-floral-print-a-line-kurta-with-palazzos-set/p/441086137_pink",
            "offer-price": 973.37,
            "rating-count": 0,
            "cat1": "Women",
            "cat2": "Ethnic Wear",
            "cat3": "Kurta Suit Sets",
            "brand": "biba"
        },
        {
            "product-id": "441069598",
            "avg-rating": "",
            "img-url": "https://assets.ajio.com/medias/sys_master/root/20201118/cV1p/5fb538b9f997dd8c839f9b42/-78Wx98H-441069598-white-MODEL.jpg",
            "price": 3999,
            "was-price": 3999,
            "name": "Floral Print A-line Kurta with Notched Neckline",
            "url": "/biba-floral-print-a-line-kurta-with-notched-neckline/p/441069598_white",
            "offer-price": 1498.75,
            "rating-count": 0,
            "cat1": "Women",
            "cat2": "Ethnic Wear",
            "cat3": "Kurtas",
            "brand": "biba"
        },
        {
            "product-id": "441086145",
            "avg-rating": "",
            "img-url": "https://assets.ajio.com/medias/sys_master/root/20201118/QjA7/5fb53b9df997dd8c839fb84e/-78Wx98H-441086145-black-MODEL.jpg",
            "price": 1800,
            "was-price": 3599,
            "name": "A-line Kurta with Tassels",
            "url": "/biba-a-line-kurta-with-tassels/p/441086145_black",
            "offer-price": 1347.74,
            "rating-count": 0,
            "cat1": "Women",
            "cat2": "Ethnic Wear",
            "cat3": "Kurtas",
            "brand": "biba"
        },
        {
            "product-id": "441082795",
            "avg-rating": "",
            "img-url": "https://assets.ajio.com/medias/sys_master/root/20210318/00xw/60537e7a7cdb8c1f14668e1d/-78Wx98H-441082795-blue-MODEL.jpg",
            "price": 2099,
            "was-price": 2099,
            "name": "216 Washed Slim Fit Freedom Jeans",
            "url": "/denizen-from-levis-216-washed-slim-fit-freedom-jeans/p/441082795_blue",
            "offer-price": 282.55,
            "rating-count": 0,
            "cat1": "Men",
            "cat2": "Western Wear",
            "cat3": "Jeans",
            "brand": "denizen-from-levis"
        },
        {
            "product-id": "460659549",
            "avg-rating": "",
            "img-url": "https://assets.ajio.com/medias/sys_master/root/20201118/sKNR/5fb53cb7f997dd8c839fc35e/-78Wx98H-460659549-black-MODEL.jpg",
            "price": 1799,
            "was-price": 1799,
            "name": "Women Patterned-Knit Round-Neck Acrylic Black Cardigan",
            "url": "/outryt-women-patterned-knit-round-neck-acrylic-black-cardigan/p/460659549_black",
            "offer-price": 672.73,
            "rating-count": 0,
            "cat1": "Women",
            "cat2": "Western Wear",
            "cat3": "Sweaters & Cardigans",
            "brand": "outryt"
        },
        {
            "product-id": "441028267",
            "avg-rating": "",
            "img-url": "https://assets.ajio.com/medias/sys_master/root/20201117/RC6u/5fb3e674f997dd8c839d4814/-78Wx98H-441028267-olive-MODEL.jpg",
            "price": 2499,
            "was-price": 2499,
            "name": "Zip-Front Reversible Jacket with Button-Flap Pockets",
            "url": "/dnmx-zip-front-reversible-jacket-with-button-flap-pockets/p/441028267_olive",
            "offer-price": 749.06,
            "rating-count": 0,
            "cat1": "Men",
            "cat2": "Western Wear",
            "cat3": "Jackets & Coats",
            "brand": "dnmx"
        },
        {
            "product-id": "441084598",
            "avg-rating": "",
            "img-url": "https://assets.ajio.com/medias/sys_master/root/20201118/E78Z/5fb53945aeb269d56312ce39/-78Wx98H-441084598-magntafusha-MODEL.jpg",
            "price": 1699,
            "was-price": 1699,
            "name": "Foil Print Straight Kurta with Notched Neckline",
            "url": "/biba-foil-print-straight-kurta-with-notched-neckline/p/441084598_magntafusha",
            "offer-price": 762.97,
            "rating-count": 0,
            "cat1": "Women",
            "cat2": "Ethnic Wear",
            "cat3": "Kurtas",
            "brand": "biba"
        },
        {
            "product-id": "441082814",
            "avg-rating": "",
            "img-url": "https://assets.ajio.com/medias/sys_master/root/20210318/Ikps/60537516aeb269a9e31e767e/-78Wx98H-441082814-blue-MODEL.jpg",
            "price": 2099,
            "was-price": 2099,
            "name": "Lightly Washed Skinny Fit Jeans",
            "url": "/denizen-from-levis-lightly-washed-skinny-fit-jeans/p/441082814_blue",
            "offer-price": 1572.93,
            "rating-count": 0,
            "cat1": "Men",
            "cat2": "Western Wear",
            "cat3": "Jeans",
            "brand": "denizen-from-levis"
        },
        {
            "product-id": "441069568",
            "avg-rating": "",
            "img-url": "https://assets.ajio.com/medias/sys_master/root/20201118/7Pgm/5fb53d02aeb269d56312ec13/-78Wx98H-441069568-pink-MODEL.jpg",
            "price": 1500,
            "was-price": 2999,
            "name": "Kalamkari Print A-line Kurta",
            "url": "/biba-kalamkari-print-a-line-kurta/p/441069568_pink",
            "offer-price": 1123.12,
            "rating-count": 0,
            "cat1": "Women",
            "cat2": "Ethnic Wear",
            "cat3": "Kurtas",
            "brand": "biba"
        },
        {
            "product-id": "441069504",
            "avg-rating": "",
            "img-url": "https://assets.ajio.com/medias/sys_master/root/20201118/zgXx/5fb5375ff997dd8c839f8e3a/-78Wx98H-441069504-yellow-MODEL.jpg",
            "price": 2999,
            "was-price": 2999,
            "name": "A-line Kurta with Mandarin Collar",
            "url": "/biba-a-line-kurta-with-mandarin-collar/p/441069504_yellow",
            "offer-price": 1346.99,
            "rating-count": 0,
            "cat1": "Women",
            "cat2": "Ethnic Wear",
            "cat3": "Kurtas",
            "brand": "biba"
        },
        {
            "product-id": "441100319",
            "avg-rating": "",
            "img-url": "https://assets.ajio.com/medias/sys_master/root/20230609/NCp0/648312f242f9e729d733f9a7/-78Wx98H-441100319-olivegreen-MODEL.jpg",
            "price": 500,
            "was-price": 1999,
            "name": "QuickDry Zip-Front Jacket with Pocket",
            "url": "/performax-quickdry-zip-front-jacket-with-pocket/p/441100319_olivegreen",
            "offer-price": 373.74,
            "rating-count": 0,
            "cat1": "Men",
            "cat2": "Western Wear",
            "cat3": "Jackets & Coats",
            "brand": "performax"
        },
        {
            "product-id": "441100319",
            "avg-rating": "",
            "img-url": "https://assets.ajio.com/medias/sys_master/root/20230428/fVWz/644b84a3d55b7d0c6385cea2/-78Wx98H-441100319-ltgrey-MODEL.jpg",
            "price": 1999,
            "was-price": 1999,
            "name": "QuickDry Zip-Front Jacket with Pocket",
            "url": "/performax-quickdry-zip-front-jacket-with-pocket/p/441100319_ltgrey",
            "offer-price": 373.74,
            "rating-count": 0,
            "cat1": "Men",
            "cat2": "Western Wear",
            "cat3": "Jackets & Coats",
            "brand": "performax"
        },
        {
            "product-id": "441084601",
            "avg-rating": "",
            "img-url": "https://assets.ajio.com/medias/sys_master/root/20201118/t0EZ/5fb53addaeb269d56312daa8/-78Wx98H-441084601-navy-MODEL.jpg",
            "price": 1999,
            "was-price": 1999,
            "name": "Foil Print Straight Kurta with Band Collar",
            "url": "/biba-foil-print-straight-kurta-with-band-collar/p/441084601_navy",
            "offer-price": 972.62,
            "rating-count": 0,
            "cat1": "Women",
            "cat2": "Ethnic Wear",
            "cat3": "Kurtas",
            "brand": "biba"
        },
        {
            "product-id": "441069499",
            "avg-rating": "",
            "img-url": "https://assets.ajio.com/medias/sys_master/root/20201118/xO0z/5fb53ad5f997dd8c839fb113/-78Wx98H-441069499-indigo-MODEL.jpg",
            "price": 1999,
            "was-price": 1999,
            "name": "Boat-Neck Straight Kurta",
            "url": "/biba-boat-neck-straight-kurta/p/441069499_indigo",
            "offer-price": 748.74,
            "rating-count": 0,
            "cat1": "Women",
            "cat2": "Ethnic Wear",
            "cat3": "Kurtas",
            "brand": "biba"
        },
        {
            "product-id": "441069654",
            "avg-rating": "",
            "img-url": "https://assets.ajio.com/medias/sys_master/root/20201118/UTwP/5fb53aebaeb269d56312db57/-78Wx98H-441069654-mintgreen-MODEL.jpg",
            "price": 3299,
            "was-price": 3299,
            "name": "Embellished Anarkali Layered Kurta",
            "url": "/biba-embellished-anarkali-layered-kurta/p/441069654_mintgreen",
            "offer-price": 1235.43,
            "rating-count": 0,
            "cat1": "Women",
            "cat2": "Ethnic Wear",
            "cat3": "Kurtas",
            "brand": "biba"
        },
        {
            "product-id": "441084601",
            "avg-rating": "",
            "img-url": "https://assets.ajio.com/medias/sys_master/root/20201118/dSde/5fb53b8ff997dd8c839fb79a/-78Wx98H-441084601-magntafusha-MODEL.jpg",
            "price": 1999,
            "was-price": 1999,
            "name": "Foil Print Straight Kurta with Band Collar",
            "url": "/biba-foil-print-straight-kurta-with-band-collar/p/441084601_magntafusha",
            "offer-price": 748.74,
            "rating-count": 0,
            "cat1": "Women",
            "cat2": "Ethnic Wear",
            "cat3": "Kurtas",
            "brand": "biba"
        },
        {
            "product-id": "441071200",
            "avg-rating": "",
            "img-url": "https://assets.ajio.com/medias/sys_master/root/20231225/UZ4n/658967d9ddf7791519e59369/-78Wx98H-441071200-orange-MODEL.jpg",
            "price": 999,
            "was-price": 999,
            "name": "Regular Fit Textured Crew-Neck T-Shirt",
            "url": "/performax-regular-fit-textured-crew-neck-t-shirt/p/441071200_orange",
            "offer-price": 186.87,
            "rating-count": 0,
            "cat1": "Men",
            "cat2": "Western Wear",
            "cat3": "Tshirts",
            "brand": "performax"
        },
        {
            "product-id": "441084254",
            "avg-rating": "",
            "img-url": "https://assets.ajio.com/medias/sys_master/root/20201118/ld8Y/5fb416b8f997dd8c839daea2/-78Wx98H-441084254-bluemelange-MODEL.jpg",
            "price": 2050,
            "was-price": 2050,
            "name": "Typographic Print Hoodie with Kangaroo Pocket",
            "url": "/monte-carlo-ladies-typographic-print-hoodie-with-kangaroo-pocket/p/441084254_bluemelange",
            "offer-price": 2050,
            "rating-count": 0,
            "cat1": "Women",
            "cat2": "Western Wear",
            "cat3": "Sweatshirt & Hoodies",
            "brand": "monte-carlo-ladies"
        },
        {
            "product-id": "441104371",
            "avg-rating": "",
            "img-url": "https://assets.ajio.com/medias/sys_master/root/20201117/Dunn/5fb3eef2aeb269d56310db30/-78Wx98H-441104371-coral-MODEL.jpg",
            "price": 1299,
            "was-price": 1299,
            "name": "Jamdani Straight Kurta with Mandarin Collar",
            "url": "/siyahi-jamdani-straight-kurta-with-mandarin-collar/p/441104371_coral",
            "offer-price": 489.9,
            "rating-count": 0,
            "cat1": "Women",
            "cat2": "Ethnic Wear",
            "cat3": "Kurtas",
            "brand": "siyahi"
        },
        {
            "product-id": "441084637",
            "avg-rating": "",
            "img-url": "https://assets.ajio.com/medias/sys_master/root/20201118/3nFK/5fb53ad5f997dd8c839fb0f1/-78Wx98H-441084637-black-MODEL.jpg",
            "price": 2999,
            "was-price": 2999,
            "name": "Straight Kurta with Printed Jacket",
            "url": "/biba-straight-kurta-with-printed-jacket/p/441084637_black",
            "offer-price": 689.77,
            "rating-count": 0,
            "cat1": "Women",
            "cat2": "Ethnic Wear",
            "cat3": "Kurtas",
            "brand": "biba"
        },
        {
            "product-id": "441069570",
            "avg-rating": "",
            "img-url": "https://assets.ajio.com/medias/sys_master/root/20201118/Qu13/5fb53754f997dd8c839f8d7d/-78Wx98H-441069570-grey-MODEL.jpg",
            "price": 3599,
            "was-price": 3599,
            "name": "Kalamkari Print A-line Kurta",
            "url": "/biba-kalamkari-print-a-line-kurta/p/441069570_grey",
            "offer-price": 1347.74,
            "rating-count": 0,
            "cat1": "Women",
            "cat2": "Ethnic Wear",
            "cat3": "Kurtas",
            "brand": "biba"
        },
        {
            "product-id": "450139037",
            "avg-rating": "",
            "img-url": "https://assets.ajio.com/medias/sys_master/root/20201112/7B03/5fad534daeb269d5630be658/-78Wx98H-450139037-tan-MODEL.jpg",
            "price": 974,
            "was-price": 1299,
            "name": "Loafers with Metal Accent",
            "url": "/schumann-loafers-with-metal-accent/p/450139037_tan",
            "offer-price": 728.04,
            "rating-count": 0,
            "cat1": "Men",
            "cat2": "Footwear",
            "cat3": "Formal Shoes",
            "brand": "schumann"
        },
        {
            "product-id": "441086592",
            "avg-rating": "",
            "img-url": "https://assets.ajio.com/medias/sys_master/root/20201104/emem/5fa1b95caeb269d563f81b28/-78Wx98H-441086592-olivemelange-MODEL.jpg",
            "price": 1199,
            "was-price": 1199,
            "name": "Crew-Neck Sweatshirt with Full Sleeves",
            "url": "/sin-crew-neck-sweatshirt-with-full-sleeves/p/441086592_olivemelange",
            "offer-price": 671.98,
            "rating-count": 0,
            "cat1": "Men",
            "cat2": "Western Wear",
            "cat3": "Sweatshirt & Hoodies",
            "brand": "sin"
        },
        {
            "product-id": "450138003",
            "avg-rating": "",
            "img-url": "https://assets.ajio.com/medias/sys_master/root/20201112/dde5/5fad4f25aeb269d5630bb68f/-78Wx98H-450138003-black-MODEL.jpg",
            "price": 200,
            "was-price": 499,
            "name": "Thong-Strap Flip-Flops",
            "url": "/frisbee-thong-strap-flip-flops/p/450138003_black",
            "offer-price": 199.6,
            "rating-count": 0,
            "cat1": "Men",
            "cat2": "Footwear",
            "cat3": "Flip Flop & Slippers",
            "brand": "frisbee"
        },
        {
            "product-id": "450139676",
            "avg-rating": "",
            "img-url": "https://assets.ajio.com/medias/sys_master/root/20230818/CeJw/64df6909afa4cf41f55de37e/-78Wx98H-450139676-black-MODEL.jpg",
            "price": 1799,
            "was-price": 1799,
            "name": "Lace-Up Running Shoes",
            "url": "/performax-lace-up-running-shoes/p/450139676_black",
            "offer-price": 672.73,
            "rating-count": 0,
            "cat1": "Men",
            "cat2": "Footwear",
            "cat3": "Sports Shoes",
            "brand": "performax"
        },
        {
            "product-id": "450139676",
            "avg-rating": "",
            "img-url": "https://assets.ajio.com/medias/sys_master/root/20221229/H45S/63adc090f997ddfdbd02a5f7/-78Wx98H-450139676-navy-MODEL.jpg",
            "price": 1799,
            "was-price": 1799,
            "name": "Lace-Up Running Shoes",
            "url": "/performax-lace-up-running-shoes/p/450139676_navy",
            "offer-price": 672.73,
            "rating-count": 0,
            "cat1": "Men",
            "cat2": "Footwear",
            "cat3": "Sports Shoes",
            "brand": "performax"
        },
        {
            "product-id": "440974558",
            "avg-rating": "",
            "img-url": "https://assets.ajio.com/medias/sys_master/root/20201104/c5zC/5fa1b822aeb269d563f812c0/-78Wx98H-440974558-brown-MODEL.jpg",
            "price": 3499,
            "was-price": 3499,
            "name": "Foil Print Layered Straight Kurta with Palazzos",
            "url": "/aurelia-foil-print-layered-straight-kurta-with-palazzos/p/440974558_brown",
            "offer-price": 2622.06,
            "rating-count": 0,
            "cat1": "Women",
            "cat2": "Ethnic Wear",
            "cat3": "Kurta Suit Sets",
            "brand": "aurelia"
        },
        {
            "product-id": "450135207",
            "avg-rating": "",
            "img-url": "https://assets.ajio.com/medias/sys_master/root/20201112/UJAa/5fad51b6aeb269d5630bd727/-78Wx98H-450135207-navy-MODEL.jpg",
            "price": 1799,
            "was-price": 1799,
            "name": "Low-Top Lace-Up Sports Shoes",
            "url": "/performax-low-top-lace-up-sports-shoes/p/450135207_navy",
            "offer-price": 899.5,
            "rating-count": 0,
            "cat1": "Men",
            "cat2": "Footwear",
            "cat3": "Sports Shoes",
            "brand": "performax"
        },
        {
            "product-id": "450135155",
            "avg-rating": "",
            "img-url": "https://assets.ajio.com/medias/sys_master/root/20201112/MefK/5fad5314f997dd8c83982071/-78Wx98H-450135155-tobacco-MODEL.jpg",
            "price": 3995,
            "was-price": 3995,
            "name": "Ankle-Length Lace-Up Boots",
            "url": "/woodland-ankle-length-lace-up-boots/p/450135155_tobacco",
            "offer-price": 2995,
            "rating-count": 0,
            "cat1": "Men",
            "cat2": "Footwear",
            "cat3": "Boots",
            "brand": "woodland"
        },
        {
            "product-id": "450130574",
            "avg-rating": "",
            "img-url": "https://assets.ajio.com/medias/sys_master/root/20201114/sb9E/5faed35aaeb269d5630ea8b3/-78Wx98H-450130574-multi-MODEL.jpg",
            "price": 499,
            "was-price": 499,
            "name": "No-Show Cotton Socks",
            "url": "/puma-no-show-cotton-socks/p/450130574_multi",
            "offer-price": 372.99,
            "rating-count": 0,
            "cat1": "Men",
            "cat2": "Clothing Accessories",
            "cat3": "Socks",
            "brand": "puma"
        },
        {
            "product-id": "450139671",
            "avg-rating": "",
            "img-url": "https://assets.ajio.com/medias/sys_master/root/20221229/NQHL/63adbdc5f997ddfdbd029515/-78Wx98H-450139671-black-MODEL.jpg",
            "price": 1799,
            "was-price": 1799,
            "name": "Mesh Lace-Up Running Shoes",
            "url": "/performax-mesh-lace-up-running-shoes/p/450139671_black",
            "offer-price": 672.73,
            "rating-count": 0,
            "cat1": "Men",
            "cat2": "Footwear",
            "cat3": "Sports Shoes",
            "brand": "performax"
        },
        {
            "product-id": "450138888",
            "avg-rating": "",
            "img-url": "https://assets.ajio.com/medias/sys_master/root/20220927/NqQQ/6332e0a2aeb269dbb3aa3d95/-78Wx98H-450138888-navy-MODEL.jpg",
            "price": 279,
            "was-price": 399,
            "name": "Textured Thong-Strap Flip-Flops",
            "url": "/performax-textured-thong-strap-flip-flops/p/450138888_navy",
            "offer-price": 208.55,
            "rating-count": 0,
            "cat1": "Men",
            "cat2": "Footwear",
            "cat3": "Flip Flop & Slippers",
            "brand": "performax"
        },
        {
            "product-id": "450139665",
            "avg-rating": "",
            "img-url": "https://assets.ajio.com/medias/sys_master/root/20221229/LlPF/63adbe42f997ddfdbd029974/-78Wx98H-450139665-navy-MODEL.jpg",
            "price": 1499,
            "was-price": 1499,
            "name": "Textured Lace-Up Running Shoes",
            "url": "/performax-textured-lace-up-running-shoes/p/450139665_navy",
            "offer-price": 560.61,
            "rating-count": 0,
            "cat1": "Men",
            "cat2": "Footwear",
            "cat3": "Sports Shoes",
            "brand": "performax"
        },
        {
            "product-id": "450138881",
            "avg-rating": "",
            "img-url": "https://assets.ajio.com/medias/sys_master/root/20230406/VIFF/642eb196711cf97ba70dbaf6/-78Wx98H-450138881-black-MODEL.jpg",
            "price": 399,
            "was-price": 399,
            "name": "Thong-Strap Flip-Flops",
            "url": "/performax-thong-strap-flip-flops/p/450138881_black",
            "offer-price": 208.55,
            "rating-count": 0,
            "cat1": "Women",
            "cat2": "Footwear",
            "cat3": "Flip Flop & Slippers",
            "brand": "performax"
        },
        {
            "product-id": "450138881",
            "avg-rating": "",
            "img-url": "https://assets.ajio.com/medias/sys_master/root/20230407/vgrY/6430297c907deb497ad2c243/-78Wx98H-450138881-navy-MODEL.jpg",
            "price": 399,
            "was-price": 399,
            "name": "Thong-Strap Flip-Flops",
            "url": "/performax-thong-strap-flip-flops/p/450138881_navy",
            "offer-price": 208.55,
            "rating-count": 0,
            "cat1": "Women",
            "cat2": "Footwear",
            "cat3": "Flip Flop & Slippers",
            "brand": "performax"
        },
        {
            "product-id": "450139665",
            "avg-rating": "",
            "img-url": "https://assets.ajio.com/medias/sys_master/root/20221229/qB2p/63adb6ceaeb269659c164e3c/-78Wx98H-450139665-maroon-MODEL.jpg",
            "price": 1499,
            "was-price": 1499,
            "name": "Colourblock Lace-Up Running Shoes",
            "url": "/performax-colourblock-lace-up-running-shoes/p/450139665_maroon",
            "offer-price": 560.61,
            "rating-count": 0,
            "cat1": "Men",
            "cat2": "Footwear",
            "cat3": "Sports Shoes",
            "brand": "performax"
        },
        {
            "product-id": "450138019",
            "avg-rating": "",
            "img-url": "https://assets.ajio.com/medias/sys_master/root/20201112/eGGR/5fad5782aeb269d5630c04d6/-78Wx98H-450138019-whtnvy-MODEL.jpg",
            "price": 399,
            "was-price": 399,
            "name": "Thong-Strap Flip-Flops",
            "url": "/frisbee-thong-strap-flip-flops/p/450138019_whtnvy",
            "offer-price": 159.68,
            "rating-count": 0,
            "cat1": "Men",
            "cat2": "Footwear",
            "cat3": "Flip Flop & Slippers",
            "brand": "frisbee"
        },
        {
            "product-id": "450138020",
            "avg-rating": "",
            "img-url": "https://assets.ajio.com/medias/sys_master/root/20201112/JHJO/5fad570faeb269d5630c021a/-78Wx98H-450138020-nvyred-MODEL.jpg",
            "price": 160,
            "was-price": 399,
            "name": "Thong-Strap Flip-Flops",
            "url": "/frisbee-thong-strap-flip-flops/p/450138020_nvyred",
            "offer-price": 159.68,
            "rating-count": 0,
            "cat1": "Men",
            "cat2": "Footwear",
            "cat3": "Flip Flop & Slippers",
            "brand": "frisbee"
        },
        {
            "product-id": "450138877",
            "avg-rating": "",
            "img-url": "https://assets.ajio.com/medias/sys_master/root/20230406/q0X6/642eaf41907deb497acd7a81/-78Wx98H-450138877-navy-MODEL.jpg",
            "price": 279,
            "was-price": 399,
            "name": "Thong-Strap Flip-Flops",
            "url": "/performax-thong-strap-flip-flops/p/450138877_navy",
            "offer-price": 208.55,
            "rating-count": 0,
            "cat1": "Women",
            "cat2": "Footwear",
            "cat3": "Flip Flop & Slippers",
            "brand": "performax"
        },
        {
            "product-id": "441100487",
            "avg-rating": "",
            "img-url": "https://assets.ajio.com/medias/sys_master/root/20231030/RpEd/653f96a8afa4cf41f5687b13/-78Wx98H-441100487-darkblue-MODEL.jpg",
            "price": 1499,
            "was-price": 1499,
            "name": "Hooded QuickDry Running Jacket",
            "url": "/performax-hooded-quickdry-running-jacket/p/441100487_darkblue",
            "offer-price": 280.3,
            "rating-count": 0,
            "cat1": "Women",
            "cat2": "Western Wear",
            "cat3": "Jackets & Coats",
            "brand": "performax"
        },
        {
            "product-id": "450139654",
            "avg-rating": "",
            "img-url": "https://assets.ajio.com/medias/sys_master/root/20230818/sxBt/64df64c2ddf779151950dca6/-78Wx98H-450139654-maroon-MODEL.jpg",
            "price": 1799,
            "was-price": 1799,
            "name": "Textured Lace-Up Walking Shoes",
            "url": "/performax-textured-lace-up-walking-shoes/p/450139654_maroon",
            "offer-price": 672.73,
            "rating-count": 0,
            "cat1": "Men",
            "cat2": "Footwear",
            "cat3": "Sports Shoes",
            "brand": "performax"
        },
        {
            "product-id": "450138894",
            "avg-rating": "",
            "img-url": "https://assets.ajio.com/medias/sys_master/root/20230125/MGnb/63d0fb4ff997dd708e206084/-78Wx98H-450138894-navy-MODEL.jpg",
            "price": 349,
            "was-price": 499,
            "name": "Textured Thong-Strap Flip-Flops",
            "url": "/performax-textured-thong-strap-flip-flops/p/450138894_navy",
            "offer-price": 260.87,
            "rating-count": 0,
            "cat1": "Men",
            "cat2": "Footwear",
            "cat3": "Flip Flop & Slippers",
            "brand": "performax"
        },
        {
            "product-id": "450139823",
            "avg-rating": "",
            "img-url": "https://assets.ajio.com/medias/sys_master/root/20201112/1XhW/5fad4f56aeb269d5630bb794/-78Wx98H-450139823-black-MODEL.jpg",
            "price": 1599,
            "was-price": 1599,
            "name": "Men Mid-Top Lace-Up Sneakers",
            "url": "/cristofano-men-mid-top-lace-up-sneakers/p/450139823_black",
            "offer-price": 897.74,
            "rating-count": 0,
            "cat1": "Men",
            "cat2": "Footwear",
            "cat3": "Sneakers",
            "brand": "cristofano"
        },
        {
            "product-id": "450138888",
            "avg-rating": "",
            "img-url": "https://assets.ajio.com/medias/sys_master/root/20230406/l53z/642eb208711cf97ba70dbf08/-78Wx98H-450138888-grey-MODEL.jpg",
            "price": 279,
            "was-price": 399,
            "name": "Textured Thong-Strap Flip-Flops",
            "url": "/performax-textured-thong-strap-flip-flops/p/450138888_grey",
            "offer-price": 208.55,
            "rating-count": 0,
            "cat1": "Men",
            "cat2": "Footwear",
            "cat3": "Flip Flop & Slippers",
            "brand": "performax"
        },
        {
            "product-id": "450138881",
            "avg-rating": "",
            "img-url": "https://assets.ajio.com/medias/sys_master/root/20230407/SjXj/64302ea8907deb497ad2e11b/-78Wx98H-450138881-pink-MODEL.jpg",
            "price": 279,
            "was-price": 399,
            "name": "Thong-Strap Flip-Flops",
            "url": "/performax-thong-strap-flip-flops/p/450138881_pink",
            "offer-price": 208.55,
            "rating-count": 0,
            "cat1": "Women",
            "cat2": "Footwear",
            "cat3": "Flip Flop & Slippers",
            "brand": "performax"
        },
        {
            "product-id": "450138883",
            "avg-rating": "",
            "img-url": "https://assets.ajio.com/medias/sys_master/root/20230406/CEQY/642eb0fe711cf97ba70db5c6/-78Wx98H-450138883-black-MODEL.jpg",
            "price": 349,
            "was-price": 499,
            "name": "Men Thong-Strap Flip-Flops",
            "url": "/performax-men-thong-strap-flip-flops/p/450138883_black",
            "offer-price": 260.87,
            "rating-count": 0,
            "cat1": "Men",
            "cat2": "Footwear",
            "cat3": "Flip Flop & Slippers",
            "brand": "performax"
        },
        {
            "product-id": "450138883",
            "avg-rating": "",
            "img-url": "https://assets.ajio.com/medias/sys_master/root/20230406/4HQH/642eadd0711cf97ba70da29d/-78Wx98H-450138883-blue-MODEL.jpg",
            "price": 349,
            "was-price": 499,
            "name": "Men Thong-Strap Flip-Flops",
            "url": "/performax-men-thong-strap-flip-flops/p/450138883_blue",
            "offer-price": 260.87,
            "rating-count": 0,
            "cat1": "Men",
            "cat2": "Footwear",
            "cat3": "Flip Flop & Slippers",
            "brand": "performax"
        },
        {
            "product-id": "450139666",
            "avg-rating": "",
            "img-url": "https://assets.ajio.com/medias/sys_master/root/20221229/aUTz/63adaed4f997ddfdbd023e78/-78Wx98H-450139666-grey-MODEL.jpg",
            "price": 900,
            "was-price": 1799,
            "name": "Panelled Lace-Up Running Shoes",
            "url": "/performax-panelled-lace-up-running-shoes/p/450139666_grey",
            "offer-price": 672.73,
            "rating-count": 0,
            "cat1": "Men",
            "cat2": "Footwear",
            "cat3": "Sports Shoes",
            "brand": "performax"
        },
        {
            "product-id": "441101537",
            "avg-rating": "",
            "img-url": "https://assets.ajio.com/medias/sys_master/root/20201105/mBGt/5fa2f57cf997dd8c83860fb4/-78Wx98H-441101537-mediumblue-MODEL.jpg",
            "price": 510,
            "was-price": 1699,
            "name": "Men Mid-Wash Skinny Fit Jeans",
            "url": "/dnmx-men-mid-wash-skinny-fit-jeans/p/441101537_mediumblue",
            "offer-price": 509.36,
            "rating-count": 0,
            "cat1": "Men",
            "cat2": "Western Wear",
            "cat3": "Jeans",
            "brand": "dnmx"
        },
        {
            "product-id": "450139819",
            "avg-rating": "",
            "img-url": "https://assets.ajio.com/medias/sys_master/root/20201112/Ipld/5fad5bfbaeb269d5630c24c1/-78Wx98H-450139819-blue-MODEL.jpg",
            "price": 1599,
            "was-price": 1599,
            "name": "Textured Slip-on Casual Shoes",
            "url": "/cristofano-textured-slip-on-casual-shoes/p/450139819_blue",
            "offer-price": 639,
            "rating-count": 0,
            "cat1": "Men",
            "cat2": "Footwear",
            "cat3": "Casual Shoes",
            "brand": "cristofano"
        },
        {
            "product-id": "441103664",
            "avg-rating": "",
            "img-url": "https://assets.ajio.com/medias/sys_master/root/20220120/P5h7/61e98266aeb2695cdd224a41/-78Wx98H-441103664-jetblack-MODEL.jpg",
            "price": 1299,
            "was-price": 1299,
            "name": "Mid-Rise Track Pants with Elasticated Waist",
            "url": "/performax-mid-rise-track-pants-with-elasticated-waist/p/441103664_jetblack",
            "offer-price": 242.93,
            "rating-count": 0,
            "cat1": "Women",
            "cat2": "Western Wear",
            "cat3": "Track Pants",
            "brand": "performax"
        },
        {
            "product-id": "450139823",
            "avg-rating": "",
            "img-url": "https://assets.ajio.com/medias/sys_master/root/20201112/E9OB/5fad4f60f997dd8c8397ea79/-78Wx98H-450139823-tan-MODEL.jpg",
            "price": 1599,
            "was-price": 1599,
            "name": "Men Mid-Top Lace-Up Sneakers",
            "url": "/cristofano-men-mid-top-lace-up-sneakers/p/450139823_tan",
            "offer-price": 897.74,
            "rating-count": 0,
            "cat1": "Men",
            "cat2": "Footwear",
            "cat3": "Sneakers",
            "brand": "cristofano"
        },
        {
            "product-id": "450139823",
            "avg-rating": "",
            "img-url": "https://assets.ajio.com/medias/sys_master/root/20201112/lmTy/5fad584caeb269d5630c0b86/-78Wx98H-450139823-navy-MODEL.jpg",
            "price": 1599,
            "was-price": 1599,
            "name": "Men Mid-Top Lace-Up Sneakers",
            "url": "/cristofano-men-mid-top-lace-up-sneakers/p/450139823_navy",
            "offer-price": 897.74,
            "rating-count": 0,
            "cat1": "Men",
            "cat2": "Footwear",
            "cat3": "Sneakers",
            "brand": "cristofano"
        },
        {
            "product-id": "441034341",
            "avg-rating": "",
            "img-url": "https://assets.ajio.com/medias/sys_master/root/20201113/Sk37/5fad7fc4f997dd8c8398e620/-78Wx98H-441034341-peach-MODEL.jpg",
            "price": 3999,
            "was-price": 3999,
            "name": "Embroidered Anarkali Kurta Set with Jacket & Dupatta",
            "url": "/biba-embroidered-anarkali-kurta-set-with-jacket-dupatta/p/441034341_peach",
            "offer-price": 868.54,
            "rating-count": 0,
            "cat1": "Girls",
            "cat2": "Ethnic Wear",
            "cat3": "Ethnic Wear Sets",
            "brand": "biba"
        },
        {
            "product-id": "450138003",
            "avg-rating": "",
            "img-url": "https://assets.ajio.com/medias/sys_master/root/20201112/bWSw/5fad4f18f997dd8c8397e823/-78Wx98H-450138003-navy-MODEL.jpg",
            "price": 200,
            "was-price": 499,
            "name": "Thong-Strap Flip-Flops",
            "url": "/frisbee-thong-strap-flip-flops/p/450138003_navy",
            "offer-price": 199.6,
            "rating-count": 0,
            "cat1": "Men",
            "cat2": "Footwear",
            "cat3": "Flip Flop & Slippers",
            "brand": "frisbee"
        },
        {
            "product-id": "450139727",
            "avg-rating": "",
            "img-url": "https://assets.ajio.com/medias/sys_master/root/20230818/aqq4/64df6400afa4cf41f55d3f86/-78Wx98H-450139727-white-MODEL.jpg",
            "price": 1499,
            "was-price": 1499,
            "name": "Lace-Up Sports Shoes with Perforated Panels",
            "url": "/performax-lace-up-sports-shoes-with-perforated-panels/p/450139727_white",
            "offer-price": 560.61,
            "rating-count": 0,
            "cat1": "Men",
            "cat2": "Footwear",
            "cat3": "Sports Shoes",
            "brand": "performax"
        },
        {
            "product-id": "441034374",
            "avg-rating": "",
            "img-url": "https://assets.ajio.com/medias/sys_master/root/20201113/fJbb/5fad85cff997dd8c83991da5/-78Wx98H-441034374-black-MODEL.jpg",
            "price": 5499,
            "was-price": 5499,
            "name": "Embellished Top with Flared Skirt & Dupatta",
            "url": "/biba-embellished-top-with-flared-skirt-dupatta/p/441034374_black",
            "offer-price": 1264.77,
            "rating-count": 0,
            "cat1": "Girls",
            "cat2": "Ethnic Wear",
            "cat3": "Ethnic Wear Sets",
            "brand": "biba"
        },
        {
            "product-id": "450138894",
            "avg-rating": "",
            "img-url": "https://assets.ajio.com/medias/sys_master/root/20230125/UFAc/63d0f464f997dd708e203969/-78Wx98H-450138894-olive-MODEL.jpg",
            "price": 349,
            "was-price": 499,
            "name": "Textured Thong-Strap Flip-Flops",
            "url": "/performax-textured-thong-strap-flip-flops/p/450138894_olive",
            "offer-price": 260.87,
            "rating-count": 0,
            "cat1": "Men",
            "cat2": "Footwear",
            "cat3": "Flip Flop & Slippers",
            "brand": "performax"
        },
        {
            "product-id": "450135205",
            "avg-rating": "",
            "img-url": "https://assets.ajio.com/medias/sys_master/root/20230407/7y03/64302da1711cf97ba713caa1/-78Wx98H-450135205-navy-MODEL.jpg",
            "price": 1799,
            "was-price": 1799,
            "name": "Low-Top Lace-Up Sports Shoes",
            "url": "/performax-low-top-lace-up-sports-shoes/p/450135205_navy",
            "offer-price": 899.5,
            "rating-count": 0,
            "cat1": "Men",
            "cat2": "Footwear",
            "cat3": "Sports Shoes",
            "brand": "performax"
        },
        {
            "product-id": "450139822",
            "avg-rating": "",
            "img-url": "https://assets.ajio.com/medias/sys_master/root/20201112/ykxN/5fad5719aeb269d5630c02de/-78Wx98H-450139822-tan-MODEL.jpg",
            "price": 1599,
            "was-price": 1599,
            "name": "Textured Slip-on Casual Shoes",
            "url": "/cristofano-textured-slip-on-casual-shoes/p/450139822_tan",
            "offer-price": 897.74,
            "rating-count": 0,
            "cat1": "Men",
            "cat2": "Footwear",
            "cat3": "Casual Shoes",
            "brand": "cristofano"
        },
        {
            "product-id": "441102956",
            "avg-rating": "",
            "img-url": "https://assets.ajio.com/medias/sys_master/root/20201012/cqqe/5f848177aeb269d563d7e2e4/-78Wx98H-441102956-jetblack-MODEL.jpg",
            "price": 999,
            "was-price": 999,
            "name": "Mid-Rise Leggings with Side Zip",
            "url": "/rio-mid-rise-leggings-with-side-zip/p/441102956_jetblack",
            "offer-price": 299.62,
            "rating-count": 0,
            "cat1": "Women",
            "cat2": "Western Wear",
            "cat3": "Leggings",
            "brand": "rio"
        },
        {
            "product-id": "450135210",
            "avg-rating": "",
            "img-url": "https://assets.ajio.com/medias/sys_master/root/20220927/cz0v/6332e0bcf997dd1f8d1fd6fc/-78Wx98H-450135210-black-MODEL.jpg",
            "price": 1399,
            "was-price": 1999,
            "name": "Sports Shoes with Toggle Fastening",
            "url": "/performax-sports-shoes-with-toggle-fastening/p/450135210_black",
            "offer-price": 999.5,
            "rating-count": 0,
            "cat1": "Women",
            "cat2": "Footwear",
            "cat3": "Sports Shoes",
            "brand": "performax"
        },
        {
            "product-id": "450138887",
            "avg-rating": "",
            "img-url": "https://assets.ajio.com/medias/sys_master/root/20230406/1xeh/642eaec7711cf97ba70da868/-78Wx98H-450138887-camnvy-MODEL.jpg",
            "price": 399,
            "was-price": 399,
            "name": "Textured Thong-Strap Flip-Flops",
            "url": "/performax-textured-thong-strap-flip-flops/p/450138887_camnvy",
            "offer-price": 208.55,
            "rating-count": 0,
            "cat1": "Men",
            "cat2": "Footwear",
            "cat3": "Flip Flop & Slippers",
            "brand": "performax"
        },
        {
            "product-id": "450138002",
            "avg-rating": "",
            "img-url": "https://assets.ajio.com/medias/sys_master/root/20201112/bIUz/5fad5788aeb269d5630c05ba/-78Wx98H-450138002-red-MODEL.jpg",
            "price": 399,
            "was-price": 399,
            "name": "Men Striped Thong-Strap Flip-Flops",
            "url": "/frisbee-men-striped-thong-strap-flip-flops/p/450138002_red",
            "offer-price": 159.68,
            "rating-count": 0,
            "cat1": "Men",
            "cat2": "Footwear",
            "cat3": "Flip Flop & Slippers",
            "brand": "frisbee"
        },
        {
            "product-id": "450139670",
            "avg-rating": "",
            "img-url": "https://assets.ajio.com/medias/sys_master/root/20221229/7P49/63adbbfbf997ddfdbd028db3/-78Wx98H-450139670-grey-MODEL.jpg",
            "price": 1499,
            "was-price": 1499,
            "name": "Mesh Lace-Up Running Shoes",
            "url": "/performax-mesh-lace-up-running-shoes/p/450139670_grey",
            "offer-price": 560.61,
            "rating-count": 0,
            "cat1": "Men",
            "cat2": "Footwear",
            "cat3": "Sports Shoes",
            "brand": "performax"
        },
        {
            "product-id": "450139821",
            "avg-rating": "",
            "img-url": "https://assets.ajio.com/medias/sys_master/root/20201112/YeuY/5fad5b92aeb269d5630c2272/-78Wx98H-450139821-navy-MODEL.jpg",
            "price": 1599,
            "was-price": 1599,
            "name": "Textured Slip-on Casual Shoes",
            "url": "/cristofano-textured-slip-on-casual-shoes/p/450139821_navy",
            "offer-price": 639,
            "rating-count": 0,
            "cat1": "Men",
            "cat2": "Footwear",
            "cat3": "Casual Shoes",
            "brand": "cristofano"
        },
        {
            "product-id": "450138884",
            "avg-rating": "",
            "img-url": "https://assets.ajio.com/medias/sys_master/root/20230407/1pPv/64302bdf907deb497ad2d0cd/-78Wx98H-450138884-navy-MODEL.jpg",
            "price": 489,
            "was-price": 699,
            "name": "Men Textured Flip-Flops with Logo Branding",
            "url": "/performax-men-textured-flip-flops-with-logo-branding/p/450138884_navy",
            "offer-price": 349.5,
            "rating-count": 0,
            "cat1": "Men",
            "cat2": "Footwear",
            "cat3": "Flip Flop & Slippers",
            "brand": "performax"
        },
        {
            "product-id": "450139076",
            "avg-rating": "",
            "img-url": "https://assets.ajio.com/medias/sys_master/root/20210119/mJMD/6006f698aeb269698150f779/-78Wx98H-450139076-brown-MODEL.jpg",
            "price": 1299,
            "was-price": 1299,
            "name": "Toe-Ring Sandals with Buckle Detail",
            "url": "/schumann-toe-ring-sandals-with-buckle-detail/p/450139076_brown",
            "offer-price": 728.04,
            "rating-count": 0,
            "cat1": "Men",
            "cat2": "Footwear",
            "cat3": "Sandals",
            "brand": "schumann"
        },
        {
            "product-id": "450139820",
            "avg-rating": "",
            "img-url": "https://assets.ajio.com/medias/sys_master/root/20201112/9Xza/5fad4f56aeb269d5630bb78c/-78Wx98H-450139820-brown-MODEL.jpg",
            "price": 1599,
            "was-price": 1599,
            "name": "Textured Slip-on Casual Shoes",
            "url": "/cristofano-textured-slip-on-casual-shoes/p/450139820_brown",
            "offer-price": 639,
            "rating-count": 0,
            "cat1": "Men",
            "cat2": "Footwear",
            "cat3": "Casual Shoes",
            "brand": "cristofano"
        },
        {
            "product-id": "450138877",
            "avg-rating": "",
            "img-url": "https://assets.ajio.com/medias/sys_master/root/20230407/sgno/643032de711cf97ba713ec95/-78Wx98H-450138877-peach-MODEL.jpg",
            "price": 279,
            "was-price": 399,
            "name": "Thong-Strap Flip-Flops",
            "url": "/performax-thong-strap-flip-flops/p/450138877_peach",
            "offer-price": 208.55,
            "rating-count": 0,
            "cat1": "Women",
            "cat2": "Footwear",
            "cat3": "Flip Flop & Slippers",
            "brand": "performax"
        },
        {
            "product-id": "450139668",
            "avg-rating": "",
            "img-url": "https://assets.ajio.com/medias/sys_master/root/20221229/p1et/63adb401aeb269659c163f29/-78Wx98H-450139668-navy-MODEL.jpg",
            "price": 1499,
            "was-price": 1499,
            "name": "Textured Lace-Up Running Shoes",
            "url": "/performax-textured-lace-up-running-shoes/p/450139668_navy",
            "offer-price": 560.61,
            "rating-count": 0,
            "cat1": "Men",
            "cat2": "Footwear",
            "cat3": "Sports Shoes",
            "brand": "performax"
        },
        {
            "product-id": "450139054",
            "avg-rating": "",
            "img-url": "https://assets.ajio.com/medias/sys_master/root/20201112/cANP/5fad55a5f997dd8c83983786/-78Wx98H-450139054-brown-MODEL.jpg",
            "price": 699,
            "was-price": 699,
            "name": "Textured Thong-Strap Sandals",
            "url": "/schumann-textured-thong-strap-sandals/p/450139054_brown",
            "offer-price": 391.68,
            "rating-count": 0,
            "cat1": "Men",
            "cat2": "Footwear",
            "cat3": "Sandals",
            "brand": "schumann"
        },
        {
            "product-id": "450138007",
            "avg-rating": "",
            "img-url": "https://assets.ajio.com/medias/sys_master/root/20201112/TNn4/5fad5710f997dd8c8398437c/-78Wx98H-450138007-redwht-MODEL.jpg",
            "price": 299,
            "was-price": 299,
            "name": "Colourblock Thong-Strap Flip-Flops",
            "url": "/frisbee-colourblock-thong-strap-flip-flops/p/450138007_redwht",
            "offer-price": 167.43,
            "rating-count": 0,
            "cat1": "Men",
            "cat2": "Footwear",
            "cat3": "Flip Flop & Slippers",
            "brand": "frisbee"
        },
        {
            "product-id": "450138884",
            "avg-rating": "",
            "img-url": "https://assets.ajio.com/medias/sys_master/root/20221102/eU57/63629842f997ddfdbd51dcec/-78Wx98H-450138884-black-MODEL.jpg",
            "price": 489,
            "was-price": 699,
            "name": "Men Slip -On Flip-Flops with Velcro Closure",
            "url": "/performax-men-slip-on-flip-flops-with-velcro-closure/p/450138884_black",
            "offer-price": 349.5,
            "rating-count": 0,
            "cat1": "Men",
            "cat2": "Footwear",
            "cat3": "Flip Flop & Slippers",
            "brand": "performax"
        },
        {
            "product-id": "450139728",
            "avg-rating": "",
            "img-url": "https://assets.ajio.com/medias/sys_master/root/20230818/8FLd/64df6760ddf779151951342d/-78Wx98H-450139728-black-MODEL.jpg",
            "price": 1799,
            "was-price": 1799,
            "name": "Lace-Up Sports Shoes with Perforated Panels",
            "url": "/performax-lace-up-sports-shoes-with-perforated-panels/p/450139728_black",
            "offer-price": 672.73,
            "rating-count": 0,
            "cat1": "Men",
            "cat2": "Footwear",
            "cat3": "Sports Shoes",
            "brand": "performax"
        },
        {
            "product-id": "450139728",
            "avg-rating": "",
            "img-url": "https://assets.ajio.com/medias/sys_master/root/20230818/Xe0k/64df64aeddf779151950d9ee/-78Wx98H-450139728-white-MODEL.jpg",
            "price": 1799,
            "was-price": 1799,
            "name": "Lace-Up Sports Shoes with Perforated Panels",
            "url": "/performax-lace-up-sports-shoes-with-perforated-panels/p/450139728_white",
            "offer-price": 672.73,
            "rating-count": 0,
            "cat1": "Men",
            "cat2": "Footwear",
            "cat3": "Sports Shoes",
            "brand": "performax"
        },
        {
            "product-id": "450139660",
            "avg-rating": "",
            "img-url": "https://assets.ajio.com/medias/sys_master/root/20221229/Qxcy/63adb461f997ddfdbd025eb4/-78Wx98H-450139660-grey-MODEL.jpg",
            "price": 1799,
            "was-price": 1799,
            "name": "Lace-Up Running Shoes",
            "url": "/performax-lace-up-running-shoes/p/450139660_grey",
            "offer-price": 672.73,
            "rating-count": 0,
            "cat1": "Men",
            "cat2": "Footwear",
            "cat3": "Sports Shoes",
            "brand": "performax"
        },
        {
            "product-id": "450135207",
            "avg-rating": "",
            "img-url": "https://assets.ajio.com/medias/sys_master/root/20230428/pAmL/644b84a042f9e729d7570cec/-78Wx98H-450135207-beige-MODEL.jpg",
            "price": 1799,
            "was-price": 1799,
            "name": "Low-Top Lace-Up Sports Shoes",
            "url": "/performax-low-top-lace-up-sports-shoes/p/450135207_beige",
            "offer-price": 899.5,
            "rating-count": 0,
            "cat1": "Men",
            "cat2": "Footwear",
            "cat3": "Sports Shoes",
            "brand": "performax"
        },
        {
            "product-id": "450139660",
            "avg-rating": "",
            "img-url": "https://assets.ajio.com/medias/sys_master/root/20221229/G5UF/63adbc77f997ddfdbd028fcd/-78Wx98H-450139660-maroon-MODEL.jpg",
            "price": 1799,
            "was-price": 1799,
            "name": "Lace-Up Running Shoes",
            "url": "/performax-lace-up-running-shoes/p/450139660_maroon",
            "offer-price": 672.73,
            "rating-count": 0,
            "cat1": "Men",
            "cat2": "Footwear",
            "cat3": "Sports Shoes",
            "brand": "performax"
        },
        {
            "product-id": "450138882",
            "avg-rating": "",
            "img-url": "https://assets.ajio.com/medias/sys_master/root/20230406/KAys/642eb0a4907deb497acd81d5/-78Wx98H-450138882-red-MODEL.jpg",
            "price": 349,
            "was-price": 499,
            "name": "Men Thong-Strap Flip-Flops",
            "url": "/performax-men-thong-strap-flip-flops/p/450138882_red",
            "offer-price": 260.87,
            "rating-count": 0,
            "cat1": "Men",
            "cat2": "Footwear",
            "cat3": "Flip Flop & Slippers",
            "brand": "performax"
        },
        {
            "product-id": "450139076",
            "avg-rating": "",
            "img-url": "https://assets.ajio.com/medias/sys_master/root/20210119/XHQx/6006f4b57cdb8c1f142b954b/-78Wx98H-450139076-black-MODEL.jpg",
            "price": 974,
            "was-price": 1299,
            "name": "Toe-Ring Sandals with Buckle Detail",
            "url": "/schumann-toe-ring-sandals-with-buckle-detail/p/450139076_black",
            "offer-price": 728.04,
            "rating-count": 0,
            "cat1": "Men",
            "cat2": "Footwear",
            "cat3": "Sandals",
            "brand": "schumann"
        },
        {
            "product-id": "440953021",
            "avg-rating": "",
            "img-url": "https://assets.ajio.com/medias/sys_master/root/20201103/UQEh/5fa053e1aeb269d563f6fb71/-78Wx98H-440953021-greymelange-MODEL.jpg",
            "price": 1499,
            "was-price": 1499,
            "name": "Crew-Neck Sweatshirt with Branding",
            "url": "/denizen-from-levis-crew-neck-sweatshirt-with-branding/p/440953021_greymelange",
            "offer-price": 201.82,
            "rating-count": 0,
            "cat1": "Men",
            "cat2": "Western Wear",
            "cat3": "Sweatshirt & Hoodies",
            "brand": "denizen-from-levis"
        },
        {
            "product-id": "441083930",
            "avg-rating": "",
            "img-url": "https://assets.ajio.com/medias/sys_master/root/20201107/KJ8D/5fa5a34cf997dd8c838d0ce2/-78Wx98H-441083930-beige-MODEL.jpg",
            "price": 1699,
            "was-price": 1699,
            "name": "Striped A-line Kurta with Mandarin Collar",
            "url": "/juniper-striped-a-line-kurta-with-mandarin-collar/p/441083930_beige",
            "offer-price": 635.35,
            "rating-count": 0,
            "cat1": "Women",
            "cat2": "Ethnic Wear",
            "cat3": "Kurtas",
            "brand": "juniper"
        },
        {
            "product-id": "450139077",
            "avg-rating": "",
            "img-url": "https://assets.ajio.com/medias/sys_master/root/20210209/k8Py/602184abaeb26969815f77d8/-78Wx98H-450139077-black-MODEL.jpg",
            "price": 1299,
            "was-price": 1299,
            "name": "Textured Slip-On Flat Sandals",
            "url": "/schumann-textured-slip-on-flat-sandals/p/450139077_black",
            "offer-price": 728.04,
            "rating-count": 0,
            "cat1": "Men",
            "cat2": "Footwear",
            "cat3": "Sandals",
            "brand": "schumann"
        },
        {
            "product-id": "450139077",
            "avg-rating": "",
            "img-url": "https://assets.ajio.com/medias/sys_master/root/20210209/ZEur/602183af7cdb8c1f14389251/-78Wx98H-450139077-brown-MODEL.jpg",
            "price": 1299,
            "was-price": 1299,
            "name": "Textured Slip-On Flat Sandals",
            "url": "/schumann-textured-slip-on-flat-sandals/p/450139077_brown",
            "offer-price": 728.04,
            "rating-count": 0,
            "cat1": "Men",
            "cat2": "Footwear",
            "cat3": "Sandals",
            "brand": "schumann"
        },
        {
            "product-id": "450139727",
            "avg-rating": "",
            "img-url": "https://assets.ajio.com/medias/sys_master/root/20230818/UeEz/64df6926ddf7791519516ecc/-78Wx98H-450139727-navy-MODEL.jpg",
            "price": 1499,
            "was-price": 1499,
            "name": "Lace-Up Sports Shoes with Perforated Panels",
            "url": "/performax-lace-up-sports-shoes-with-perforated-panels/p/450139727_navy",
            "offer-price": 560.61,
            "rating-count": 0,
            "cat1": "Men",
            "cat2": "Footwear",
            "cat3": "Sports Shoes",
            "brand": "performax"
        },
        {
            "product-id": "450139727",
            "avg-rating": "",
            "img-url": "https://assets.ajio.com/medias/sys_master/root/20230818/1V6U/64df6a39afa4cf41f55e0b11/-78Wx98H-450139727-grey-MODEL.jpg",
            "price": 1499,
            "was-price": 1499,
            "name": "Lace-Up Sports Shoes with Perforated Panels",
            "url": "/performax-lace-up-sports-shoes-with-perforated-panels/p/450139727_grey",
            "offer-price": 560.61,
            "rating-count": 0,
            "cat1": "Men",
            "cat2": "Footwear",
            "cat3": "Sports Shoes",
            "brand": "performax"
        }
    ],
    "ajio": [],
    "": []
}