{
    "": [],
    "ajio": [],
    "trends.ajio": [
        {
            "product-id": "450143755",
            "avg-rating": "",
            "img-url": "https://assets.ajio.com/medias/sys_master/root/20211012/XHiK/6164849df997ddce891d0881/-78Wx98H-450143755-brown-MODEL.jpg",
            "price": 999,
            "was-price": 999,
            "name": "Slip-On Casual Shoes",
            "url": "/cristofano-slip-on-casual-shoes/p/450143755_brown",
            "offer-price": 559.86,
            "rating-count": 0,
            "cat1": "Men",
            "cat2": "Footwear",
            "cat3": "Casual Shoes",
            "brand": "cristofano"
        },
        {
            "product-id": "450143757",
            "avg-rating": "",
            "img-url": "https://assets.ajio.com/medias/sys_master/root/20211012/tIjr/6164aac1f997dd3ed4678d55/-78Wx98H-450143757-blue-MODEL.jpg",
            "price": 749,
            "was-price": 999,
            "name": "Panelled Lace-Up Casual Shoes",
            "url": "/cristofano-panelled-lace-up-casual-shoes/p/450143757_blue",
            "offer-price": 559.86,
            "rating-count": 0,
            "cat1": "Men",
            "cat2": "Footwear",
            "cat3": "Casual Shoes",
            "brand": "cristofano"
        },
        {
            "product-id": "450143759",
            "avg-rating": "",
            "img-url": "https://assets.ajio.com/medias/sys_master/root/20211012/fi2C/6164a5daaeb2692b85cc6482/-78Wx98H-450143759-navy-MODEL.jpg",
            "price": 1499,
            "was-price": 1499,
            "name": "Slip-On Casual Shoes",
            "url": "/cristofano-slip-on-casual-shoes/p/450143759_navy",
            "offer-price": 599,
            "rating-count": 0,
            "cat1": "Men",
            "cat2": "Footwear",
            "cat3": "Casual Shoes",
            "brand": "cristofano"
        },
        {
            "product-id": "450143718",
            "avg-rating": "",
            "img-url": "https://assets.ajio.com/medias/sys_master/root/20220617/lbdg/62ac39b2f997dd03e2858b4b/-78Wx98H-450143718-tan-MODEL.jpg",
            "price": 1299,
            "was-price": 1299,
            "name": "Textured Slingback Casual Sandals",
            "url": "/schumann-textured-slingback-casual-sandals/p/450143718_tan",
            "offer-price": 728.04,
            "rating-count": 0,
            "cat1": "Men",
            "cat2": "Footwear",
            "cat3": "Sandals",
            "brand": "schumann"
        },
        {
            "product-id": "450144366",
            "avg-rating": "",
            "img-url": "https://assets.ajio.com/medias/sys_master/root/20211012/01aU/6164884eaeb2692b85cb502a/-78Wx98H-450144366-brown-MODEL.jpg",
            "price": 1400,
            "was-price": 3499,
            "name": "Slip-On Shoes with Metal Accent",
            "url": "/schumann-premium-slip-on-shoes-with-metal-accent/p/450144366_brown",
            "offer-price": 1399,
            "rating-count": 0,
            "cat1": "Men",
            "cat2": "Footwear",
            "cat3": "Formal Shoes",
            "brand": "schumann-premium"
        },
        {
            "product-id": "441122254",
            "avg-rating": "",
            "img-url": "https://assets.ajio.com/medias/sys_master/root/20211007/B5SJ/615e3f8ef997ddce890503cb/-78Wx98H-441122254-navy-MODEL.jpg",
            "price": 1049,
            "was-price": 1049,
            "name": "Floral Print Reversible Zip-Front Hooded Jacket",
            "url": "/inf-frendz-floral-print-reversible-zip-front-hooded-jacket/p/441122254_navy",
            "offer-price": 314.61,
            "rating-count": 0,
            "cat1": "Infants",
            "cat2": "Ethnic Wear",
            "cat3": "Jackets & Shrugs",
            "brand": "inf-frendz"
        },
        {
            "product-id": "450143638",
            "avg-rating": "",
            "img-url": "https://assets.ajio.com/medias/sys_master/root/20211012/z7i9/6164998eaeb2692b85cc2e5a/-78Wx98H-450143638-brown-MODEL.jpg",
            "price": 520,
            "was-price": 1299,
            "name": "Slip-On Formal Shoes",
            "url": "/schumann-slip-on-formal-shoes/p/450143638_brown",
            "offer-price": 519,
            "rating-count": 0,
            "cat1": "Men",
            "cat2": "Footwear",
            "cat3": "Formal Shoes",
            "brand": "schumann"
        },
        {
            "product-id": "450143641",
            "avg-rating": "",
            "img-url": "https://assets.ajio.com/medias/sys_master/root/20211012/Xx9T/6164c456aeb2692b85cd6ebc/-78Wx98H-450143641-brown-MODEL.jpg",
            "price": 1124,
            "was-price": 1499,
            "name": "Slip-On Formal Shoes",
            "url": "/schumann-slip-on-formal-shoes/p/450143641_brown",
            "offer-price": 841.59,
            "rating-count": 0,
            "cat1": "Men",
            "cat2": "Footwear",
            "cat3": "Formal Shoes",
            "brand": "schumann"
        },
        {
            "product-id": "450143777",
            "avg-rating": "",
            "img-url": "https://assets.ajio.com/medias/sys_master/root/20211012/I23m/6164a29cf997dd3ed4673d9d/-78Wx98H-450143777-tan-MODEL.jpg",
            "price": 999,
            "was-price": 999,
            "name": "Slip-On Loafers with Contrast Stitch Accent",
            "url": "/cristofano-slip-on-loafers-with-contrast-stitch-accent/p/450143777_tan",
            "offer-price": 399.2,
            "rating-count": 0,
            "cat1": "Men",
            "cat2": "Footwear",
            "cat3": "Casual Shoes",
            "brand": "cristofano"
        },
        {
            "product-id": "450143699",
            "avg-rating": "",
            "img-url": "https://assets.ajio.com/medias/sys_master/root/20220624/jBY5/62b5a4f6aeb26921af45a76c/-78Wx98H-450143699-black-MODEL.jpg",
            "price": 400,
            "was-price": 999,
            "name": "Thong-Strap Slip-On Sandals",
            "url": "/schumann-thong-strap-slip-on-sandals/p/450143699_black",
            "offer-price": 399.2,
            "rating-count": 0,
            "cat1": "Men",
            "cat2": "Footwear",
            "cat3": "Flip Flop & Slippers",
            "brand": "schumann"
        },
        {
            "product-id": "450144364",
            "avg-rating": "",
            "img-url": "https://assets.ajio.com/medias/sys_master/root/20211012/QAvN/6164b820aeb2692b85cd160d/-78Wx98H-450144364-brown-MODEL.jpg",
            "price": 2624,
            "was-price": 3499,
            "name": "Derby Shoes with Wing-Tip Design",
            "url": "/schumann-premium-derby-shoes-with-wing-tip-design/p/450144364_brown",
            "offer-price": 1966.36,
            "rating-count": 0,
            "cat1": "Men",
            "cat2": "Footwear",
            "cat3": "Formal Shoes",
            "brand": "schumann-premium"
        },
        {
            "product-id": "450143383",
            "avg-rating": "",
            "img-url": "https://assets.ajio.com/medias/sys_master/root/20211011/O5Nb/61646c36aeb2692b85cac13d/-78Wx98H-450143383-navy-MODEL.jpg",
            "price": 559,
            "was-price": 799,
            "name": "Slip-On Sports Shoes",
            "url": "/performax-slip-on-sports-shoes/p/450143383_navy",
            "offer-price": 399.5,
            "rating-count": 0,
            "cat1": "Women",
            "cat2": "Footwear",
            "cat3": "Sports Shoes",
            "brand": "performax"
        },
        {
            "product-id": "450143439",
            "avg-rating": "",
            "img-url": "https://assets.ajio.com/medias/sys_master/root/20211012/J6uW/6164c1f7f997dd3ed4683a97/-78Wx98H-450143439-white-MODEL.jpg",
            "price": 2799,
            "was-price": 2799,
            "name": "Lace-Up Sports Shoes",
            "url": "/performax-lace-up-sports-shoes/p/450143439_white",
            "offer-price": 627.88,
            "rating-count": 0,
            "cat1": "Men",
            "cat2": "Footwear",
            "cat3": "Sports Shoes",
            "brand": "performax"
        },
        {
            "product-id": "441128262",
            "avg-rating": "",
            "img-url": "https://assets.ajio.com/medias/sys_master/root/20211009/MqBC/6160cd76aeb2692b85bdbc5e/-78Wx98H-441128262-olive-MODEL.jpg",
            "price": 450,
            "was-price": 1499,
            "name": "Hi-Stretch Pull On Slim Fit Chinos",
            "url": "/netplay-hi-stretch-pull-on-slim-fit-chinos/p/441128262_olive",
            "offer-price": 449.44,
            "rating-count": 0,
            "cat1": "Men",
            "cat2": "Western Wear",
            "cat3": "Trousers & Pants",
            "brand": "netplay"
        },
        {
            "product-id": "441128262",
            "avg-rating": "",
            "img-url": "https://assets.ajio.com/medias/sys_master/root/20211009/mIh7/6160a0eef997ddce890efd72/-78Wx98H-441128262-grey-MODEL.jpg",
            "price": 450,
            "was-price": 1499,
            "name": "Hi-Stretch Pull On Slim Fit Chinos",
            "url": "/netplay-hi-stretch-pull-on-slim-fit-chinos/p/441128262_grey",
            "offer-price": 449.44,
            "rating-count": 0,
            "cat1": "Men",
            "cat2": "Western Wear",
            "cat3": "Trousers & Pants",
            "brand": "netplay"
        },
        {
            "product-id": "441121516",
            "avg-rating": "",
            "img-url": "https://assets.ajio.com/medias/sys_master/root/20211006/9mgK/615d742cf997ddce89032bf3/-78Wx98H-441121516-blackcharcoal-MODEL.jpg",
            "price": 2000,
            "was-price": 4999,
            "name": "Slim Fit Zip-Front Biker Jacket with Band Collar",
            "url": "/john-players-jeans-slim-fit-zip-front-biker-jacket-with-band-collar/p/441121516_blackcharcoal",
            "offer-price": 1699.66,
            "rating-count": 0,
            "cat1": "Men",
            "cat2": "Western Wear",
            "cat3": "Jackets & Coats",
            "brand": "john-players-jeans"
        },
        {
            "product-id": "450143440",
            "avg-rating": "",
            "img-url": "https://assets.ajio.com/medias/sys_master/root/20211012/UoEV/61649a1df997dd3ed467200f/-78Wx98H-450143440-black-MODEL.jpg",
            "price": 1250,
            "was-price": 2499,
            "name": "Lace-Up Sports Shoes",
            "url": "/performax-lace-up-sports-shoes/p/450143440_black",
            "offer-price": 935.93,
            "rating-count": 0,
            "cat1": "Men",
            "cat2": "Footwear",
            "cat3": "Sports Shoes",
            "brand": "performax"
        },
        {
            "product-id": "450143711",
            "avg-rating": "",
            "img-url": "https://assets.ajio.com/medias/sys_master/root/20220617/YL4C/62ac4212f997dd03e2869be8/-78Wx98H-450143711-tan-MODEL.jpg",
            "price": 1799,
            "was-price": 1799,
            "name": "Slip-On Flat Sandals",
            "url": "/schumann-premium-slip-on-flat-sandals/p/450143711_tan",
            "offer-price": 1010.06,
            "rating-count": 0,
            "cat1": "Men",
            "cat2": "Footwear",
            "cat3": "Sandals",
            "brand": "schumann-premium"
        },
        {
            "product-id": "450143636",
            "avg-rating": "",
            "img-url": "https://assets.ajio.com/medias/sys_master/root/20211012/6kBP/61648a2df997ddce891d4eca/-78Wx98H-450143636-black-MODEL.jpg",
            "price": 400,
            "was-price": 999,
            "name": "Slip-On Formal Shoes",
            "url": "/schumann-slip-on-formal-shoes/p/450143636_black",
            "offer-price": 399.2,
            "rating-count": 0,
            "cat1": "Men",
            "cat2": "Footwear",
            "cat3": "Formal Shoes",
            "brand": "schumann"
        },
        {
            "product-id": "450143636",
            "avg-rating": "",
            "img-url": "https://assets.ajio.com/medias/sys_master/root/20211012/1GEf/61649a1df997dd3ed4672024/-78Wx98H-450143636-tan-MODEL.jpg",
            "price": 400,
            "was-price": 999,
            "name": "Slip-On Formal Shoes",
            "url": "/schumann-slip-on-formal-shoes/p/450143636_tan",
            "offer-price": 399.2,
            "rating-count": 0,
            "cat1": "Men",
            "cat2": "Footwear",
            "cat3": "Formal Shoes",
            "brand": "schumann"
        },
        {
            "product-id": "450143637",
            "avg-rating": "",
            "img-url": "https://assets.ajio.com/medias/sys_master/root/20211012/rE0J/6164a675aeb2692b85cc6eec/-78Wx98H-450143637-brown-MODEL.jpg",
            "price": 999,
            "was-price": 999,
            "name": "Slip-On Formal Shoes",
            "url": "/schumann-slip-on-formal-shoes/p/450143637_brown",
            "offer-price": 399.2,
            "rating-count": 0,
            "cat1": "Men",
            "cat2": "Footwear",
            "cat3": "Formal Shoes",
            "brand": "schumann"
        },
        {
            "product-id": "450143740",
            "avg-rating": "",
            "img-url": "https://assets.ajio.com/medias/sys_master/root/20211012/9zpE/6164a29caeb2692b85cc5599/-78Wx98H-450143740-white-MODEL.jpg",
            "price": 600,
            "was-price": 1499,
            "name": "Colourblock Lace-Up Casual Shoes",
            "url": "/cristofano-colourblock-lace-up-casual-shoes/p/450143740_white",
            "offer-price": 599,
            "rating-count": 0,
            "cat1": "Men",
            "cat2": "Footwear",
            "cat3": "Casual Shoes",
            "brand": "cristofano"
        },
        {
            "product-id": "458006009",
            "avg-rating": "",
            "img-url": "https://assets.ajio.com/medias/sys_master/root/20210714/QX6H/60ef02d7aeb269a9e342a8af/-78Wx98H-458006009-black-MODEL.jpg",
            "price": 2199,
            "was-price": 2199,
            "name": "Strappy Chunky Heeled Sandals",
            "url": "/fioni-by-payless-strappy-chunky-heeled-sandals/p/458006009_black",
            "offer-price": 549.31,
            "rating-count": 0,
            "cat1": "Women",
            "cat2": "Footwear",
            "cat3": "Heeled Sandals",
            "brand": "fioni-by-payless"
        },
        {
            "product-id": "450143714",
            "avg-rating": "",
            "img-url": "https://assets.ajio.com/medias/sys_master/root/20220617/COjS/62ac2e08aeb26921af2f2226/-78Wx98H-450143714-black-MODEL.jpg",
            "price": 520,
            "was-price": 1299,
            "name": "Thong-Strap Casual Sandals",
            "url": "/schumann-thong-strap-casual-sandals/p/450143714_black",
            "offer-price": 519,
            "rating-count": 0,
            "cat1": "Men",
            "cat2": "Footwear",
            "cat3": "Casual Sandals",
            "brand": "schumann"
        },
        {
            "product-id": "441128264",
            "avg-rating": "",
            "img-url": "https://assets.ajio.com/medias/sys_master/root/20211007/7oxw/615ebb4af997ddce89076267/-78Wx98H-441128264-khaki-MODEL.jpg",
            "price": 510,
            "was-price": 1699,
            "name": "Flat-Front Trousers with Insert Pockets",
            "url": "/netplay-flat-front-trousers-with-insert-pockets/p/441128264_khaki",
            "offer-price": 509.36,
            "rating-count": 0,
            "cat1": "Men",
            "cat2": "Western Wear",
            "cat3": "Trousers & Pants",
            "brand": "netplay"
        },
        {
            "product-id": "450143713",
            "avg-rating": "",
            "img-url": "https://assets.ajio.com/medias/sys_master/root/20220617/821B/62ac4c95aeb26921af31be7f/-78Wx98H-450143713-brown-MODEL.jpg",
            "price": 720,
            "was-price": 1799,
            "name": "Men Slingback Casual Sandals",
            "url": "/schumann-premium-men-slingback-casual-sandals/p/450143713_brown",
            "offer-price": 719,
            "rating-count": 0,
            "cat1": "Men",
            "cat2": "Footwear",
            "cat3": "Sandals",
            "brand": "schumann-premium"
        },
        {
            "product-id": "450130931",
            "avg-rating": "",
            "img-url": "https://assets.ajio.com/medias/sys_master/root/20210610/Aw7n/60c23a3baeb269a9e3e3acde/-78Wx98H-450130931-brown-MODEL.jpg",
            "price": 2024,
            "was-price": 2699,
            "name": "Leather Formal Derby Shoes",
            "url": "/lee-cooper-leather-formal-derby-shoes/p/450130931_brown",
            "offer-price": 1516.73,
            "rating-count": 0,
            "cat1": "Men",
            "cat2": "Footwear",
            "cat3": "Formal Shoes",
            "brand": "lee-cooper"
        },
        {
            "product-id": "458006174",
            "avg-rating": "",
            "img-url": "https://assets.ajio.com/medias/sys_master/root/20220812/688i/62f6710ff997dd03e245649d/-78Wx98H-458006174-brown-MODEL.jpg",
            "price": 699,
            "was-price": 699,
            "name": "Double Strap Toe-Ring Sandals",
            "url": "/hunters-bay-by-payless-double-strap-toe-ring-sandals/p/458006174_brown",
            "offer-price": 391.68,
            "rating-count": 0,
            "cat1": "Men",
            "cat2": "Footwear",
            "cat3": "Sandals",
            "brand": "hunters-bay-by-payless"
        },
        {
            "product-id": "450143737",
            "avg-rating": "",
            "img-url": "https://assets.ajio.com/medias/sys_master/root/20211012/bep8/6164a659aeb2692b85cc6ce9/-78Wx98H-450143737-blue-MODEL.jpg",
            "price": 280,
            "was-price": 699,
            "name": "Thong-Strap Casual Sandals",
            "url": "/cristofano-thong-strap-casual-sandals/p/450143737_blue",
            "offer-price": 279.44,
            "rating-count": 0,
            "cat1": "Men",
            "cat2": "Footwear",
            "cat3": "Sandals",
            "brand": "cristofano"
        },
        {
            "product-id": "458006159",
            "avg-rating": "",
            "img-url": "https://assets.ajio.com/medias/sys_master/root/20211012/OeZX/6164884eaeb2692b85cb5027/-78Wx98H-458006159-brown-MODEL.jpg",
            "price": 1599,
            "was-price": 1599,
            "name": "Slip-On Shoes with Tassels",
            "url": "/hunters-bay-by-payless-slip-on-shoes-with-tassels/p/458006159_brown",
            "offer-price": 639,
            "rating-count": 0,
            "cat1": "Men",
            "cat2": "Footwear",
            "cat3": "Formal Shoes",
            "brand": "hunters-bay-by-payless"
        },
        {
            "product-id": "450143777",
            "avg-rating": "",
            "img-url": "https://assets.ajio.com/medias/sys_master/root/20211012/igkh/6164998daeb2692b85cc2e41/-78Wx98H-450143777-blue-MODEL.jpg",
            "price": 999,
            "was-price": 999,
            "name": "Slip-On Loafers with Contrast Stitch Accent",
            "url": "/cristofano-slip-on-loafers-with-contrast-stitch-accent/p/450143777_blue",
            "offer-price": 399.2,
            "rating-count": 0,
            "cat1": "Men",
            "cat2": "Footwear",
            "cat3": "Casual Shoes",
            "brand": "cristofano"
        },
        {
            "product-id": "450144449",
            "avg-rating": "",
            "img-url": "https://assets.ajio.com/medias/sys_master/root/20211012/iubG/6164a838aeb2692b85cc843f/-78Wx98H-450144449-white-MODEL.jpg",
            "price": 200,
            "was-price": 499,
            "name": "Printed Thong-Strap Flip-Flops",
            "url": "/frisbee-printed-thong-strap-flip-flops/p/450144449_white",
            "offer-price": 199.6,
            "rating-count": 0,
            "cat1": "Men",
            "cat2": "Footwear",
            "cat3": "Flip Flop & Slippers",
            "brand": "frisbee"
        },
        {
            "product-id": "450143440",
            "avg-rating": "",
            "img-url": "https://assets.ajio.com/medias/sys_master/root/20211012/vOec/6164996ff997dd3ed467168a/-78Wx98H-450143440-grey-MODEL.jpg",
            "price": 1250,
            "was-price": 2499,
            "name": "Lace-Up Sports Shoes",
            "url": "/performax-lace-up-sports-shoes/p/450143440_grey",
            "offer-price": 935.93,
            "rating-count": 0,
            "cat1": "Men",
            "cat2": "Footwear",
            "cat3": "Sports Shoes",
            "brand": "performax"
        },
        {
            "product-id": "450143638",
            "avg-rating": "",
            "img-url": "https://assets.ajio.com/medias/sys_master/root/20211012/14dd/6164b82baeb2692b85cd16a1/-78Wx98H-450143638-black-MODEL.jpg",
            "price": 520,
            "was-price": 1299,
            "name": "Slip-On Formal Shoes",
            "url": "/schumann-slip-on-formal-shoes/p/450143638_black",
            "offer-price": 519,
            "rating-count": 0,
            "cat1": "Men",
            "cat2": "Footwear",
            "cat3": "Formal Shoes",
            "brand": "schumann"
        },
        {
            "product-id": "450143038",
            "avg-rating": "",
            "img-url": "https://assets.ajio.com/medias/sys_master/root/20211011/Zt8u/61647a44f997ddce891cef04/-78Wx98H-450143038-champgold-MODEL.jpg",
            "price": 599,
            "was-price": 799,
            "name": "Women Metallic-Strap Slip-On Wedges",
            "url": "/hi-attitude-women-metallic-strap-slip-on-wedges/p/450143038_champgold",
            "offer-price": 447.74,
            "rating-count": 0,
            "cat1": "Women",
            "cat2": "Footwear",
            "cat3": "Heeled Sandals",
            "brand": "hi-attitude"
        },
        {
            "product-id": "450143699",
            "avg-rating": "",
            "img-url": "https://assets.ajio.com/medias/sys_master/root/20220624/pIJC/62b5a226f997dd03e29cd45a/-78Wx98H-450143699-brown-MODEL.jpg",
            "price": 999,
            "was-price": 999,
            "name": "Thong-Strap Slip-On Sandals",
            "url": "/schumann-thong-strap-slip-on-sandals/p/450143699_brown",
            "offer-price": 559.86,
            "rating-count": 0,
            "cat1": "Men",
            "cat2": "Footwear",
            "cat3": "Flip Flop & Slippers",
            "brand": "schumann"
        },
        {
            "product-id": "450143706",
            "avg-rating": "",
            "img-url": "https://assets.ajio.com/medias/sys_master/root/20220624/qhAC/62b5a405aeb26921af45a00f/-78Wx98H-450143706-brown-MODEL.jpg",
            "price": 400,
            "was-price": 999,
            "name": "Sandals with Velcro Closure",
            "url": "/schumann-sandals-with-velcro-closure/p/450143706_brown",
            "offer-price": 399.2,
            "rating-count": 0,
            "cat1": "Men",
            "cat2": "Footwear",
            "cat3": "Sandals",
            "brand": "schumann"
        },
        {
            "product-id": "450143383",
            "avg-rating": "",
            "img-url": "https://assets.ajio.com/medias/sys_master/root/20211011/WSrq/6164767ef997ddce891cdc87/-78Wx98H-450143383-maroon-MODEL.jpg",
            "price": 559,
            "was-price": 799,
            "name": "Slip-On Sports Shoes",
            "url": "/performax-slip-on-sports-shoes/p/450143383_maroon",
            "offer-price": 399.5,
            "rating-count": 0,
            "cat1": "Women",
            "cat2": "Footwear",
            "cat3": "Sports Shoes",
            "brand": "performax"
        },
        {
            "product-id": "450143640",
            "avg-rating": "",
            "img-url": "https://assets.ajio.com/medias/sys_master/root/20211012/NRSC/6164a838aeb2692b85cc842c/-78Wx98H-450143640-brown-MODEL.jpg",
            "price": 600,
            "was-price": 1499,
            "name": "Slip-On Formal Shoes",
            "url": "/schumann-slip-on-formal-shoes/p/450143640_brown",
            "offer-price": 599,
            "rating-count": 0,
            "cat1": "Men",
            "cat2": "Footwear",
            "cat3": "Formal Shoes",
            "brand": "schumann"
        },
        {
            "product-id": "450143734",
            "avg-rating": "",
            "img-url": "https://assets.ajio.com/medias/sys_master/root/20211012/4F5y/616492cfaeb2692b85cbc764/-78Wx98H-450143734-brown-MODEL.jpg",
            "price": 374,
            "was-price": 499,
            "name": "Thong-Strap Casual Sandals",
            "url": "/cristofano-thong-strap-casual-sandals/p/450143734_brown",
            "offer-price": 279.56,
            "rating-count": 0,
            "cat1": "Men",
            "cat2": "Footwear",
            "cat3": "Sandals",
            "brand": "cristofano"
        },
        {
            "product-id": "450143773",
            "avg-rating": "",
            "img-url": "https://assets.ajio.com/medias/sys_master/root/20211012/lPZ4/6164877cf997ddce891d3391/-78Wx98H-450143773-red-MODEL.jpg",
            "price": 600,
            "was-price": 1499,
            "name": "Perforated Lace-Up Casual Shoes",
            "url": "/cristofano-perforated-lace-up-casual-shoes/p/450143773_red",
            "offer-price": 599,
            "rating-count": 0,
            "cat1": "Men",
            "cat2": "Footwear",
            "cat3": "Casual Shoes",
            "brand": "cristofano"
        },
        {
            "product-id": "450143773",
            "avg-rating": "",
            "img-url": "https://assets.ajio.com/medias/sys_master/root/20211012/PerR/61649641aeb2692b85cbfd34/-78Wx98H-450143773-seagrn-MODEL.jpg",
            "price": 1124,
            "was-price": 1499,
            "name": "Perforated Lace-Up Casual Shoes",
            "url": "/cristofano-perforated-lace-up-casual-shoes/p/450143773_seagrn",
            "offer-price": 841.59,
            "rating-count": 0,
            "cat1": "Men",
            "cat2": "Footwear",
            "cat3": "Casual Shoes",
            "brand": "cristofano"
        },
        {
            "product-id": "450143773",
            "avg-rating": "",
            "img-url": "https://assets.ajio.com/medias/sys_master/root/20211012/mbKG/61649851aeb2692b85cc1c1f/-78Wx98H-450143773-skyblue-MODEL.jpg",
            "price": 1124,
            "was-price": 1499,
            "name": "Perforated Lace-Up Casual Shoes",
            "url": "/cristofano-perforated-lace-up-casual-shoes/p/450143773_skyblue",
            "offer-price": 841.59,
            "rating-count": 0,
            "cat1": "Men",
            "cat2": "Footwear",
            "cat3": "Casual Shoes",
            "brand": "cristofano"
        },
        {
            "product-id": "450143662",
            "avg-rating": "",
            "img-url": "https://assets.ajio.com/medias/sys_master/root/20211012/pb55/61648853f997ddce891d3b69/-78Wx98H-450143662-tan-MODEL.jpg",
            "price": 720,
            "was-price": 1799,
            "name": "Lace-Up Formal Shoes",
            "url": "/schumann-lace-up-formal-shoes/p/450143662_tan",
            "offer-price": 719,
            "rating-count": 0,
            "cat1": "Men",
            "cat2": "Footwear",
            "cat3": "Formal Shoes",
            "brand": "schumann"
        },
        {
            "product-id": "450143662",
            "avg-rating": "",
            "img-url": "https://assets.ajio.com/medias/sys_master/root/20211012/h9H6/6164a838aeb2692b85cc8446/-78Wx98H-450143662-black-MODEL.jpg",
            "price": 1799,
            "was-price": 1799,
            "name": "Lace-Up Formal Shoes",
            "url": "/schumann-lace-up-formal-shoes/p/450143662_black",
            "offer-price": 1010.06,
            "rating-count": 0,
            "cat1": "Men",
            "cat2": "Footwear",
            "cat3": "Formal Shoes",
            "brand": "schumann"
        },
        {
            "product-id": "441172315",
            "avg-rating": "",
            "img-url": "https://assets.ajio.com/medias/sys_master/root/20210713/IVI2/60edac98f997ddb31225f390/-78Wx98H-441172315-maroon-MODEL.jpg",
            "price": 1799,
            "was-price": 1799,
            "name": "3-piece Dress Material",
            "url": "/nv-bhandar-3-piece-dress-material/p/441172315_maroon",
            "offer-price": 1346.99,
            "rating-count": 0,
            "cat1": "Women",
            "cat2": "Ethnic Wear",
            "cat3": "Dress Material",
            "brand": "nv-bhandar"
        },
        {
            "product-id": "450143668",
            "avg-rating": "",
            "img-url": "https://assets.ajio.com/medias/sys_master/root/20211012/Z9yL/6164baf5f997dd3ed4680ba4/-78Wx98H-450143668-brown-MODEL.jpg",
            "price": 1999,
            "was-price": 1999,
            "name": "Lace-Up Formal Shoes",
            "url": "/schumann-lace-up-formal-shoes/p/450143668_brown",
            "offer-price": 1122.37,
            "rating-count": 0,
            "cat1": "Men",
            "cat2": "Footwear",
            "cat3": "Formal Shoes",
            "brand": "schumann"
        },
        {
            "product-id": "450144116",
            "avg-rating": "",
            "img-url": "https://assets.ajio.com/medias/sys_master/root/20211012/GSKJ/6164b3e7aeb2692b85cd049b/-78Wx98H-450144116-blue-MODEL.jpg",
            "price": 149,
            "was-price": 199,
            "name": "Women Thong-Strap Flip-Flops with Printed Footbed",
            "url": "/frisbee-women-thong-strap-flip-flops-with-printed-footbed/p/450144116_blue",
            "offer-price": 111.37,
            "rating-count": 0,
            "cat1": "Women",
            "cat2": "Footwear",
            "cat3": "Flip Flop & Slippers",
            "brand": "frisbee"
        },
        {
            "product-id": "441172285",
            "avg-rating": "",
            "img-url": "https://assets.ajio.com/medias/sys_master/root/20210706/dVPI/60e35bfbf997ddb3121b7759/-78Wx98H-441172285-fuchsia-MODEL.jpg",
            "price": 1999,
            "was-price": 1999,
            "name": "Embroidered 3-piece Dress Material",
            "url": "/aksk-creation-embroidered-3-piece-dress-material/p/441172285_fuchsia",
            "offer-price": 1498,
            "rating-count": 0,
            "cat1": "Women",
            "cat2": "Ethnic Wear",
            "cat3": "Dress Material",
            "brand": "aksk-creation"
        },
        {
            "product-id": "450143756",
            "avg-rating": "",
            "img-url": "https://assets.ajio.com/medias/sys_master/root/20211012/L7iW/6164afbaaeb2692b85ccf405/-78Wx98H-450143756-blue-MODEL.jpg",
            "price": 400,
            "was-price": 999,
            "name": "Lace-Up Casual Shoes",
            "url": "/cristofano-lace-up-casual-shoes/p/450143756_blue",
            "offer-price": 399.2,
            "rating-count": 0,
            "cat1": "Men",
            "cat2": "Footwear",
            "cat3": "Casual Shoes",
            "brand": "cristofano"
        },
        {
            "product-id": "450143754",
            "avg-rating": "",
            "img-url": "https://assets.ajio.com/medias/sys_master/root/20211012/2zeD/6164a0b5f997dd3ed46730ea/-78Wx98H-450143754-navy-MODEL.jpg",
            "price": 799,
            "was-price": 799,
            "name": "Men Slip-On Casual Shoes",
            "url": "/cristofano-men-slip-on-casual-shoes/p/450143754_navy",
            "offer-price": 319.36,
            "rating-count": 0,
            "cat1": "Men",
            "cat2": "Footwear",
            "cat3": "Casual Shoes",
            "brand": "cristofano"
        },
        {
            "product-id": "450144449",
            "avg-rating": "",
            "img-url": "https://assets.ajio.com/medias/sys_master/root/20211012/NTYe/61648a3cf997ddce891d4faa/-78Wx98H-450144449-black-MODEL.jpg",
            "price": 200,
            "was-price": 499,
            "name": "Printed Thong-Strap Flip-Flops",
            "url": "/frisbee-printed-thong-strap-flip-flops/p/450144449_black",
            "offer-price": 199.6,
            "rating-count": 0,
            "cat1": "Men",
            "cat2": "Footwear",
            "cat3": "Flip Flop & Slippers",
            "brand": "frisbee"
        },
        {
            "product-id": "458006187",
            "avg-rating": "",
            "img-url": "https://assets.ajio.com/medias/sys_master/root/20211012/PhVZ/6164a838aeb2692b85cc8443/-78Wx98H-458006187-tan-MODEL.jpg",
            "price": 1299,
            "was-price": 1299,
            "name": "Slip-On Shoes with Perforations",
            "url": "/hunters-bay-by-payless-slip-on-shoes-with-perforations/p/458006187_tan",
            "offer-price": 728.04,
            "rating-count": 0,
            "cat1": "Men",
            "cat2": "Footwear",
            "cat3": "Casual Shoes",
            "brand": "hunters-bay-by-payless"
        },
        {
            "product-id": "450144542",
            "avg-rating": "",
            "img-url": "https://assets.ajio.com/medias/sys_master/root/20211012/QRz7/6164c274aeb2692b85cd622e/-78Wx98H-450144542-redblk-MODEL.jpg",
            "price": 5999,
            "was-price": 5999,
            "name": "Arriba Low-Top  Shoes",
            "url": "/puma-arriba-low-top-shoes/p/450144542_redblk",
            "offer-price": 2399.6,
            "rating-count": 0,
            "cat1": "Men",
            "cat2": "Footwear",
            "cat3": "Sports Shoes",
            "brand": "puma"
        },
        {
            "product-id": "450143711",
            "avg-rating": "",
            "img-url": "https://assets.ajio.com/medias/sys_master/root/20220617/8TvT/62ac3aa3aeb26921af2f64a7/-78Wx98H-450143711-black-MODEL.jpg",
            "price": 1799,
            "was-price": 1799,
            "name": "Slip-On Flat Sandals",
            "url": "/schumann-premium-slip-on-flat-sandals/p/450143711_black",
            "offer-price": 1010.06,
            "rating-count": 0,
            "cat1": "Men",
            "cat2": "Footwear",
            "cat3": "Sandals",
            "brand": "schumann-premium"
        },
        {
            "product-id": "450143735",
            "avg-rating": "",
            "img-url": "https://assets.ajio.com/medias/sys_master/root/20211012/6fTZ/61649921aeb2692b85cc280e/-78Wx98H-450143735-navy-MODEL.jpg",
            "price": 200,
            "was-price": 499,
            "name": "Thong-Strap Casual Sandals",
            "url": "/cristofano-thong-strap-casual-sandals/p/450143735_navy",
            "offer-price": 199.6,
            "rating-count": 0,
            "cat1": "Men",
            "cat2": "Footwear",
            "cat3": "Sandals",
            "brand": "cristofano"
        },
        {
            "product-id": "458006204",
            "avg-rating": "",
            "img-url": "https://assets.ajio.com/medias/sys_master/root/20211012/XsHn/61649ecaf997dd3ed4672aa5/-78Wx98H-458006204-white-MODEL.jpg",
            "price": 1499,
            "was-price": 1499,
            "name": "Lace-Up Casual Shoes with Perforations",
            "url": "/hunters-bay-by-payless-lace-up-casual-shoes-with-perforations/p/458006204_white",
            "offer-price": 841.59,
            "rating-count": 0,
            "cat1": "Men",
            "cat2": "Footwear",
            "cat3": "Casual Shoes",
            "brand": "hunters-bay-by-payless"
        },
        {
            "product-id": "450143698",
            "avg-rating": "",
            "img-url": "https://assets.ajio.com/medias/sys_master/root/20220624/MwLM/62b5a840aeb26921af45bab3/-78Wx98H-450143698-tan-MODEL.jpg",
            "price": 280,
            "was-price": 699,
            "name": "Sandals with Buckle Closure",
            "url": "/schumann-sandals-with-buckle-closure/p/450143698_tan",
            "offer-price": 279.44,
            "rating-count": 0,
            "cat1": "Men",
            "cat2": "Footwear",
            "cat3": "Sandals",
            "brand": "schumann"
        },
        {
            "product-id": "450143739",
            "avg-rating": "",
            "img-url": "https://assets.ajio.com/medias/sys_master/root/20211012/Im4k/6164c44baeb2692b85cd6e14/-78Wx98H-450143739-navy-MODEL.jpg",
            "price": 974,
            "was-price": 1299,
            "name": "Slip-On Casual Shoes",
            "url": "/cristofano-slip-on-casual-shoes/p/450143739_navy",
            "offer-price": 728.04,
            "rating-count": 0,
            "cat1": "Men",
            "cat2": "Footwear",
            "cat3": "Casual Shoes",
            "brand": "cristofano"
        },
        {
            "product-id": "441172272",
            "avg-rating": "",
            "img-url": "https://assets.ajio.com/medias/sys_master/root/20210713/JH0m/60edabb5f997ddb31225f057/-78Wx98H-441172272-darkgrey-MODEL.jpg",
            "price": 1799,
            "was-price": 1799,
            "name": "Printed 3-piece Dress Material",
            "url": "/aksk-creation-printed-3-piece-dress-material/p/441172272_darkgrey",
            "offer-price": 1346.99,
            "rating-count": 0,
            "cat1": "Women",
            "cat2": "Ethnic Wear",
            "cat3": "Dress Material",
            "brand": "aksk-creation"
        },
        {
            "product-id": "450143712",
            "avg-rating": "",
            "img-url": "https://assets.ajio.com/medias/sys_master/root/20220624/U0B3/62b5a503aeb26921af45a92d/-78Wx98H-450143712-tan-MODEL.jpg",
            "price": 720,
            "was-price": 1799,
            "name": "Men Thong-Strap Flat Sandals",
            "url": "/schumann-premium-men-thong-strap-flat-sandals/p/450143712_tan",
            "offer-price": 719,
            "rating-count": 0,
            "cat1": "Men",
            "cat2": "Footwear",
            "cat3": "Sandals",
            "brand": "schumann-premium"
        },
        {
            "product-id": "450143690",
            "avg-rating": "",
            "img-url": "https://assets.ajio.com/medias/sys_master/root/20220624/s0vc/62b5a6d5f997dd03e29cf543/-78Wx98H-450143690-tan-MODEL.jpg",
            "price": 799,
            "was-price": 799,
            "name": "Sandals with Velcro Closure",
            "url": "/schumann-sandals-with-velcro-closure/p/450143690_tan",
            "offer-price": 319.36,
            "rating-count": 0,
            "cat1": "Men",
            "cat2": "Footwear",
            "cat3": "Sandals",
            "brand": "schumann"
        },
        {
            "product-id": "450143738",
            "avg-rating": "",
            "img-url": "https://assets.ajio.com/medias/sys_master/root/20211012/ijP9/6164acb2f997dd3ed467ad64/-78Wx98H-450143738-white-MODEL.jpg",
            "price": 320,
            "was-price": 799,
            "name": "Thong-Strap Flip-Flops",
            "url": "/cristofano-thong-strap-flip-flops/p/450143738_white",
            "offer-price": 319.36,
            "rating-count": 0,
            "cat1": "Men",
            "cat2": "Footwear",
            "cat3": "Flip Flop & Slippers",
            "brand": "cristofano"
        },
        {
            "product-id": "450143706",
            "avg-rating": "",
            "img-url": "https://assets.ajio.com/medias/sys_master/root/20220624/fPNK/62b5a9a0f997dd03e29d05cb/-78Wx98H-450143706-black-MODEL.jpg",
            "price": 999,
            "was-price": 999,
            "name": "Sandals with Velcro Closure",
            "url": "/schumann-sandals-with-velcro-closure/p/450143706_black",
            "offer-price": 399.2,
            "rating-count": 0,
            "cat1": "Men",
            "cat2": "Footwear",
            "cat3": "Sandals",
            "brand": "schumann"
        },
        {
            "product-id": "458006192",
            "avg-rating": "",
            "img-url": "https://assets.ajio.com/medias/sys_master/root/20211012/4vc2/6164a989aeb2692b85cc932b/-78Wx98H-458006192-olive-MODEL.jpg",
            "price": 1299,
            "was-price": 1299,
            "name": "Slip-On Penny Loafers",
            "url": "/hunters-bay-by-payless-slip-on-penny-loafers/p/458006192_olive",
            "offer-price": 728.04,
            "rating-count": 0,
            "cat1": "Men",
            "cat2": "Footwear",
            "cat3": "Casual Shoes",
            "brand": "hunters-bay-by-payless"
        },
        {
            "product-id": "450143718",
            "avg-rating": "",
            "img-url": "https://assets.ajio.com/medias/sys_master/root/20220617/gHOQ/62ac3ab0aeb26921af2f6666/-78Wx98H-450143718-black-MODEL.jpg",
            "price": 520,
            "was-price": 1299,
            "name": "Textured Slingback Casual Sandals",
            "url": "/schumann-textured-slingback-casual-sandals/p/450143718_black",
            "offer-price": 519,
            "rating-count": 0,
            "cat1": "Men",
            "cat2": "Footwear",
            "cat3": "Sandals",
            "brand": "schumann"
        },
        {
            "product-id": "450143663",
            "avg-rating": "",
            "img-url": "https://assets.ajio.com/medias/sys_master/root/20211012/9lTZ/6164a38ff997dd3ed46740c4/-78Wx98H-450143663-brown-MODEL.jpg",
            "price": 1799,
            "was-price": 1799,
            "name": "Lace-Up Formal Shoes",
            "url": "/schumann-lace-up-formal-shoes/p/450143663_brown",
            "offer-price": 1010.06,
            "rating-count": 0,
            "cat1": "Men",
            "cat2": "Footwear",
            "cat3": "Formal Shoes",
            "brand": "schumann"
        },
        {
            "product-id": "450143774",
            "avg-rating": "",
            "img-url": "https://assets.ajio.com/medias/sys_master/root/20211012/16uz/61649994f997dd3ed4671949/-78Wx98H-450143774-black-MODEL.jpg",
            "price": 999,
            "was-price": 999,
            "name": "Lace-Up Casual Shoes",
            "url": "/cristofano-lace-up-casual-shoes/p/450143774_black",
            "offer-price": 559.86,
            "rating-count": 0,
            "cat1": "Men",
            "cat2": "Footwear",
            "cat3": "Casual Shoes",
            "brand": "cristofano"
        },
        {
            "product-id": "441172267",
            "avg-rating": "",
            "img-url": "https://assets.ajio.com/medias/sys_master/root/20210708/wCf7/60e71437aeb269a9e33d60d5/-78Wx98H-441172267-red-MODEL.jpg",
            "price": 1999,
            "was-price": 1999,
            "name": "Printed 3-piece Dress Material",
            "url": "/aksk-creation-printed-3-piece-dress-material/p/441172267_red",
            "offer-price": 1498,
            "rating-count": 0,
            "cat1": "Women",
            "cat2": "Ethnic Wear",
            "cat3": "Dress Material",
            "brand": "aksk-creation"
        },
        {
            "product-id": "450143600",
            "avg-rating": "",
            "img-url": "https://assets.ajio.com/medias/sys_master/root/20211012/eSaZ/6164a5ddf997dd3ed4674fa8/-78Wx98H-450143600-black-MODEL.jpg",
            "price": 799,
            "was-price": 799,
            "name": "Men Slip-On Formal Shoes",
            "url": "/schumann-men-slip-on-formal-shoes/p/450143600_black",
            "offer-price": 447.74,
            "rating-count": 0,
            "cat1": "Men",
            "cat2": "Footwear",
            "cat3": "Formal Shoes",
            "brand": "schumann"
        },
        {
            "product-id": "450143667",
            "avg-rating": "",
            "img-url": "https://assets.ajio.com/medias/sys_master/root/20211012/JECD/61648525aeb2692b85cb2380/-78Wx98H-450143667-tan-MODEL.jpg",
            "price": 1799,
            "was-price": 1799,
            "name": "Slip-On Formal Shoes",
            "url": "/schumann-slip-on-formal-shoes/p/450143667_tan",
            "offer-price": 1010.06,
            "rating-count": 0,
            "cat1": "Men",
            "cat2": "Footwear",
            "cat3": "Formal Shoes",
            "brand": "schumann"
        },
        {
            "product-id": "450143891",
            "avg-rating": "",
            "img-url": "https://assets.ajio.com/medias/sys_master/root/20220114/ngiW/61e17091aeb2695cdd158e6f/-78Wx98H-450143891-pewter-MODEL.jpg",
            "price": 200,
            "was-price": 499,
            "name": "Slingback Toe-Ring Flat Sandals",
            "url": "/hi-attitude-slingback-toe-ring-flat-sandals/p/450143891_pewter",
            "offer-price": 199.6,
            "rating-count": 0,
            "cat1": "Women",
            "cat2": "Footwear",
            "cat3": "Flat Sandals",
            "brand": "hi-attitude"
        },
        {
            "product-id": "450144364",
            "avg-rating": "",
            "img-url": "https://assets.ajio.com/medias/sys_master/root/20211012/3fnL/6164c272f997dd3ed4683e11/-78Wx98H-450144364-tan-MODEL.jpg",
            "price": 2624,
            "was-price": 3499,
            "name": "Derby Shoes with Wing-Tip Design",
            "url": "/schumann-premium-derby-shoes-with-wing-tip-design/p/450144364_tan",
            "offer-price": 1966.36,
            "rating-count": 0,
            "cat1": "Men",
            "cat2": "Footwear",
            "cat3": "Formal Shoes",
            "brand": "schumann-premium"
        },
        {
            "product-id": "450144083",
            "avg-rating": "",
            "img-url": "https://assets.ajio.com/medias/sys_master/root/20211011/VGnp/616468e5aeb2692b85caa836/-78Wx98H-450144083-pink-MODEL.jpg",
            "price": 187,
            "was-price": 249,
            "name": "Dual Thong-Strap Flip-Flops",
            "url": "/frisbee-dual-thong-strap-flip-flops/p/450144083_pink",
            "offer-price": 139.78,
            "rating-count": 0,
            "cat1": "Women",
            "cat2": "Footwear",
            "cat3": "Flip Flop & Slippers",
            "brand": "frisbee"
        },
        {
            "product-id": "450143760",
            "avg-rating": "",
            "img-url": "https://assets.ajio.com/medias/sys_master/root/20211012/PdIu/61648853f997ddce891d3b5b/-78Wx98H-450143760-brown-MODEL.jpg",
            "price": 1124,
            "was-price": 1499,
            "name": "Slip-On Casual Shoes",
            "url": "/cristofano-slip-on-casual-shoes/p/450143760_brown",
            "offer-price": 841.59,
            "rating-count": 0,
            "cat1": "Men",
            "cat2": "Footwear",
            "cat3": "Casual Shoes",
            "brand": "cristofano"
        },
        {
            "product-id": "450143663",
            "avg-rating": "",
            "img-url": "https://assets.ajio.com/medias/sys_master/root/20211012/RjNN/6164c27eaeb2692b85cd6307/-78Wx98H-450143663-black-MODEL.jpg",
            "price": 1799,
            "was-price": 1799,
            "name": "Lace-Up Formal Shoes",
            "url": "/schumann-lace-up-formal-shoes/p/450143663_black",
            "offer-price": 719,
            "rating-count": 0,
            "cat1": "Men",
            "cat2": "Footwear",
            "cat3": "Formal Shoes",
            "brand": "schumann"
        },
        {
            "product-id": "441121524",
            "avg-rating": "",
            "img-url": "https://assets.ajio.com/medias/sys_master/root/20211009/W7D4/6161b93ef997ddce89136cc9/-78Wx98H-441121524-jetblack-MODEL.jpg",
            "price": 2000,
            "was-price": 4999,
            "name": "Slim Fit Zip-Front Biker Jacket with Band Collar",
            "url": "/john-players-jeans-slim-fit-zip-front-biker-jacket-with-band-collar/p/441121524_jetblack",
            "offer-price": 1699.66,
            "rating-count": 0,
            "cat1": "Men",
            "cat2": "Western Wear",
            "cat3": "Jackets & Coats",
            "brand": "john-players-jeans"
        },
        {
            "product-id": "458006184",
            "avg-rating": "",
            "img-url": "https://assets.ajio.com/medias/sys_master/root/20220624/JqvW/62b5a4f3f997dd03e29ce979/-78Wx98H-458006184-tan-MODEL.jpg",
            "price": 999,
            "was-price": 999,
            "name": "Strappy Slingback Slip-On Sandals",
            "url": "/hunters-bay-by-payless-strappy-slingback-slip-on-sandals/p/458006184_tan",
            "offer-price": 399.2,
            "rating-count": 0,
            "cat1": "Men",
            "cat2": "Footwear",
            "cat3": "Sandals",
            "brand": "hunters-bay-by-payless"
        },
        {
            "product-id": "450143690",
            "avg-rating": "",
            "img-url": "https://assets.ajio.com/medias/sys_master/root/20220624/O4cE/62b5a937f997dd03e29d0461/-78Wx98H-450143690-brown-MODEL.jpg",
            "price": 320,
            "was-price": 799,
            "name": "Sandals with Velcro Closure",
            "url": "/schumann-sandals-with-velcro-closure/p/450143690_brown",
            "offer-price": 319.36,
            "rating-count": 0,
            "cat1": "Men",
            "cat2": "Footwear",
            "cat3": "Sandals",
            "brand": "schumann"
        },
        {
            "product-id": "450144116",
            "avg-rating": "",
            "img-url": "https://assets.ajio.com/medias/sys_master/root/20211011/xE0d/61645f91aeb2692b85ca9820/-78Wx98H-450144116-pink-MODEL.jpg",
            "price": 149,
            "was-price": 199,
            "name": "Women Thong-Strap Flip-Flops with Printed Footbed",
            "url": "/frisbee-women-thong-strap-flip-flops-with-printed-footbed/p/450144116_pink",
            "offer-price": 111.37,
            "rating-count": 0,
            "cat1": "Women",
            "cat2": "Footwear",
            "cat3": "Flip Flop & Slippers",
            "brand": "frisbee"
        },
        {
            "product-id": "450143768",
            "avg-rating": "",
            "img-url": "https://assets.ajio.com/medias/sys_master/root/20211012/aeWy/61648a3cf997ddce891d4f9d/-78Wx98H-450143768-blue-MODEL.jpg",
            "price": 200,
            "was-price": 499,
            "name": "Thong-Strap Casual Sandals with Stitch Accent",
            "url": "/cristofano-thong-strap-casual-sandals-with-stitch-accent/p/450143768_blue",
            "offer-price": 199.6,
            "rating-count": 0,
            "cat1": "Men",
            "cat2": "Footwear",
            "cat3": "Sandals",
            "brand": "cristofano"
        },
        {
            "product-id": "450143768",
            "avg-rating": "",
            "img-url": "https://assets.ajio.com/medias/sys_master/root/20211012/61gA/61649930f997dd3ed4671243/-78Wx98H-450143768-brown-MODEL.jpg",
            "price": 374,
            "was-price": 499,
            "name": "Thong-Strap Casual Sandals with Stitch Accent",
            "url": "/cristofano-thong-strap-casual-sandals-with-stitch-accent/p/450143768_brown",
            "offer-price": 279.56,
            "rating-count": 0,
            "cat1": "Men",
            "cat2": "Footwear",
            "cat3": "Sandals",
            "brand": "cristofano"
        },
        {
            "product-id": "450143770",
            "avg-rating": "",
            "img-url": "https://assets.ajio.com/medias/sys_master/root/20211012/lLex/6164b27daeb2692b85cd027b/-78Wx98H-450143770-brown-MODEL.jpg",
            "price": 520,
            "was-price": 1299,
            "name": "Slip-On Casual Shoes with Cutouts",
            "url": "/cristofano-slip-on-casual-shoes-with-cutouts/p/450143770_brown",
            "offer-price": 519,
            "rating-count": 0,
            "cat1": "Men",
            "cat2": "Footwear",
            "cat3": "Casual Shoes",
            "brand": "cristofano"
        },
        {
            "product-id": "450143641",
            "avg-rating": "",
            "img-url": "https://assets.ajio.com/medias/sys_master/root/20211012/lRsF/6164a2abf997dd3ed4673e92/-78Wx98H-450143641-black-MODEL.jpg",
            "price": 600,
            "was-price": 1499,
            "name": "Slip-On Formal Shoes",
            "url": "/schumann-slip-on-formal-shoes/p/450143641_black",
            "offer-price": 599,
            "rating-count": 0,
            "cat1": "Men",
            "cat2": "Footwear",
            "cat3": "Formal Shoes",
            "brand": "schumann"
        },
        {
            "product-id": "441128262",
            "avg-rating": "",
            "img-url": "https://assets.ajio.com/medias/sys_master/root/20211009/kDjN/61609ba8f997ddce890ec79a/-78Wx98H-441128262-navy-MODEL.jpg",
            "price": 450,
            "was-price": 1499,
            "name": "Hi-Stretch Pull On Slim Fit Chinos",
            "url": "/netplay-hi-stretch-pull-on-slim-fit-chinos/p/441128262_navy",
            "offer-price": 449.44,
            "rating-count": 0,
            "cat1": "Men",
            "cat2": "Western Wear",
            "cat3": "Trousers & Pants",
            "brand": "netplay"
        },
        {
            "product-id": "450130957",
            "avg-rating": "",
            "img-url": "https://assets.ajio.com/medias/sys_master/root/20210212/1ghU/60257c94aeb2696981633940/-78Wx98H-450130957-black-MODEL.jpg",
            "price": 2499,
            "was-price": 2499,
            "name": "Textured Slip-On Formal Shoes",
            "url": "/lee-cooper-textured-slip-on-formal-shoes/p/450130957_black",
            "offer-price": 935.93,
            "rating-count": 0,
            "cat1": "Men",
            "cat2": "Footwear",
            "cat3": "Formal Shoes",
            "brand": "lee-cooper"
        },
        {
            "product-id": "450130948",
            "avg-rating": "",
            "img-url": "https://assets.ajio.com/medias/sys_master/root/20200821/BJ5P/5f3fe61ff997dd2277a343a7/-78Wx98H-450130948-brown-MODEL.jpg",
            "price": 1400,
            "was-price": 2799,
            "name": "Lace-Up Formal Shoes",
            "url": "/lee-cooper-lace-up-formal-shoes/p/450130948_brown",
            "offer-price": 1048.24,
            "rating-count": 0,
            "cat1": "Men",
            "cat2": "Footwear",
            "cat3": "Formal Shoes",
            "brand": "lee-cooper"
        },
        {
            "product-id": "450130949",
            "avg-rating": "",
            "img-url": "https://assets.ajio.com/medias/sys_master/root/20210617/aTyI/60cb7702aeb269a9e3ed5321/-78Wx98H-450130949-tan-MODEL.jpg",
            "price": 1500,
            "was-price": 2999,
            "name": "Lace-Up Formal Ankle Boots",
            "url": "/lee-cooper-lace-up-formal-ankle-boots/p/450130949_tan",
            "offer-price": 1123.12,
            "rating-count": 0,
            "cat1": "Men",
            "cat2": "Footwear",
            "cat3": "Boots",
            "brand": "lee-cooper"
        }
    ]
}