{
    "luxe.ajio": [
        {
            "product-id": "410286351",
            "avg-rating": "",
            "img-url": "https://assets.ajio.com/medias/sys_master/root/20210423/BwnB/6081d37eaeb269a9e39c0127/-78Wx98H-410286351-650-MODEL.jpg",
            "price": 7990,
            "was-price": 7990,
            "name": "Bucket Hat with Eyelets",
            "url": "/paul-shark-bucket-hat-with-eyelets/p/410286351_650",
            "offer-price": 4314.6,
            "rating-count": 0,
            "cat1": "Men",
            "cat2": "Clothing Accessories",
            "cat3": "Caps & Hats",
            "brand": "paul-shark"
        },
        {
            "product-id": "410286356",
            "avg-rating": "",
            "img-url": "https://assets.ajio.com/medias/sys_master/root/20210423/WpRN/6081cee0f997dd7b64bd1b1e/-78Wx98H-410286356-11-MODEL.jpg",
            "price": 18990,
            "was-price": 18990,
            "name": "Organic Cotton Pique Polo T-Shirt with Patches",
            "url": "/paul-shark-organic-cotton-pique-polo-t-shirt-with-patches/p/410286356_11",
            "offer-price": 10254.6,
            "rating-count": 0,
            "cat1": "Men",
            "cat2": "Western Wear",
            "cat3": "Tshirts",
            "brand": "paul-shark"
        },
        {
            "product-id": "410167150",
            "avg-rating": "",
            "img-url": "https://assets.ajio.com/medias/sys_master/root/hfd/ha2/13105029120030/-78Wx98H-410167150-cvr-MODEL.jpg",
            "price": 767,
            "was-price": 1395,
            "name": "Gwen Panelled Brazilian Panties with Bow",
            "url": "/hunkemoller-gwen-panelled-brazilian-panties-with-bow/p/410167150_cvr",
            "offer-price": 573.31,
            "rating-count": 0,
            "cat1": "Women",
            "cat2": "Lingerie & Innerwear",
            "cat3": "Panties",
            "brand": "hunkemoller"
        },
        {
            "product-id": "410198524",
            "avg-rating": "",
            "img-url": "https://assets.ajio.com/medias/sys_master/root/h49/h40/13104386801694/-78Wx98H-410198524-cvr-MODEL.jpg",
            "price": 822,
            "was-price": 1495,
            "name": "Delaney Brazilian Panties with Lace",
            "url": "/hunkemoller-delaney-brazilian-panties-with-lace/p/410198524_cvr",
            "offer-price": 614.42,
            "rating-count": 0,
            "cat1": "Women",
            "cat2": "Lingerie & Innerwear",
            "cat3": "Panties",
            "brand": "hunkemoller"
        },
        {
            "product-id": "410206813",
            "avg-rating": "",
            "img-url": "https://assets.ajio.com/medias/sys_master/root/hab/hdd/13031634763806/-78Wx98H-410206813-blu-MODEL.jpg",
            "price": 822,
            "was-price": 1495,
            "name": "Fair Play Tanga Biniki with Tie-Ups",
            "url": "/hunkemoller-fair-play-tanga-biniki-with-tie-ups/p/410206813_blu",
            "offer-price": 614.42,
            "rating-count": 0,
            "cat1": "Women",
            "cat2": "Western Wear",
            "cat3": "Swimwear",
            "brand": "hunkemoller"
        },
        {
            "product-id": "410166319",
            "avg-rating": "",
            "img-url": "https://assets.ajio.com/medias/sys_master/root/h99/h64/13104746004510/-78Wx98H-410166319-cvr-MODEL.jpg",
            "price": 3095,
            "was-price": 3095,
            "name": "Precious Embellished Floral Lace Balconette Bra",
            "url": "/hunkemoller-precious-embellished-floral-lace-balconette-bra/p/410166319_cvr",
            "offer-price": 1274.36,
            "rating-count": 0,
            "cat1": "Women",
            "cat2": "Lingerie & Innerwear",
            "cat3": "Bras",
            "brand": "hunkemoller"
        },
        {
            "product-id": "410286344",
            "avg-rating": "",
            "img-url": "https://assets.ajio.com/medias/sys_master/root/20210423/axjd/6081d28ff997dd7b64bd2bdb/-78Wx98H-410286344-100-MODEL.jpg",
            "price": 19990,
            "was-price": 19990,
            "name": "Tie & Die Swim Trunk Shorts",
            "url": "/paul-shark-tie-die-swim-trunk-shorts/p/410286344_100",
            "offer-price": 10794.6,
            "rating-count": 0,
            "cat1": "Men",
            "cat2": "Night & Lounge Wear",
            "cat3": "Shorts",
            "brand": "paul-shark"
        },
        {
            "product-id": "410286360",
            "avg-rating": "",
            "img-url": "https://assets.ajio.com/medias/sys_master/root/20210423/zJri/6081c130aeb269a9e39bb5cc/-78Wx98H-410286360-11-MODEL.jpg",
            "price": 11990,
            "was-price": 11990,
            "name": "Typographic Print Organic Cotton T-Shirt",
            "url": "/paul-shark-typographic-print-organic-cotton-t-shirt/p/410286360_11",
            "offer-price": 6474.6,
            "rating-count": 0,
            "cat1": "Men",
            "cat2": "Western Wear",
            "cat3": "Tshirts",
            "brand": "paul-shark"
        },
        {
            "product-id": "410286319",
            "avg-rating": "",
            "img-url": "https://assets.ajio.com/medias/sys_master/root/20210423/mTPW/6081cb95f997dd7b64bd0b06/-78Wx98H-410286319-2-MODEL.jpg",
            "price": 18990,
            "was-price": 18990,
            "name": "Organic Cotton Poplin Shirt with Patch Pocket",
            "url": "/paul-shark-organic-cotton-poplin-shirt-with-patch-pocket/p/410286319_2",
            "offer-price": 10254.6,
            "rating-count": 0,
            "cat1": "Men",
            "cat2": "Western Wear",
            "cat3": "Shirts",
            "brand": "paul-shark"
        },
        {
            "product-id": "410286337",
            "avg-rating": "",
            "img-url": "https://assets.ajio.com/medias/sys_master/root/20210423/Mcbk/6081c144aeb269a9e39bb773/-78Wx98H-410286337-10-MODEL.jpg",
            "price": 20990,
            "was-price": 20990,
            "name": "Organic Cotton Bermuda Shorts with Zipper Pockets",
            "url": "/paul-shark-organic-cotton-bermuda-shorts-with-zipper-pockets/p/410286337_10",
            "offer-price": 11334.6,
            "rating-count": 0,
            "cat1": "Men",
            "cat2": "Western Wear",
            "cat3": "Shorts & 3/4ths",
            "brand": "paul-shark"
        },
        {
            "product-id": "410219004",
            "avg-rating": "",
            "img-url": "https://assets.ajio.com/medias/sys_master/root/h1b/h89/13030445744158/-78Wx98H-410219004-lmgs-MODEL.jpg",
            "price": 3295,
            "was-price": 3295,
            "name": "Asset Padded Underwired Push-Up Plunge Bra",
            "url": "/hunkemoller-asset-padded-underwired-push-up-plunge-bra/p/410219004_lmgs",
            "offer-price": 1356.72,
            "rating-count": 0,
            "cat1": "Women",
            "cat2": "Lingerie & Innerwear",
            "cat3": "Bras",
            "brand": "hunkemoller"
        },
        {
            "product-id": "410286333",
            "avg-rating": "",
            "img-url": "https://assets.ajio.com/medias/sys_master/root/20210423/eGm5/6081cb92aeb269a9e39be254/-78Wx98H-410286333-10-MODEL.jpg",
            "price": 21990,
            "was-price": 21990,
            "name": "Organic Cotton Shirt with Logo Tape",
            "url": "/paul-shark-organic-cotton-shirt-with-logo-tape/p/410286333_10",
            "offer-price": 11874.6,
            "rating-count": 0,
            "cat1": "Men",
            "cat2": "Western Wear",
            "cat3": "Shirts",
            "brand": "paul-shark"
        },
        {
            "product-id": "410286338",
            "avg-rating": "",
            "img-url": "https://assets.ajio.com/medias/sys_master/root/20210423/OpRA/6081c6d1aeb269a9e39bcdd7/-78Wx98H-410286338-11-MODEL.jpg",
            "price": 17990,
            "was-price": 17990,
            "name": "Soft Touch Organic Cotton Bermuda Shorts",
            "url": "/paul-shark-soft-touch-organic-cotton-bermuda-shorts/p/410286338_11",
            "offer-price": 9714.6,
            "rating-count": 0,
            "cat1": "Men",
            "cat2": "Western Wear",
            "cat3": "Shorts & 3/4ths",
            "brand": "paul-shark"
        },
        {
            "product-id": "410286340",
            "avg-rating": "",
            "img-url": "https://assets.ajio.com/medias/sys_master/root/20210423/nrIB/6081c47cf997dd7b64bce689/-78Wx98H-410286340-577-MODEL.jpg",
            "price": 15990,
            "was-price": 15990,
            "name": "Swim Shorts with Logo Tape",
            "url": "/paul-shark-swim-shorts-with-logo-tape/p/410286340_577",
            "offer-price": 8634.6,
            "rating-count": 0,
            "cat1": "Men",
            "cat2": "Night & Lounge Wear",
            "cat3": "Shorts",
            "brand": "paul-shark"
        },
        {
            "product-id": "410286310",
            "avg-rating": "",
            "img-url": "https://assets.ajio.com/medias/sys_master/root/20210423/Dtqw/6081cc7df997dd7b64bd0f53/-78Wx98H-410286310-201-MODEL.jpg",
            "price": 23990,
            "was-price": 23990,
            "name": "Organic Cotton Polo T-Shirt with Sailing Print",
            "url": "/paul-shark-organic-cotton-polo-t-shirt-with-sailing-print/p/410286310_201",
            "offer-price": 12954.6,
            "rating-count": 0,
            "cat1": "Men",
            "cat2": "Western Wear",
            "cat3": "Tshirts",
            "brand": "paul-shark"
        },
        {
            "product-id": "410286342",
            "avg-rating": "",
            "img-url": "https://assets.ajio.com/medias/sys_master/root/20210423/C9hQ/6081c572aeb269a9e39bc8e2/-78Wx98H-410286342-291-MODEL.jpg",
            "price": 13990,
            "was-price": 13990,
            "name": "Swim Trunk Shorts with Side Taping",
            "url": "/paul-shark-swim-trunk-shorts-with-side-taping/p/410286342_291",
            "offer-price": 7554.6,
            "rating-count": 0,
            "cat1": "Men",
            "cat2": "Night & Lounge Wear",
            "cat3": "Shorts",
            "brand": "paul-shark"
        },
        {
            "product-id": "410286359",
            "avg-rating": "",
            "img-url": "https://assets.ajio.com/medias/sys_master/root/20210423/dH0t/6081d0b8f997dd7b64bd242c/-78Wx98H-410286359-13-MODEL.jpg",
            "price": 11990,
            "was-price": 11990,
            "name": "Organic Cotton T-Shirt with Printed Logo Ghost",
            "url": "/paul-shark-organic-cotton-t-shirt-with-printed-logo-ghost/p/410286359_13",
            "offer-price": 6474.6,
            "rating-count": 0,
            "cat1": "Men",
            "cat2": "Western Wear",
            "cat3": "Tshirts",
            "brand": "paul-shark"
        },
        {
            "product-id": "410251151",
            "avg-rating": "",
            "img-url": "https://assets.ajio.com/medias/sys_master/root/20210414/CHNC/6077183caeb269a9e3911043/-78Wx98H-410251151-rrj-MODEL.jpg",
            "price": 7990,
            "was-price": 7990,
            "name": "Zoe Webbed Thong-Strap Flip-Flops",
            "url": "/coach-zoe-webbed-thong-strap-flip-flops/p/410251151_rrj",
            "offer-price": 4314.6,
            "rating-count": 0,
            "cat1": "Women",
            "cat2": "Footwear",
            "cat3": "Flip Flop & Slippers",
            "brand": "coach"
        },
        {
            "product-id": "410286326",
            "avg-rating": "",
            "img-url": "https://assets.ajio.com/medias/sys_master/root/20210423/BznE/6081c84af997dd7b64bcfab3/-78Wx98H-410286326-10-MODEL.jpg",
            "price": 21990,
            "was-price": 21990,
            "name": "Organic Cotton Poplin Shirt with Patch Pocket",
            "url": "/paul-shark-organic-cotton-poplin-shirt-with-patch-pocket/p/410286326_10",
            "offer-price": 11874.6,
            "rating-count": 0,
            "cat1": "Men",
            "cat2": "Western Wear",
            "cat3": "Shirts",
            "brand": "paul-shark"
        },
        {
            "product-id": "410286312",
            "avg-rating": "",
            "img-url": "https://assets.ajio.com/medias/sys_master/root/20210423/rwUx/6081c137f997dd7b64bcd732/-78Wx98H-410286312-10-MODEL.jpg",
            "price": 18990,
            "was-price": 18990,
            "name": "Organic Cotton Polo T-Shirt with Placement Print",
            "url": "/paul-shark-organic-cotton-polo-t-shirt-with-placement-print/p/410286312_10",
            "offer-price": 10254.6,
            "rating-count": 0,
            "cat1": "Men",
            "cat2": "Western Wear",
            "cat3": "Tshirts",
            "brand": "paul-shark"
        },
        {
            "product-id": "410251765",
            "avg-rating": "",
            "img-url": "https://assets.ajio.com/medias/sys_master/root/20210414/RbUH/607727b4aeb269a9e3914978/-78Wx98H-410251765-415-MODEL.jpg",
            "price": 22000,
            "was-price": 22000,
            "name": "Light-Wash Slim Fit Jeans",
            "url": "/boss-light-wash-slim-fit-jeans/p/410251765_415",
            "offer-price": 12870,
            "rating-count": 0,
            "cat1": "Men",
            "cat2": "Western Wear",
            "cat3": "Jeans",
            "brand": "boss"
        },
        {
            "product-id": "410286328",
            "avg-rating": "",
            "img-url": "https://assets.ajio.com/medias/sys_master/root/20210423/GsmZ/6081c7c7f997dd7b64bcf795/-78Wx98H-410286328-5-MODEL.jpg",
            "price": 21990,
            "was-price": 21990,
            "name": "Checked Organic Cotton Shirt",
            "url": "/paul-shark-checked-organic-cotton-shirt/p/410286328_5",
            "offer-price": 11874.6,
            "rating-count": 0,
            "cat1": "Men",
            "cat2": "Western Wear",
            "cat3": "Shirts",
            "brand": "paul-shark"
        },
        {
            "product-id": "410252820",
            "avg-rating": "",
            "img-url": "https://assets.ajio.com/medias/sys_master/root/20210423/1FA5/6081d38ff997dd7b64bd3193/-78Wx98H-410252820-d-MODEL.jpg",
            "price": 39000,
            "was-price": 39000,
            "name": "McLaren Lumin Utility Pouch",
            "url": "/tumi-mclaren-lumin-utility-pouch/p/410252820_d",
            "offer-price": 35100,
            "rating-count": 0,
            "cat1": "Men",
            "cat2": "Bags, Belts & Wallets",
            "cat3": "Utility Bags",
            "brand": "tumi"
        },
        {
            "product-id": "410251063",
            "avg-rating": "",
            "img-url": "https://assets.ajio.com/medias/sys_master/root/20210414/VuiV/60771477aeb269a9e39103fb/-78Wx98H-410251063-blk-MODEL.jpg",
            "price": 14900,
            "was-price": 14900,
            "name": "Vae Leather Skimmer Slingback Shoes",
            "url": "/coach-vae-leather-skimmer-slingback-shoes/p/410251063_blk",
            "offer-price": 8046,
            "rating-count": 0,
            "cat1": "Women",
            "cat2": "Footwear",
            "cat3": "Flat Shoes",
            "brand": "coach"
        },
        {
            "product-id": "410251510",
            "avg-rating": "",
            "img-url": "https://assets.ajio.com/medias/sys_master/root/20210423/2WuG/6081cddcaeb269a9e39bea99/-78Wx98H-410251510-00020-MODEL.jpg",
            "price": 4000,
            "was-price": 4000,
            "name": "Logo Print Trunks",
            "url": "/emporio-armani-logo-print-trunks/p/410251510_00020",
            "offer-price": 2280,
            "rating-count": 0,
            "cat1": "Men",
            "cat2": "Inner Wear",
            "cat3": "Trunks",
            "brand": "emporio-armani"
        },
        {
            "product-id": "410286334",
            "avg-rating": "",
            "img-url": "https://assets.ajio.com/medias/sys_master/root/20210423/fHKh/6081ca21aeb269a9e39bdbeb/-78Wx98H-410286334-50-MODEL.jpg",
            "price": 21990,
            "was-price": 21990,
            "name": "Organic Cotton Shirt with Logo Badge",
            "url": "/paul-shark-organic-cotton-shirt-with-logo-badge/p/410286334_50",
            "offer-price": 11874.6,
            "rating-count": 0,
            "cat1": "Men",
            "cat2": "Western Wear",
            "cat3": "Shirts",
            "brand": "paul-shark"
        },
        {
            "product-id": "410286321",
            "avg-rating": "",
            "img-url": "https://assets.ajio.com/medias/sys_master/root/20210423/cO30/6081c144aeb269a9e39bb75a/-78Wx98H-410286321-64-MODEL.jpg",
            "price": 15990,
            "was-price": 15990,
            "name": "Organic Cotton Poplin Shirt with Patch Pocket",
            "url": "/paul-shark-organic-cotton-poplin-shirt-with-patch-pocket/p/410286321_64",
            "offer-price": 8634.6,
            "rating-count": 0,
            "cat1": "Men",
            "cat2": "Western Wear",
            "cat3": "Shirts",
            "brand": "paul-shark"
        },
        {
            "product-id": "410252824",
            "avg-rating": "",
            "img-url": "https://assets.ajio.com/medias/sys_master/root/20210423/Dgx3/6081ca92f997dd7b64bd0597/-78Wx98H-410252824-d-MODEL.jpg",
            "price": 36000,
            "was-price": 36000,
            "name": "McLaren Trace Expandable Organizer Shoe Bag",
            "url": "/tumi-mclaren-trace-expandable-organizer-shoe-bag/p/410252824_d",
            "offer-price": 32400,
            "rating-count": 0,
            "cat1": "Men",
            "cat2": "Bags, Belts & Wallets",
            "cat3": "Utility Bags",
            "brand": "tumi"
        },
        {
            "product-id": "410286311",
            "avg-rating": "",
            "img-url": "https://assets.ajio.com/medias/sys_master/root/20210423/qglQ/6081c144aeb269a9e39bb76a/-78Wx98H-410286311-270-MODEL.jpg",
            "price": 20990,
            "was-price": 20990,
            "name": "Organic Cotton Polo T-Shirt with Nautical Badges",
            "url": "/paul-shark-organic-cotton-polo-t-shirt-with-nautical-badges/p/410286311_270",
            "offer-price": 11334.6,
            "rating-count": 0,
            "cat1": "Men",
            "cat2": "Western Wear",
            "cat3": "Tshirts",
            "brand": "paul-shark"
        },
        {
            "product-id": "410251734",
            "avg-rating": "",
            "img-url": "https://assets.ajio.com/medias/sys_master/root/20210414/GTG3/60771bf6f997dd7b64b198d2/-78Wx98H-410251734-107-MODEL.jpg",
            "price": 10000,
            "was-price": 10000,
            "name": "Printed Silk Bow-Tie",
            "url": "/boss-printed-silk-bow-tie/p/410251734_107",
            "offer-price": 5500,
            "rating-count": 0,
            "cat1": "Men",
            "cat2": "Clothing Accessories",
            "cat3": "Ties",
            "brand": "boss"
        },
        {
            "product-id": "410244347",
            "avg-rating": "",
            "img-url": "https://assets.ajio.com/medias/sys_master/root/20210407/IuF6/606d663eaeb269a9e3864184/-78Wx98H-410244347-375-MODEL.jpg",
            "price": 8394,
            "was-price": 13990,
            "name": "Organic Cotton Pique Polo T-shirt with Brand Heritage Logo",
            "url": "/paul-shark-organic-cotton-pique-polo-t-shirt-with-brand-heritage-logo/p/410244347_375",
            "offer-price": 7554.6,
            "rating-count": 0,
            "cat1": "Men",
            "cat2": "Western Wear",
            "cat3": "Tshirts",
            "brand": "paul-shark"
        },
        {
            "product-id": "410251139",
            "avg-rating": "",
            "img-url": "https://assets.ajio.com/medias/sys_master/root/20210414/WEUj/60771476f997dd7b64b1746b/-78Wx98H-410251139-grn-MODEL.jpg",
            "price": 7990,
            "was-price": 7990,
            "name": "Zoe Webbed Thong-Strap Flip-Flops",
            "url": "/coach-zoe-webbed-thong-strap-flip-flops/p/410251139_grn",
            "offer-price": 4314.6,
            "rating-count": 0,
            "cat1": "Women",
            "cat2": "Footwear",
            "cat3": "Flip Flop & Slippers",
            "brand": "coach"
        },
        {
            "product-id": "463463320",
            "avg-rating": "",
            "img-url": "https://assets.ajio.com/medias/sys_master/root/20211208/3ewV/61b0e283f997ddf8f1473509/-78Wx98H-463463320-multi-MODEL.jpg",
            "price": 65000,
            "was-price": 65000,
            "name": "Floral Painted Frameless Wall Decor",
            "url": "/pichvai-tradition-beyond-floral-painted-frameless-wall-decor/p/463463320_multi",
            "offer-price": 64000,
            "rating-count": 0,
            "cat1": "Home & Kitchen",
            "cat2": "Decor & Gifting",
            "cat3": "Wall & Table Decor",
            "brand": "pichvai-tradition-beyond"
        },
        {
            "product-id": "463462428",
            "avg-rating": "",
            "img-url": "https://assets.ajio.com/medias/sys_master/root/20220310/vJnj/6229c0acaeb26921afd1050b/-78Wx98H-463462428-white-MODEL.jpg",
            "price": 3592,
            "was-price": 4490,
            "name": "Floral Printed Rectangle Shaped Rug",
            "url": "/art-avenue-floral-printed-rectangle-shaped-rug/p/463462428_white",
            "offer-price": 2691.75,
            "rating-count": 0,
            "cat1": "Home & Kitchen",
            "cat2": "Furnishings",
            "cat3": "Rugs, Carpets & Dhurries",
            "brand": "art-avenue"
        },
        {
            "product-id": "410299817",
            "avg-rating": "",
            "img-url": "https://assets.ajio.com/medias/sys_master/root/20211125/Rauo/619fb6e1f997ddf8f11ab829/-78Wx98H-410299817-001-MODEL.jpg",
            "price": 26650,
            "was-price": 41000,
            "name": "Zip-Front Sweatshirt with Logo Print",
            "url": "/boss-zip-front-sweatshirt-with-logo-print/p/410299817_001",
            "offer-price": 23985,
            "rating-count": 0,
            "cat1": "Men",
            "cat2": "Western Wear",
            "cat3": "Sweatshirt & Hoodies",
            "brand": "boss"
        },
        {
            "product-id": "463462453",
            "avg-rating": "",
            "img-url": "https://assets.ajio.com/medias/sys_master/root/20220310/jm6N/6229c14eaeb26921afd113e7/-78Wx98H-463462453-white-MODEL.jpg",
            "price": 4392,
            "was-price": 5490,
            "name": "Striped Rectangle Shaped Rug",
            "url": "/art-avenue-striped-rectangle-shaped-rug/p/463462453_white",
            "offer-price": 3392,
            "rating-count": 0,
            "cat1": "Home & Kitchen",
            "cat2": "Furnishings",
            "cat3": "Rugs, Carpets & Dhurries",
            "brand": "art-avenue"
        },
        {
            "product-id": "463463287",
            "avg-rating": "",
            "img-url": "https://assets.ajio.com/medias/sys_master/root/20211208/9TBS/61b0e432f997ddf8f1474ea7/-78Wx98H-463463287-olive-MODEL.jpg",
            "price": 24000,
            "was-price": 24000,
            "name": "Floral Painted Frameless Wall Decor",
            "url": "/pichvai-tradition-beyond-floral-painted-frameless-wall-decor/p/463463287_olive",
            "offer-price": 23000,
            "rating-count": 0,
            "cat1": "Home & Kitchen",
            "cat2": "Decor & Gifting",
            "cat3": "Wall & Table Decor",
            "brand": "pichvai-tradition-beyond"
        },
        {
            "product-id": "463461494",
            "avg-rating": "",
            "img-url": "https://assets.ajio.com/medias/sys_master/root/20220310/Sh4Z/6229c16df997dd03e20b4028/-78Wx98H-463461494-grey-MODEL.jpg",
            "price": 1672,
            "was-price": 2090,
            "name": "Textured Cotton Handwoven Rug",
            "url": "/art-avenue-textured-cotton-handwoven-rug/p/463461494_grey",
            "offer-price": 1251.9,
            "rating-count": 0,
            "cat1": "Home & Kitchen",
            "cat2": "Furnishings",
            "cat3": "Rugs, Carpets & Dhurries",
            "brand": "art-avenue"
        },
        {
            "product-id": "460891313",
            "avg-rating": "",
            "img-url": "https://assets.ajio.com/medias/sys_master/root/20211208/kQxI/61aff379aeb269011002b001/-78Wx98H-460891313-black-MODEL.jpg",
            "price": 38999,
            "was-price": 38999,
            "name": "Gaia Mat Alter Nappa Platform Sandals",
            "url": "/stella-mccartney-gaia-mat-alter-nappa-platform-sandals/p/460891313_black",
            "offer-price": 35099.1,
            "rating-count": 0,
            "cat1": "Women",
            "cat2": "Footwear",
            "cat3": "Heeled Sandals",
            "brand": "stella-mccartney"
        },
        {
            "product-id": "463463301",
            "avg-rating": "",
            "img-url": "https://assets.ajio.com/medias/sys_master/root/20211208/iLnD/61b0e250aeb2690110039bc7/-78Wx98H-463463301-green-MODEL.jpg",
            "price": 24000,
            "was-price": 24000,
            "name": "Floral Painted Framed Wall Decor",
            "url": "/pichvai-tradition-beyond-floral-painted-framed-wall-decor/p/463463301_green",
            "offer-price": 23000,
            "rating-count": 0,
            "cat1": "Home & Kitchen",
            "cat2": "Decor & Gifting",
            "cat3": "Wall & Table Decor",
            "brand": "pichvai-tradition-beyond"
        },
        {
            "product-id": "410293907",
            "avg-rating": "",
            "img-url": "https://assets.ajio.com/medias/sys_master/root/20211120/BQFf/619801abaeb2690110cefea9/-78Wx98H-410293907-66-MODEL.jpg",
            "price": 7200,
            "was-price": 12000,
            "name": "Bird Floral Print Silk Tie",
            "url": "/paul-smith-bird-floral-print-silk-tie/p/410293907_66",
            "offer-price": 6480,
            "rating-count": 0,
            "cat1": "Men",
            "cat2": "Clothing Accessories",
            "cat3": "Ties",
            "brand": "paul-smith"
        },
        {
            "product-id": "463462415",
            "avg-rating": "",
            "img-url": "https://assets.ajio.com/medias/sys_master/root/20220310/aNeX/6229c14eaeb26921afd113e8/-78Wx98H-463462415-cream-MODEL.jpg",
            "price": 1359,
            "was-price": 1699,
            "name": "Floral Print Cushion Cover ",
            "url": "/art-avenue-floral-print-cushion-cover/p/463462415_cream",
            "offer-price": 1017.54,
            "rating-count": 0,
            "cat1": "Home & Kitchen",
            "cat2": "Furnishings",
            "cat3": "Cushions & Pillows",
            "brand": "art-avenue"
        },
        {
            "product-id": "463464683",
            "avg-rating": "",
            "img-url": "https://assets.ajio.com/medias/sys_master/root/20211208/IDwv/61b0e578aeb269011003ce91/-78Wx98H-463464683-pink-MODEL.jpg",
            "price": 1500,
            "was-price": 1500,
            "name": "Woven Wide Belt",
            "url": "/kanelle-woven-wide-belt/p/463464683_pink",
            "offer-price": 1123.12,
            "rating-count": 0,
            "cat1": "Women",
            "cat2": "Bags, Belts & Wallets",
            "cat3": "Belts",
            "brand": "kanelle"
        },
        {
            "product-id": "463462403",
            "avg-rating": "",
            "img-url": "https://assets.ajio.com/medias/sys_master/root/20220310/ftJX/6229c146f997dd03e20b3cc1/-78Wx98H-463462403-green-MODEL.jpg",
            "price": 1599,
            "was-price": 1999,
            "name": "Embroidered Cotton Cushion Cover",
            "url": "/art-avenue-embroidered-cotton-cushion-cover/p/463462403_green",
            "offer-price": 1197.24,
            "rating-count": 0,
            "cat1": "Home & Kitchen",
            "cat2": "Furnishings",
            "cat3": "Cushions & Pillows",
            "brand": "art-avenue"
        },
        {
            "product-id": "463461550",
            "avg-rating": "",
            "img-url": "https://assets.ajio.com/medias/sys_master/root/20220310/h8eQ/6229c177f997dd03e20b4124/-78Wx98H-463461550-grey-MODEL.jpg",
            "price": 6792,
            "was-price": 8490,
            "name": "Textured Cotton Handwoven Rug",
            "url": "/art-avenue-textured-cotton-handwoven-rug/p/463461550_grey",
            "offer-price": 5792,
            "rating-count": 0,
            "cat1": "Home & Kitchen",
            "cat2": "Furnishings",
            "cat3": "Rugs, Carpets & Dhurries",
            "brand": "art-avenue"
        },
        {
            "product-id": "463462393",
            "avg-rating": "",
            "img-url": "https://assets.ajio.com/medias/sys_master/root/20220310/n4Ao/6229c116f997dd03e20b386e/-78Wx98H-463462393-white-MODEL.jpg",
            "price": 9992,
            "was-price": 12490,
            "name": "Striped Rectangle Shaped Rug",
            "url": "/art-avenue-striped-rectangle-shaped-rug/p/463462393_white",
            "offer-price": 8992,
            "rating-count": 0,
            "cat1": "Home & Kitchen",
            "cat2": "Furnishings",
            "cat3": "Rugs, Carpets & Dhurries",
            "brand": "art-avenue"
        },
        {
            "product-id": "463462451",
            "avg-rating": "",
            "img-url": "https://assets.ajio.com/medias/sys_master/root/20220310/r68J/6229c0c4aeb26921afd106f5/-78Wx98H-463462451-white-MODEL.jpg",
            "price": 3592,
            "was-price": 4490,
            "name": "Geometric Printed Rectangle Shaped Rug",
            "url": "/art-avenue-geometric-printed-rectangle-shaped-rug/p/463462451_white",
            "offer-price": 2691.75,
            "rating-count": 0,
            "cat1": "Home & Kitchen",
            "cat2": "Furnishings",
            "cat3": "Rugs, Carpets & Dhurries",
            "brand": "art-avenue"
        },
        {
            "product-id": "463462407",
            "avg-rating": "",
            "img-url": "https://assets.ajio.com/medias/sys_master/root/20220310/Ybn3/6229c0feaeb26921afd10c50/-78Wx98H-463462407-white-MODEL.jpg",
            "price": 8392,
            "was-price": 10490,
            "name": "Geometric Printed Rectangle Shaped Rug",
            "url": "/art-avenue-geometric-printed-rectangle-shaped-rug/p/463462407_white",
            "offer-price": 7392,
            "rating-count": 0,
            "cat1": "Home & Kitchen",
            "cat2": "Furnishings",
            "cat3": "Rugs, Carpets & Dhurries",
            "brand": "art-avenue"
        },
        {
            "product-id": "463462450",
            "avg-rating": "",
            "img-url": "https://assets.ajio.com/medias/sys_master/root/20220310/Y1fy/6229c14eaeb26921afd113f6/-78Wx98H-463462450-white-MODEL.jpg",
            "price": 9992,
            "was-price": 12490,
            "name": "Geometric Printed Rectangle Shaped Rug",
            "url": "/art-avenue-geometric-printed-rectangle-shaped-rug/p/463462450_white",
            "offer-price": 8992,
            "rating-count": 0,
            "cat1": "Home & Kitchen",
            "cat2": "Furnishings",
            "cat3": "Rugs, Carpets & Dhurries",
            "brand": "art-avenue"
        },
        {
            "product-id": "463462339",
            "avg-rating": "",
            "img-url": "https://assets.ajio.com/medias/sys_master/root/20220310/kuMx/6229c159aeb26921afd114d4/-78Wx98H-463462339-multi-MODEL.jpg",
            "price": 5592,
            "was-price": 6990,
            "name": "Geometric Printed Rectangle Shaped Rug",
            "url": "/art-avenue-geometric-printed-rectangle-shaped-rug/p/463462339_multi",
            "offer-price": 4592,
            "rating-count": 0,
            "cat1": "Home & Kitchen",
            "cat2": "Furnishings",
            "cat3": "Rugs, Carpets & Dhurries",
            "brand": "art-avenue"
        },
        {
            "product-id": "463462437",
            "avg-rating": "",
            "img-url": "https://assets.ajio.com/medias/sys_master/root/20220310/9KTz/6229c12eaeb26921afd11104/-78Wx98H-463462437-white-MODEL.jpg",
            "price": 6792,
            "was-price": 8490,
            "name": "Striped Rectangle Shaped Rug",
            "url": "/art-avenue-striped-rectangle-shaped-rug/p/463462437_white",
            "offer-price": 5792,
            "rating-count": 0,
            "cat1": "Home & Kitchen",
            "cat2": "Furnishings",
            "cat3": "Rugs, Carpets & Dhurries",
            "brand": "art-avenue"
        },
        {
            "product-id": "463466536",
            "avg-rating": "",
            "img-url": "https://assets.ajio.com/medias/sys_master/root/20220310/n3cF/6229c0ebaeb26921afd10a93/-78Wx98H-463466536-white-MODEL.jpg",
            "price": 1519,
            "was-price": 1899,
            "name": "Scarlett - Square Cushion Cover  ",
            "url": "/art-avenue-scarlett-square-cushion-cover/p/463466536_white",
            "offer-price": 1137.34,
            "rating-count": 0,
            "cat1": "Home & Kitchen",
            "cat2": "Furnishings",
            "cat3": "Cushions & Pillows",
            "brand": "art-avenue"
        },
        {
            "product-id": "463467309",
            "avg-rating": "",
            "img-url": "https://assets.ajio.com/medias/sys_master/root/20211209/JJD5/61b111e7aeb269011004948b/-78Wx98H-463467309-brown-MODEL.jpg",
            "price": 9500,
            "was-price": 9500,
            "name": "Floral Printed A-line Dress",
            "url": "/kanelle-floral-printed-a-line-dress/p/463467309_brown",
            "offer-price": 6600,
            "rating-count": 0,
            "cat1": "Women",
            "cat2": "Western Wear",
            "cat3": "Dresses",
            "brand": "kanelle"
        },
        {
            "product-id": "469011333",
            "avg-rating": "",
            "img-url": "https://assets.ajio.com/medias/sys_master/root/20211210/PEGY/61b27f12aeb269011006ec8c/-78Wx98H-469011333-denimblue-MODEL.jpg",
            "price": 48999,
            "was-price": 48999,
            "name": "Skater Stone Wash Distresses Slim Fit Jeans",
            "url": "/dsquared2-skater-stone-wash-distresses-slim-fit-jeans/p/469011333_denimblue",
            "offer-price": 47999,
            "rating-count": 0,
            "cat1": "Men",
            "cat2": "Western Wear",
            "cat3": "Jeans",
            "brand": "dsquared2"
        },
        {
            "product-id": "469011332",
            "avg-rating": "",
            "img-url": "https://assets.ajio.com/medias/sys_master/root/20211210/jsxl/61b27c03aeb269011006c170/-78Wx98H-469011332-denimblue-MODEL.jpg",
            "price": 29999,
            "was-price": 29999,
            "name": "Cool Guy Low Rise Slim Fit Jeans",
            "url": "/dsquared2-cool-guy-low-rise-slim-fit-jeans/p/469011332_denimblue",
            "offer-price": 28999,
            "rating-count": 0,
            "cat1": "Men",
            "cat2": "Western Wear",
            "cat3": "Jeans",
            "brand": "dsquared2"
        },
        {
            "product-id": "469011382",
            "avg-rating": "",
            "img-url": "https://assets.ajio.com/medias/sys_master/root/20211210/vlTX/61b27cc5f997ddf8f14aa80c/-78Wx98H-469011382-denimblue-MODEL.jpg",
            "price": 48999,
            "was-price": 48999,
            "name": "Cool Guy Mid-Wash Distressed Slim Fit Jeans",
            "url": "/dsquared2-cool-guy-mid-wash-distressed-slim-fit-jeans/p/469011382_denimblue",
            "offer-price": 47999,
            "rating-count": 0,
            "cat1": "Men",
            "cat2": "Western Wear",
            "cat3": "Jeans",
            "brand": "dsquared2"
        },
        {
            "product-id": "469011383",
            "avg-rating": "",
            "img-url": "https://assets.ajio.com/medias/sys_master/root/20211210/G7i0/61b27cbcaeb269011006cbd4/-78Wx98H-469011383-denimblue-MODEL.jpg",
            "price": 40999,
            "was-price": 40999,
            "name": "Cool Guy Mid-Wash Distressed Slim Fit Jeans",
            "url": "/dsquared2-cool-guy-mid-wash-distressed-slim-fit-jeans/p/469011383_denimblue",
            "offer-price": 39999,
            "rating-count": 0,
            "cat1": "Men",
            "cat2": "Western Wear",
            "cat3": "Jeans",
            "brand": "dsquared2"
        },
        {
            "product-id": "469011389",
            "avg-rating": "",
            "img-url": "https://assets.ajio.com/medias/sys_master/root/20211210/LaJY/61b281aff997ddf8f14aed87/-78Wx98H-469011389-black-MODEL.jpg",
            "price": 33999,
            "was-price": 33999,
            "name": "BLACK BULL SKINNY Fit SKATER JEANS",
            "url": "/dsquared2-black-bull-skinny-fit-skater-jeans/p/469011389_black",
            "offer-price": 32999,
            "rating-count": 0,
            "cat1": "Men",
            "cat2": "Western Wear",
            "cat3": "Jeans",
            "brand": "dsquared2"
        },
        {
            "product-id": "469011396",
            "avg-rating": "",
            "img-url": "https://assets.ajio.com/medias/sys_master/root/20211210/F44a/61b2810baeb26901100707cb/-78Wx98H-469011396-blackred-MODEL.jpg",
            "price": 43999,
            "was-price": 43999,
            "name": "Icon Plaid Regular Fit Shirt With Logo",
            "url": "/dsquared2-icon-plaid-regular-fit-shirt-with-logo/p/469011396_blackred",
            "offer-price": 39599.1,
            "rating-count": 0,
            "cat1": "Men",
            "cat2": "Western Wear",
            "cat3": "Shirts",
            "brand": "dsquared2"
        },
        {
            "product-id": "463463269",
            "avg-rating": "",
            "img-url": "https://assets.ajio.com/medias/sys_master/root/20211208/eu5Z/61b0e353aeb269011003ad81/-78Wx98H-463463269-green-MODEL.jpg",
            "price": 55000,
            "was-price": 55000,
            "name": "Floral Painted Frameless Wall Decor",
            "url": "/pichvai-tradition-beyond-floral-painted-frameless-wall-decor/p/463463269_green",
            "offer-price": 54000,
            "rating-count": 0,
            "cat1": "Home & Kitchen",
            "cat2": "Decor & Gifting",
            "cat3": "Wall & Table Decor",
            "brand": "pichvai-tradition-beyond"
        },
        {
            "product-id": "463467310",
            "avg-rating": "",
            "img-url": "https://assets.ajio.com/medias/sys_master/root/20211209/6YQw/61b1132ff997ddf8f1484a96/-78Wx98H-463467310-green-MODEL.jpg",
            "price": 8000,
            "was-price": 8000,
            "name": "Floral Printed A-line Dress",
            "url": "/kanelle-floral-printed-a-line-dress/p/463467310_green",
            "offer-price": 5400,
            "rating-count": 0,
            "cat1": "Women",
            "cat2": "Western Wear",
            "cat3": "Dresses",
            "brand": "kanelle"
        },
        {
            "product-id": "463466476",
            "avg-rating": "",
            "img-url": "https://assets.ajio.com/medias/sys_master/root/20220310/ChBk/6229c159f997dd03e20b3e57/-78Wx98H-463466476-white-MODEL.jpg",
            "price": 1599,
            "was-price": 1999,
            "name": "Samara - Square Cushion Cover  ",
            "url": "/art-avenue-samara-square-cushion-cover/p/463466476_white",
            "offer-price": 1197.24,
            "rating-count": 0,
            "cat1": "Home & Kitchen",
            "cat2": "Furnishings",
            "cat3": "Cushions & Pillows",
            "brand": "art-avenue"
        },
        {
            "product-id": "463466320",
            "avg-rating": "",
            "img-url": "https://assets.ajio.com/medias/sys_master/root/20220310/157E/6229c0f8f997dd03e20b356e/-78Wx98H-463466320-blue-MODEL.jpg",
            "price": 2239,
            "was-price": 2799,
            "name": "Air - Lumbar Cushion Cover  ",
            "url": "/art-avenue-air-lumbar-cushion-cover/p/463466320_blue",
            "offer-price": 1677.85,
            "rating-count": 0,
            "cat1": "Home & Kitchen",
            "cat2": "Furnishings",
            "cat3": "Cushions & Pillows",
            "brand": "art-avenue"
        },
        {
            "product-id": "463467317",
            "avg-rating": "",
            "img-url": "https://assets.ajio.com/medias/sys_master/root/20211209/30ch/61b111bcaeb26901100492f5/-78Wx98H-463467317-multi-MODEL.jpg",
            "price": 6800,
            "was-price": 6800,
            "name": "Solid Collar-Neck Dress",
            "url": "/kanelle-solid-collar-neck-dress/p/463467317_multi",
            "offer-price": 4440,
            "rating-count": 0,
            "cat1": "Women",
            "cat2": "Western Wear",
            "cat3": "Dresses",
            "brand": "kanelle"
        },
        {
            "product-id": "469021384",
            "avg-rating": "",
            "img-url": "https://assets.ajio.com/medias/sys_master/root/20211020/9jBi/6170306baeb26901109d5178/-78Wx98H-469021384-silvermulti-MODEL.jpg",
            "price": 57999,
            "was-price": 57999,
            "name": "Fujiko Big Metallic Shoulder Bag",
            "url": "/benedetta-bruzziches-fujiko-big-metallic-shoulder-bag/p/469021384_silvermulti",
            "offer-price": 52199.1,
            "rating-count": 0,
            "cat1": "Women",
            "cat2": "Bags, Belts & Wallets",
            "cat3": "Handbags",
            "brand": "benedetta-bruzziches"
        },
        {
            "product-id": "410293894",
            "avg-rating": "",
            "img-url": "https://assets.ajio.com/medias/sys_master/root/20211120/9EOf/6197f37daeb2690110ce9abf/-78Wx98H-410293894-28-MODEL.jpg",
            "price": 4000,
            "was-price": 4000,
            "name": "Bunny Pattern Socks",
            "url": "/paul-smith-bunny-pattern-socks/p/410293894_28",
            "offer-price": 2160,
            "rating-count": 0,
            "cat1": "Men",
            "cat2": "Clothing Accessories",
            "cat3": "Socks",
            "brand": "paul-smith"
        },
        {
            "product-id": "410293894",
            "avg-rating": "",
            "img-url": "https://assets.ajio.com/medias/sys_master/root/20211120/IBhW/6197f094f997ddf8f11049e6/-78Wx98H-410293894-47-MODEL.jpg",
            "price": 4000,
            "was-price": 4000,
            "name": "Bunny Pattern Socks",
            "url": "/paul-smith-bunny-pattern-socks/p/410293894_47",
            "offer-price": 2160,
            "rating-count": 0,
            "cat1": "Men",
            "cat2": "Clothing Accessories",
            "cat3": "Socks",
            "brand": "paul-smith"
        },
        {
            "product-id": "462249017",
            "avg-rating": "",
            "img-url": "https://assets.ajio.com/medias/sys_master/root/20211202/c2Rx/61a89bcdf997ddf8f12df1d8/-78Wx98H-462249017-white-MODEL.jpg",
            "price": 1350,
            "was-price": 1350,
            "name": "Lush Eyes Collagen Boosting & De-Puffing Eye Cream & Mask",
            "url": "/ilana-organics-lush-eyes-collagen-boosting-de-puffing-eye-cream-mask/p/462249017_white",
            "offer-price": 1010.8,
            "rating-count": 0,
            "cat1": "Women",
            "cat2": "Personal Care",
            "cat3": "Face Care",
            "brand": "ilana-organics"
        },
        {
            "product-id": "410293907",
            "avg-rating": "",
            "img-url": "https://assets.ajio.com/medias/sys_master/root/20211120/w9Vd/6197eecaaeb2690110ce87f8/-78Wx98H-410293907-76-MODEL.jpg",
            "price": 12000,
            "was-price": 12000,
            "name": "Bird Floral Print Silk Tie",
            "url": "/paul-smith-bird-floral-print-silk-tie/p/410293907_76",
            "offer-price": 6480,
            "rating-count": 0,
            "cat1": "Men",
            "cat2": "Clothing Accessories",
            "cat3": "Ties",
            "brand": "paul-smith"
        }
    ],
    "ajio": [],
    "": []
}