{
    "": [],
    "ajio": [],
    "luxe.ajio": [
        {
            "product-id": "410271464",
            "avg-rating": "",
            "img-url": "https://assets.ajio.com/medias/sys_master/root/20201031/eM6B/5f9c65b6aeb269d563f5d8bc/-78Wx98H-410271464-84-MODEL.jpg",
            "price": 18990,
            "was-price": 18990,
            "name": "Stencil-Cut Embellished Belt",
            "url": "/paul-shark-stencil-cut-embellished-belt/p/410271464_84",
            "offer-price": 10254.6,
            "rating-count": 0,
            "cat1": "Men",
            "cat2": "Bags, Belts & Wallets",
            "cat3": "Belts",
            "brand": "paul-shark"
        },
        {
            "product-id": "410196998",
            "avg-rating": "",
            "img-url": "https://assets.ajio.com/medias/sys_master/root/ajio/catalog/5f0886e7aeb2693175857161/-78Wx98H-410196998-711-MODEL.jpg",
            "price": 5990,
            "was-price": 5990,
            "name": "Lip Statement Ring",
            "url": "/kate-spade-lip-statement-ring/p/410196998_711",
            "offer-price": 4312.8,
            "rating-count": 0,
            "cat1": "Women",
            "cat2": "Fashion Jewellery",
            "cat3": "Rings",
            "brand": "kate-spade"
        }
    ]
}