{
    "": [],
    "ajio": [],
    "luxe.ajio": [
        {
            "product-id": "410296185",
            "avg-rating": "",
            "img-url": "https://assets.ajio.com/medias/sys_master/root/20211119/Xaw5/6196b42af997ddf8f10e4ca2/-78Wx98H-410296185-yl6-MODEL.jpg",
            "price": 3992,
            "was-price": 4990,
            "name": "Something Sparkly Spade Huggies",
            "url": "/kate-spade-something-sparkly-spade-huggies/p/410296185_yl6",
            "offer-price": 3592.8,
            "rating-count": 0,
            "cat1": "Women",
            "cat2": "Fashion Jewellery",
            "cat3": "Earrings",
            "brand": "kate-spade"
        },
        {
            "product-id": "410298803",
            "avg-rating": "",
            "img-url": "https://assets.ajio.com/medias/sys_master/root/20211119/qr5W/6196a7eff997ddf8f10e1130/-78Wx98H-410298803-b4tfv-MODEL.jpg",
            "price": 24500,
            "was-price": 24500,
            "name": "Textured Metallic Crossbody Bag with Detachable Strap",
            "url": "/coach-textured-metallic-crossbody-bag-with-detachable-strap/p/410298803_b4tfv",
            "offer-price": 22050,
            "rating-count": 0,
            "cat1": "Women",
            "cat2": "Bags, Belts & Wallets",
            "cat3": "Handbags",
            "brand": "coach"
        },
        {
            "product-id": "410298300",
            "avg-rating": "",
            "img-url": "https://assets.ajio.com/medias/sys_master/root/20231103/yCL0/654525afafa4cf41f57380fa/-78Wx98H-410298300-b4wn-MODEL.jpg",
            "price": 37500,
            "was-price": 37500,
            "name": "Swinger Sling Bag with Detachable Straps",
            "url": "/coach-swinger-sling-bag-with-detachable-straps/p/410298300_b4wn",
            "offer-price": 33750,
            "rating-count": 0,
            "cat1": "Women",
            "cat2": "Bags, Belts & Wallets",
            "cat3": "Handbags",
            "brand": "coach"
        },
        {
            "product-id": "410220402",
            "avg-rating": "",
            "img-url": "https://assets.ajio.com/medias/sys_master/root/hd4/h0e/13546200367134/-78Wx98H-410220402-blu-MODEL.jpg",
            "price": 987,
            "was-price": 1795,
            "name": "Round-Neck Top with Lace Panels",
            "url": "/hunkemoller-round-neck-top-with-lace-panels/p/410220402_blu",
            "offer-price": 737.76,
            "rating-count": 0,
            "cat1": "Women",
            "cat2": "Night & Lounge Wear",
            "cat3": "Tops & Tshirts",
            "brand": "hunkemoller"
        },
        {
            "product-id": "410220343",
            "avg-rating": "",
            "img-url": "https://assets.ajio.com/medias/sys_master/root/h9e/hd6/13545947529246/-78Wx98H-410220343-pnk-MODEL.jpg",
            "price": 767,
            "was-price": 1395,
            "name": "Theresa Floral Pattern Lace Brazilian Briefs",
            "url": "/hunkemoller-theresa-floral-pattern-lace-brazilian-briefs/p/410220343_pnk",
            "offer-price": 573.31,
            "rating-count": 0,
            "cat1": "Women",
            "cat2": "Lingerie & Innerwear",
            "cat3": "Panties",
            "brand": "hunkemoller"
        },
        {
            "product-id": "410221080",
            "avg-rating": "",
            "img-url": "https://assets.ajio.com/medias/sys_master/root/h5d/h37/13546126311454/-78Wx98H-410221080-ders-MODEL.jpg",
            "price": 822,
            "was-price": 1495,
            "name": "Diva Rio Floral Pattern High Waist Hipsters",
            "url": "/hunkemoller-diva-rio-floral-pattern-high-waist-hipsters/p/410221080_ders",
            "offer-price": 614.42,
            "rating-count": 0,
            "cat1": "Women",
            "cat2": "Lingerie & Innerwear",
            "cat3": "Panties",
            "brand": "hunkemoller"
        },
        {
            "product-id": "410293826",
            "avg-rating": "",
            "img-url": "https://assets.ajio.com/medias/sys_master/root/20211110/4FnC/618bdf45aeb2690110bf6f25/-78Wx98H-410293826-79-MODEL.jpg",
            "price": 10800,
            "was-price": 18000,
            "name": "Floral Print Organic Cotton Tailored Fit Shirt",
            "url": "/ps-paul-smith-floral-print-organic-cotton-tailored-fit-shirt/p/410293826_79",
            "offer-price": 9720,
            "rating-count": 0,
            "cat1": "Men",
            "cat2": "Western Wear",
            "cat3": "Shirts",
            "brand": "ps-paul-smith"
        },
        {
            "product-id": "410249151",
            "avg-rating": "",
            "img-url": "https://assets.ajio.com/medias/sys_master/root/20210409/TmS2/606f5207aeb269a9e387f7c6/-78Wx98H-410249151-nvy-MODEL.jpg",
            "price": 48900,
            "was-price": 48900,
            "name": "Tahoe Woods 15\" Laptop Backpack",
            "url": "/tumi-tahoe-woods-15-laptop-backpack/p/410249151_nvy",
            "offer-price": 44010,
            "rating-count": 0,
            "cat1": "Men",
            "cat2": "Bags, Belts & Wallets",
            "cat3": "Backpacks",
            "brand": "tumi"
        },
        {
            "product-id": "410291373",
            "avg-rating": "",
            "img-url": "https://assets.ajio.com/medias/sys_master/root/20211119/mrps/6196ae72f997ddf8f10e2e79/-78Wx98H-410291373-rud-MODEL.jpg",
            "price": 12000,
            "was-price": 12000,
            "name": "Honey Slip-On Shoes with Bow Accent",
            "url": "/kate-spade-honey-slip-on-shoes-with-bow-accent/p/410291373_rud",
            "offer-price": 6480,
            "rating-count": 0,
            "cat1": "Women",
            "cat2": "Footwear",
            "cat3": "Flat Shoes",
            "brand": "kate-spade"
        },
        {
            "product-id": "410220439",
            "avg-rating": "",
            "img-url": "https://assets.ajio.com/medias/sys_master/root/h5f/h1f/13546107043870/-78Wx98H-410220439-cvr-MODEL.jpg",
            "price": 767,
            "was-price": 1395,
            "name": "Carley Floral Pattern Lace Brazilian Briefs",
            "url": "/hunkemoller-carley-floral-pattern-lace-brazilian-briefs/p/410220439_cvr",
            "offer-price": 573.31,
            "rating-count": 0,
            "cat1": "Women",
            "cat2": "Lingerie & Innerwear",
            "cat3": "Panties",
            "brand": "hunkemoller"
        },
        {
            "product-id": "410233156",
            "avg-rating": "",
            "img-url": "https://assets.ajio.com/medias/sys_master/root/hf8/h4c/13546006839326/-78Wx98H-410233156-aqsky-MODEL.jpg",
            "price": 712,
            "was-price": 1295,
            "name": "Sophie Floral Pattern Lace Thong",
            "url": "/hunkemoller-sophie-floral-pattern-lace-thong/p/410233156_aqsky",
            "offer-price": 532.2,
            "rating-count": 0,
            "cat1": "Women",
            "cat2": "Lingerie & Innerwear",
            "cat3": "Panties",
            "brand": "hunkemoller"
        },
        {
            "product-id": "410298817",
            "avg-rating": "",
            "img-url": "https://assets.ajio.com/medias/sys_master/root/20211119/AZ6g/6196c234aeb2690110ccf53a/-78Wx98H-410298817-b4m2-MODEL.jpg",
            "price": 27500,
            "was-price": 27500,
            "name": "Novelty Print Crossbody Bag with Detachable Strap",
            "url": "/coach-novelty-print-crossbody-bag-with-detachable-strap/p/410298817_b4m2",
            "offer-price": 19800,
            "rating-count": 0,
            "cat1": "Women",
            "cat2": "Bags, Belts & Wallets",
            "cat3": "Handbags",
            "brand": "coach"
        },
        {
            "product-id": "463343830",
            "avg-rating": "",
            "img-url": "https://assets.ajio.com/medias/sys_master/root/20211122/QEUv/619bcca6f997ddf8f111bb85/-78Wx98H-463343830-white-MODEL.jpg",
            "price": 6000,
            "was-price": 6000,
            "name": "Checked Fit and Flare Dress",
            "url": "/itr-by-khyati-pande-checked-fit-and-flare-dress/p/463343830_white",
            "offer-price": 5000,
            "rating-count": 0,
            "cat1": "Women",
            "cat2": "Western Wear",
            "cat3": "Dresses",
            "brand": "itr-by-khyati-pande"
        },
        {
            "product-id": "410301323",
            "avg-rating": "",
            "img-url": "https://assets.ajio.com/medias/sys_master/root/20211119/0btf/6196a5a4aeb2690110cc80a5/-78Wx98H-410301323-404-MODEL.jpg",
            "price": 29500,
            "was-price": 29500,
            "name": "Spade Floral Jacquard Medium Backpack with Adjustable Straps",
            "url": "/kate-spade-spade-floral-jacquard-medium-backpack-with-adjustable-straps/p/410301323_404",
            "offer-price": 21240,
            "rating-count": 0,
            "cat1": "Women",
            "cat2": "Bags, Belts & Wallets",
            "cat3": "Handbags",
            "brand": "kate-spade"
        },
        {
            "product-id": "463345460",
            "avg-rating": "",
            "img-url": "https://assets.ajio.com/medias/sys_master/root/20211122/7umO/619bcda9aeb2690110d0000a/-78Wx98H-463345460-white-MODEL.jpg",
            "price": 4500,
            "was-price": 4500,
            "name": "Printed Mid-Rise Palazzos",
            "url": "/itr-by-khyati-pande-printed-mid-rise-palazzos/p/463345460_white",
            "offer-price": 3500,
            "rating-count": 0,
            "cat1": "Women",
            "cat2": "Western Wear",
            "cat3": "Trousers & Pants",
            "brand": "itr-by-khyati-pande"
        },
        {
            "product-id": "463343689",
            "avg-rating": "",
            "img-url": "https://assets.ajio.com/medias/sys_master/root/20211123/7zgh/619c3357f997ddf8f1149efb/-78Wx98H-463343689-white-MODEL.jpg",
            "price": 4500,
            "was-price": 4500,
            "name": "Checked Sleeveless Tops",
            "url": "/itr-by-khyati-pande-checked-sleeveless-tops/p/463343689_white",
            "offer-price": 3500,
            "rating-count": 0,
            "cat1": "Women",
            "cat2": "Western Wear",
            "cat3": "Tops",
            "brand": "itr-by-khyati-pande"
        },
        {
            "product-id": "410289903",
            "avg-rating": "",
            "img-url": "https://assets.ajio.com/medias/sys_master/root/20211119/rcoI/6197c408f997ddf8f10f2cfa/-78Wx98H-410289903-cu3-MODEL.jpg",
            "price": 19000,
            "was-price": 19000,
            "name": "Floral Jacquard Wallet with Chain Strap",
            "url": "/kate-spade-floral-jacquard-wallet-with-chain-strap/p/410289903_cu3",
            "offer-price": 17100,
            "rating-count": 0,
            "cat1": "Women",
            "cat2": "Bags, Belts & Wallets",
            "cat3": "Wallets",
            "brand": "kate-spade"
        },
        {
            "product-id": "410298850",
            "avg-rating": "",
            "img-url": "https://assets.ajio.com/medias/sys_master/root/20211119/93vu/6196b2bbaeb2690110ccb620/-78Wx98H-410298850-jimmv-MODEL.jpg",
            "price": 49500,
            "was-price": 49500,
            "name": "Gotham Utility Bag with Adjustable Strap",
            "url": "/coach-gotham-utility-bag-with-adjustable-strap/p/410298850_jimmv",
            "offer-price": 44550,
            "rating-count": 0,
            "cat1": "Men",
            "cat2": "Bags, Belts & Wallets",
            "cat3": "Utility Bags",
            "brand": "coach"
        },
        {
            "product-id": "410293868",
            "avg-rating": "",
            "img-url": "https://assets.ajio.com/medias/sys_master/root/20211120/1kSn/6197efacaeb2690110ce8bb9/-78Wx98H-410293868-28-MODEL.jpg",
            "price": 2500,
            "was-price": 2500,
            "name": "Fish Motif Socks",
            "url": "/paul-smith-fish-motif-socks/p/410293868_28",
            "offer-price": 1350,
            "rating-count": 0,
            "cat1": "Men",
            "cat2": "Clothing Accessories",
            "cat3": "Socks",
            "brand": "paul-smith"
        },
        {
            "product-id": "410298851",
            "avg-rating": "",
            "img-url": "https://assets.ajio.com/medias/sys_master/root/20211119/HNDM/6196bf7cf997ddf8f10e84ae/-78Wx98H-410298851-jia7u-MODEL.jpg",
            "price": 44500,
            "was-price": 44500,
            "name": "Hitch Fold-Over Crossbody Bag",
            "url": "/coach-hitch-fold-over-crossbody-bag/p/410298851_jia7u",
            "offer-price": 40050,
            "rating-count": 0,
            "cat1": "Men",
            "cat2": "Bags, Belts & Wallets",
            "cat3": "Utility Bags",
            "brand": "coach"
        },
        {
            "product-id": "463343870",
            "avg-rating": "",
            "img-url": "https://assets.ajio.com/medias/sys_master/root/20211122/6baM/619bcd2eaeb2690110cff779/-78Wx98H-463343870-white-MODEL.jpg",
            "price": 7500,
            "was-price": 7500,
            "name": "Checked Fit and Flare Dress",
            "url": "/itr-by-khyati-pande-checked-fit-and-flare-dress/p/463343870_white",
            "offer-price": 6500,
            "rating-count": 0,
            "cat1": "Women",
            "cat2": "Western Wear",
            "cat3": "Dresses",
            "brand": "itr-by-khyati-pande"
        },
        {
            "product-id": "410299188",
            "avg-rating": "",
            "img-url": "https://assets.ajio.com/medias/sys_master/root/20211123/pwwG/619d0db0aeb2690110d327ab/-78Wx98H-410299188-001-MODEL.jpg",
            "price": 48000,
            "was-price": 48000,
            "name": "Ivy Medium Woven Tote Bag",
            "url": "/michael-kors-ivy-medium-woven-tote-bag/p/410299188_001",
            "offer-price": 25920,
            "rating-count": 0,
            "cat1": "Women",
            "cat2": "Bags, Belts & Wallets",
            "cat3": "Handbags",
            "brand": "michael-kors"
        },
        {
            "product-id": "410221074",
            "avg-rating": "",
            "img-url": "https://assets.ajio.com/medias/sys_master/root/h6a/h40/13545992355870/-78Wx98H-410221074-cvr-MODEL.jpg",
            "price": 1195,
            "was-price": 1195,
            "name": "Ashley Floral Pattern G-string",
            "url": "/hunkemoller-ashley-floral-pattern-g-string/p/410221074_cvr",
            "offer-price": 491.09,
            "rating-count": 0,
            "cat1": "Women",
            "cat2": "Lingerie & Innerwear",
            "cat3": "Panties",
            "brand": "hunkemoller"
        },
        {
            "product-id": "469046294",
            "avg-rating": "",
            "img-url": "https://assets.ajio.com/medias/sys_master/root/20211120/tQKZ/6197fd9baeb2690110cec2b5/-78Wx98H-469046294-black-MODEL.jpg",
            "price": 18999,
            "was-price": 18999,
            "name": "Wreath Regular Fit Jumper",
            "url": "/all-saints-wreath-regular-fit-jumper/p/469046294_black",
            "offer-price": 17999,
            "rating-count": 0,
            "cat1": "Men",
            "cat2": "Western Wear",
            "cat3": "Sweaters & Cardigans",
            "brand": "all-saints"
        },
        {
            "product-id": "469046290",
            "avg-rating": "",
            "img-url": "https://assets.ajio.com/medias/sys_master/root/20211120/GrCv/6197fe56aeb2690110cec9c9/-78Wx98H-469046290-blue-MODEL.jpg",
            "price": 18999,
            "was-price": 18999,
            "name": "Lows Cotton Regular Fit Bomber Jacket",
            "url": "/all-saints-lows-cotton-regular-fit-bomber-jacket/p/469046290_blue",
            "offer-price": 17999,
            "rating-count": 0,
            "cat1": "Men",
            "cat2": "Western Wear",
            "cat3": "Jackets & Coats",
            "brand": "all-saints"
        },
        {
            "product-id": "410289884",
            "avg-rating": "",
            "img-url": "https://assets.ajio.com/medias/sys_master/root/20211123/aguL/619d125ef997ddf8f11547d7/-78Wx98H-410289884-700-MODEL.jpg",
            "price": 22000,
            "was-price": 22000,
            "name": "Smile Small Shoulder Bag",
            "url": "/kate-spade-smile-small-shoulder-bag/p/410289884_700",
            "offer-price": 11880,
            "rating-count": 0,
            "cat1": "Women",
            "cat2": "Bags, Belts & Wallets",
            "cat3": "Handbags",
            "brand": "kate-spade"
        }
    ]
}