{
    "trends.ajio": [
        {
            "product-id": "450142355",
            "avg-rating": "",
            "img-url": "https://assets.ajio.com/medias/sys_master/root/20211104/bou3/61831a5caeb2690110b97b02/-78Wx98H-450142355-ltbrn-MODEL.jpg",
            "price": 1999,
            "was-price": 1999,
            "name": "Mid-Top Lace-Up Casual Shoes",
            "url": "/cristofano-od-mid-top-lace-up-casual-shoes/p/450142355_ltbrn",
            "offer-price": 1122.37,
            "rating-count": 0,
            "cat1": "Men",
            "cat2": "Footwear",
            "cat3": "Casual Shoes",
            "brand": "cristofano-od"
        },
        {
            "product-id": "441124657",
            "avg-rating": "",
            "img-url": "https://assets.ajio.com/medias/sys_master/root/20211103/GM4W/6181950ef997ddf8f1f8197b/-78Wx98H-441124657-mediumblue-MODEL.jpg",
            "price": 570,
            "was-price": 1899,
            "name": "Men Mid-Wash Distressed Skinny Fit Jeans",
            "url": "/dnmx-men-mid-wash-distressed-skinny-fit-jeans/p/441124657_mediumblue",
            "offer-price": 569.29,
            "rating-count": 0,
            "cat1": "Men",
            "cat2": "Western Wear",
            "cat3": "Jeans",
            "brand": "dnmx"
        },
        {
            "product-id": "441207478",
            "avg-rating": "",
            "img-url": "https://assets.ajio.com/medias/sys_master/root/20211030/w7mu/617c5199aeb2690110b2887e/-78Wx98H-441207478-olivegreen-MODEL.jpg",
            "price": 1799,
            "was-price": 1799,
            "name": "Embroidered Unstitched Dress Material",
            "url": "/aksk-creation-embroidered-unstitched-dress-material/p/441207478_olivegreen",
            "offer-price": 1346.99,
            "rating-count": 0,
            "cat1": "Women",
            "cat2": "Ethnic Wear",
            "cat3": "Dress Material",
            "brand": "aksk-creation"
        },
        {
            "product-id": "441211002",
            "avg-rating": "",
            "img-url": "https://assets.ajio.com/medias/sys_master/root/20211030/wd21/617c50e8aeb2690110b27e80/-78Wx98H-441211002-coral-MODEL.jpg",
            "price": 1699,
            "was-price": 1699,
            "name": "Printed Unstitched Dress Material",
            "url": "/poetic-piyani-printed-unstitched-dress-material/p/441211002_coral",
            "offer-price": 1272.12,
            "rating-count": 0,
            "cat1": "Women",
            "cat2": "Ethnic Wear",
            "cat3": "Dress Material",
            "brand": "poetic-piyani"
        },
        {
            "product-id": "450143438",
            "avg-rating": "",
            "img-url": "https://assets.ajio.com/medias/sys_master/root/20211104/76MK/6183196af997ddf8f1fa37c8/-78Wx98H-450143438-white-MODEL.jpg",
            "price": 1400,
            "was-price": 2799,
            "name": "Low-Top Lace-Up Sports Shoes",
            "url": "/performax-low-top-lace-up-sports-shoes/p/450143438_white",
            "offer-price": 1048.24,
            "rating-count": 0,
            "cat1": "Men",
            "cat2": "Footwear",
            "cat3": "Sports Shoes",
            "brand": "performax"
        },
        {
            "product-id": "441194846",
            "avg-rating": "",
            "img-url": "https://assets.ajio.com/medias/sys_master/root/20211103/wGT2/6182a830f997ddf8f1f93631/-78Wx98H-441194846-orange-MODEL.jpg",
            "price": 1499,
            "was-price": 1499,
            "name": "Tie & Dye Print 3-piece Dress Material",
            "url": "/poetic-piyani-tie-dye-print-3-piece-dress-material/p/441194846_orange",
            "offer-price": 1122.37,
            "rating-count": 0,
            "cat1": "Women",
            "cat2": "Ethnic Wear",
            "cat3": "Dress Material",
            "brand": "poetic-piyani"
        },
        {
            "product-id": "441124320",
            "avg-rating": "",
            "img-url": "https://assets.ajio.com/medias/sys_master/root/20211102/SCQG/61815755f997ddf8f1f6f81d/-78Wx98H-441124320-pink-MODEL.jpg",
            "price": 999,
            "was-price": 999,
            "name": "Printed Rompers with Applique",
            "url": "/inf-frendz-printed-rompers-with-applique/p/441124320_pink",
            "offer-price": 299.62,
            "rating-count": 0,
            "cat1": "Infants",
            "cat2": "Western Wear",
            "cat3": "Rompers & Onesies",
            "brand": "inf-frendz"
        },
        {
            "product-id": "441126847",
            "avg-rating": "",
            "img-url": "https://assets.ajio.com/medias/sys_master/root/20211103/Lr2w/61819304f997ddf8f1f80265/-78Wx98H-441126847-maroon-MODEL.jpg",
            "price": 510,
            "was-price": 1699,
            "name": "Zip-Front Hoodie with Split Kangaroo Pockets",
            "url": "/dnmx-zip-front-hoodie-with-split-kangaroo-pockets/p/441126847_maroon",
            "offer-price": 509.36,
            "rating-count": 0,
            "cat1": "Men",
            "cat2": "Western Wear",
            "cat3": "Sweatshirt & Hoodies",
            "brand": "dnmx"
        },
        {
            "product-id": "441128205",
            "avg-rating": "",
            "img-url": "https://assets.ajio.com/medias/sys_master/root/20211103/2L33/618197e7f997ddf8f1f828c0/-78Wx98H-441128205-white-MODEL.jpg",
            "price": 1049,
            "was-price": 1049,
            "name": "Shirt with Patch Pocket",
            "url": "/netplay-shirt-with-patch-pocket/p/441128205_white",
            "offer-price": 314.61,
            "rating-count": 0,
            "cat1": "Men",
            "cat2": "Western Wear",
            "cat3": "Shirts",
            "brand": "netplay"
        },
        {
            "product-id": "441126847",
            "avg-rating": "",
            "img-url": "https://assets.ajio.com/medias/sys_master/root/20211103/pNk6/61819304f997ddf8f1f80273/-78Wx98H-441126847-navy-MODEL.jpg",
            "price": 1699,
            "was-price": 1699,
            "name": "Zip-Front Hoodie with Split Kangaroo Pockets",
            "url": "/dnmx-zip-front-hoodie-with-split-kangaroo-pockets/p/441126847_navy",
            "offer-price": 509.36,
            "rating-count": 0,
            "cat1": "Men",
            "cat2": "Western Wear",
            "cat3": "Sweatshirt & Hoodies",
            "brand": "dnmx"
        },
        {
            "product-id": "450142353",
            "avg-rating": "",
            "img-url": "https://assets.ajio.com/medias/sys_master/root/20211104/ukOf/618318bdaeb2690110b9734a/-78Wx98H-450142353-khaki-MODEL.jpg",
            "price": 920,
            "was-price": 2299,
            "name": "High-Top Lace-Up Casual Shoes",
            "url": "/cristofano-od-high-top-lace-up-casual-shoes/p/450142353_khaki",
            "offer-price": 687.68,
            "rating-count": 0,
            "cat1": "Men",
            "cat2": "Footwear",
            "cat3": "Casual Shoes",
            "brand": "cristofano-od"
        },
        {
            "product-id": "441121036",
            "avg-rating": "",
            "img-url": "https://assets.ajio.com/medias/sys_master/root/20211103/suer/618199c3f997ddf8f1f830cc/-78Wx98H-441121036-red-MODEL.jpg",
            "price": 3499,
            "was-price": 3499,
            "name": "Colourblock Zip-Front Bomber Jacket with Slip Pockets",
            "url": "/altheory-sport-colourblock-zip-front-bomber-jacket-with-slip-pockets/p/441121036_red",
            "offer-price": 1310.3,
            "rating-count": 0,
            "cat1": "Men",
            "cat2": "Western Wear",
            "cat3": "Jackets & Coats",
            "brand": "altheory-sport"
        },
        {
            "product-id": "441125033",
            "avg-rating": "",
            "img-url": "https://assets.ajio.com/medias/sys_master/root/20211103/NxzN/6182a719aeb2690110b87b36/-78Wx98H-441125033-pink-MODEL.jpg",
            "price": 390,
            "was-price": 1299,
            "name": "Printed V-neck Slim Straight Kurta",
            "url": "/avaasa-mix-n-match-printed-v-neck-slim-straight-kurta/p/441125033_pink",
            "offer-price": 389.51,
            "rating-count": 0,
            "cat1": "Women",
            "cat2": "Ethnic Wear",
            "cat3": "Kurtas",
            "brand": "avaasa-mix-n-match"
        },
        {
            "product-id": "441124144",
            "avg-rating": "",
            "img-url": "https://assets.ajio.com/medias/sys_master/root/20211103/wehB/6182a719aeb2690110b87b38/-78Wx98H-441124144-maroon-MODEL.jpg",
            "price": 1299,
            "was-price": 1299,
            "name": "Art Deco Print Layered Flared Kurta",
            "url": "/avaasa-mix-n-match-art-deco-print-layered-flared-kurta/p/441124144_maroon",
            "offer-price": 389.51,
            "rating-count": 0,
            "cat1": "Women",
            "cat2": "Ethnic Wear",
            "cat3": "Kurtas",
            "brand": "avaasa-mix-n-match"
        },
        {
            "product-id": "441125046",
            "avg-rating": "",
            "img-url": "https://assets.ajio.com/medias/sys_master/root/20211103/EauA/6182a471f997ddf8f1f921c9/-78Wx98H-441125046-darkblue-MODEL.jpg",
            "price": 390,
            "was-price": 1299,
            "name": "Printed Slim Straight Kurta with Notched Neckline",
            "url": "/avaasa-mix-n-match-printed-slim-straight-kurta-with-notched-neckline/p/441125046_darkblue",
            "offer-price": 389.51,
            "rating-count": 0,
            "cat1": "Women",
            "cat2": "Ethnic Wear",
            "cat3": "Kurtas",
            "brand": "avaasa-mix-n-match"
        },
        {
            "product-id": "441124397",
            "avg-rating": "",
            "img-url": "https://assets.ajio.com/medias/sys_master/root/20211104/ztyV/61831979f997ddf8f1fa3854/-78Wx98H-441124397-navy-MODEL.jpg",
            "price": 900,
            "was-price": 2999,
            "name": "Zip-Front Bomber Jacket",
            "url": "/netplay-zip-front-bomber-jacket/p/441124397_navy",
            "offer-price": 899,
            "rating-count": 0,
            "cat1": "Men",
            "cat2": "Western Wear",
            "cat3": "Jackets & Coats",
            "brand": "netplay"
        },
        {
            "product-id": "441121470",
            "avg-rating": "",
            "img-url": "https://assets.ajio.com/medias/sys_master/root/20211103/pLWE/61819f61aeb2690110b7ba34/-78Wx98H-441121470-red-MODEL.jpg",
            "price": 1645,
            "was-price": 3499,
            "name": "High-Neck Puffer Jacket with Slip Pockets",
            "url": "/altheory-sport-high-neck-puffer-jacket-with-slip-pockets/p/441121470_red",
            "offer-price": 1574.55,
            "rating-count": 0,
            "cat1": "Women",
            "cat2": "Western Wear",
            "cat3": "Jackets & Coats",
            "brand": "altheory-sport"
        },
        {
            "product-id": "441124578",
            "avg-rating": "",
            "img-url": "https://assets.ajio.com/medias/sys_master/root/20211104/HgTa/618315aaaeb2690110b96562/-78Wx98H-441124578-grey-MODEL.jpg",
            "price": 1499,
            "was-price": 1499,
            "name": "Striped Slim Fit Flat-Front Trousers",
            "url": "/netplay-striped-slim-fit-flat-front-trousers/p/441124578_grey",
            "offer-price": 449.44,
            "rating-count": 0,
            "cat1": "Men",
            "cat2": "Western Wear",
            "cat3": "Trousers & Pants",
            "brand": "netplay"
        },
        {
            "product-id": "450143438",
            "avg-rating": "",
            "img-url": "https://assets.ajio.com/medias/sys_master/root/20211104/oZDi/618316e4f997ddf8f1fa27e3/-78Wx98H-450143438-black-MODEL.jpg",
            "price": 1400,
            "was-price": 2799,
            "name": "Low-Top Lace-Up Sports Shoes",
            "url": "/performax-low-top-lace-up-sports-shoes/p/450143438_black",
            "offer-price": 1048.24,
            "rating-count": 0,
            "cat1": "Men",
            "cat2": "Footwear",
            "cat3": "Sports Shoes",
            "brand": "performax"
        },
        {
            "product-id": "441124459",
            "avg-rating": "",
            "img-url": "https://assets.ajio.com/medias/sys_master/root/20211103/eFNh/618193e4aeb2690110b78329/-78Wx98H-441124459-ltgrey-MODEL.jpg",
            "price": 2350,
            "was-price": 4999,
            "name": "Metallic Zip-Front Jacket",
            "url": "/altheory-sport-metallic-zip-front-jacket/p/441124459_ltgrey",
            "offer-price": 2249.55,
            "rating-count": 0,
            "cat1": "Men",
            "cat2": "Western Wear",
            "cat3": "Jackets & Coats",
            "brand": "altheory-sport"
        },
        {
            "product-id": "441121128",
            "avg-rating": "",
            "img-url": "https://assets.ajio.com/medias/sys_master/root/20211103/OoY6/6181925aaeb2690110b77595/-78Wx98H-441121128-teal-MODEL.jpg",
            "price": 2350,
            "was-price": 4999,
            "name": "Quilted Zip-Front Puffer Jacket",
            "url": "/altheory-sport-quilted-zip-front-puffer-jacket/p/441121128_teal",
            "offer-price": 2249.55,
            "rating-count": 0,
            "cat1": "Men",
            "cat2": "Western Wear",
            "cat3": "Jackets & Coats",
            "brand": "altheory-sport"
        },
        {
            "product-id": "441127147",
            "avg-rating": "",
            "img-url": "https://assets.ajio.com/medias/sys_master/root/20210803/LQ45/61084a2af997ddb31244c7bf/-78Wx98H-441127147-blackcharcoal-MODEL.jpg",
            "price": 139,
            "was-price": 199,
            "name": "Solid Panelled Briefs",
            "url": "/netplay-solid-panelled-briefs/p/441127147_blackcharcoal",
            "offer-price": 103.9,
            "rating-count": 0,
            "cat1": "Men",
            "cat2": "Inner Wear",
            "cat3": "Briefs",
            "brand": "netplay"
        },
        {
            "product-id": "441124328",
            "avg-rating": "",
            "img-url": "https://assets.ajio.com/medias/sys_master/root/20211102/w6H0/618154e2f997ddf8f1f6e9e2/-78Wx98H-441124328-darkred-MODEL.jpg",
            "price": 390,
            "was-price": 1299,
            "name": "Solid Jacket with Peter-Pan Collar",
            "url": "/kg-frendz-solid-jacket-with-peter-pan-collar/p/441124328_darkred",
            "offer-price": 389.51,
            "rating-count": 0,
            "cat1": "Girls",
            "cat2": "Western Wear",
            "cat3": "Jackets & Shrugs",
            "brand": "kg-frendz"
        },
        {
            "product-id": "441127147",
            "avg-rating": "",
            "img-url": "https://assets.ajio.com/medias/sys_master/root/20210803/p5XU/61083a30aeb269a9e35e79f6/-78Wx98H-441127147-ltgrey-MODEL.jpg",
            "price": 139,
            "was-price": 199,
            "name": "Heathered Panelled Briefs",
            "url": "/netplay-heathered-panelled-briefs/p/441127147_ltgrey",
            "offer-price": 103.9,
            "rating-count": 0,
            "cat1": "Men",
            "cat2": "Inner Wear",
            "cat3": "Briefs",
            "brand": "netplay"
        },
        {
            "product-id": "441127148",
            "avg-rating": "",
            "img-url": "https://assets.ajio.com/medias/sys_master/root/20210803/w8uv/61083a1faeb269a9e35e7942/-78Wx98H-441127148-grey-MODEL.jpg",
            "price": 369,
            "was-price": 369,
            "name": "Pack of 2 Boxer Briefs",
            "url": "/netplay-pack-of-2-boxer-briefs/p/441127148_grey",
            "offer-price": 275.82,
            "rating-count": 0,
            "cat1": "Men",
            "cat2": "Inner Wear",
            "cat3": "Boxers",
            "brand": "netplay"
        },
        {
            "product-id": "441122658",
            "avg-rating": "",
            "img-url": "https://assets.ajio.com/medias/sys_master/root/20211104/ZIN5/61831874f997ddf8f1fa2f2b/-78Wx98H-441122658-navy-MODEL.jpg",
            "price": 1299,
            "was-price": 1299,
            "name": "Checked Slim Fit Flat-Front Trousers",
            "url": "/netplay-checked-slim-fit-flat-front-trousers/p/441122658_navy",
            "offer-price": 389.51,
            "rating-count": 0,
            "cat1": "Men",
            "cat2": "Western Wear",
            "cat3": "Trousers & Pants",
            "brand": "netplay"
        },
        {
            "product-id": "441176391",
            "avg-rating": "",
            "img-url": "https://assets.ajio.com/medias/sys_master/root/20211030/YAex/617c4ff9aeb2690110b271ef/-78Wx98H-441176391-beige-MODEL.jpg",
            "price": 1999,
            "was-price": 1999,
            "name": "Printed Unstitched Dress Material",
            "url": "/aksk-creation-printed-unstitched-dress-material/p/441176391_beige",
            "offer-price": 1498,
            "rating-count": 0,
            "cat1": "Women",
            "cat2": "Ethnic Wear",
            "cat3": "Dress Material",
            "brand": "aksk-creation"
        },
        {
            "product-id": "441124648",
            "avg-rating": "",
            "img-url": "https://assets.ajio.com/medias/sys_master/root/20211103/6hjs/6181aa30f997ddf8f1f89684/-78Wx98H-441124648-darkblue-MODEL.jpg",
            "price": 570,
            "was-price": 1899,
            "name": "Men Mid-Wash Skinny Fit Jeans",
            "url": "/dnmx-men-mid-wash-skinny-fit-jeans/p/441124648_darkblue",
            "offer-price": 569.29,
            "rating-count": 0,
            "cat1": "Men",
            "cat2": "Western Wear",
            "cat3": "Jeans",
            "brand": "dnmx"
        },
        {
            "product-id": "441123383",
            "avg-rating": "",
            "img-url": "https://assets.ajio.com/medias/sys_master/root/20211103/xrqO/61819853f997ddf8f1f82a3c/-78Wx98H-441123383-teal-MODEL.jpg",
            "price": 1299,
            "was-price": 1299,
            "name": "Slim Fit Shirt with Patch Pocket",
            "url": "/netplay-slim-fit-shirt-with-patch-pocket/p/441123383_teal",
            "offer-price": 389.51,
            "rating-count": 0,
            "cat1": "Men",
            "cat2": "Western Wear",
            "cat3": "Shirts",
            "brand": "netplay"
        },
        {
            "product-id": "441211032",
            "avg-rating": "",
            "img-url": "https://assets.ajio.com/medias/sys_master/root/20211103/CsrO/618284a7f997ddf8f1f90efa/-78Wx98H-441211032-peach-MODEL.jpg",
            "price": 2199,
            "was-price": 2199,
            "name": "Embroidered Unstitched Dress Material",
            "url": "/poetic-piyani-embroidered-unstitched-dress-material/p/441211032_peach",
            "offer-price": 1647.87,
            "rating-count": 0,
            "cat1": "Women",
            "cat2": "Ethnic Wear",
            "cat3": "Dress Material",
            "brand": "poetic-piyani"
        },
        {
            "product-id": "441202696",
            "avg-rating": "",
            "img-url": "https://assets.ajio.com/medias/sys_master/root/20211103/qAJ2/6182a46bf997ddf8f1f920fb/-78Wx98H-441202696-navyblue-MODEL.jpg",
            "price": 2499,
            "was-price": 2499,
            "name": "Embroidered 3-piece Dress Material",
            "url": "/nv-bhandar-embroidered-3-piece-dress-material/p/441202696_navyblue",
            "offer-price": 1872.68,
            "rating-count": 0,
            "cat1": "Women",
            "cat2": "Ethnic Wear",
            "cat3": "Dress Material",
            "brand": "nv-bhandar"
        },
        {
            "product-id": "441120638",
            "avg-rating": "",
            "img-url": "https://assets.ajio.com/medias/sys_master/root/20211103/ynzk/6182a7f6aeb2690110b87d87/-78Wx98H-441120638-black-MODEL.jpg",
            "price": 1299,
            "was-price": 1299,
            "name": "High-Rise Skinny Fit Jeans with Side Slits",
            "url": "/dnmx-high-rise-skinny-fit-jeans-with-side-slits/p/441120638_black",
            "offer-price": 389.51,
            "rating-count": 0,
            "cat1": "Women",
            "cat2": "Western Wear",
            "cat3": "Jeans & Jeggings",
            "brand": "dnmx"
        },
        {
            "product-id": "441211786",
            "avg-rating": "",
            "img-url": "https://assets.ajio.com/medias/sys_master/root/20211030/u2Vc/617c50c3f997ddf8f1f2d6bd/-78Wx98H-441211786-khaki-MODEL.jpg",
            "price": 699,
            "was-price": 699,
            "name": "Slim Fit Crew-Neck Pocket T-shirt",
            "url": "/john-players-jeans-slim-fit-crew-neck-pocket-t-shirt/p/441211786_khaki",
            "offer-price": 279.44,
            "rating-count": 0,
            "cat1": "Men",
            "cat2": "Western Wear",
            "cat3": "Tshirts",
            "brand": "john-players-jeans"
        },
        {
            "product-id": "441177434",
            "avg-rating": "",
            "img-url": "https://assets.ajio.com/medias/sys_master/root/20211030/9eIu/617c4728f997ddf8f1f2858b/-78Wx98H-441177434-blue-MODEL.jpg",
            "price": 1999,
            "was-price": 1999,
            "name": "Printed 3-piece Dress Material",
            "url": "/disha-printed-3-piece-dress-material/p/441177434_blue",
            "offer-price": 1498,
            "rating-count": 0,
            "cat1": "Women",
            "cat2": "Ethnic Wear",
            "cat3": "Dress Material",
            "brand": "disha"
        },
        {
            "product-id": "441124082",
            "avg-rating": "",
            "img-url": "https://assets.ajio.com/medias/sys_master/root/20211104/nDOX/6183153caeb2690110b9643b/-78Wx98H-441124082-white-MODEL.jpg",
            "price": 1049,
            "was-price": 1049,
            "name": "Checked Shirt with Patch Pocket",
            "url": "/netplay-checked-shirt-with-patch-pocket/p/441124082_white",
            "offer-price": 314.61,
            "rating-count": 0,
            "cat1": "Men",
            "cat2": "Western Wear",
            "cat3": "Shirts",
            "brand": "netplay"
        },
        {
            "product-id": "441213682",
            "avg-rating": "",
            "img-url": "https://assets.ajio.com/medias/sys_master/root/20211030/SYzt/617c5444f997ddf8f1f2ed5c/-78Wx98H-441213682-navy-MODEL.jpg",
            "price": 476,
            "was-price": 1399,
            "name": "Novelty Print Shirt with Patch Pocket",
            "url": "/lee-cooper-novelty-print-shirt-with-patch-pocket/p/441213682_navy",
            "offer-price": 475.05,
            "rating-count": 0,
            "cat1": "Men",
            "cat2": "Western Wear",
            "cat3": "Shirts",
            "brand": "lee-cooper"
        },
        {
            "product-id": "441123033",
            "avg-rating": "",
            "img-url": "https://assets.ajio.com/medias/sys_master/root/20211103/hT5m/61819d13f997ddf8f1f83f52/-78Wx98H-441123033-mediumblue-MODEL.jpg",
            "price": 1299,
            "was-price": 1299,
            "name": "High-Rise Skinny Jeans",
            "url": "/dnmx-high-rise-skinny-jeans/p/441123033_mediumblue",
            "offer-price": 389.51,
            "rating-count": 0,
            "cat1": "Women",
            "cat2": "Western Wear",
            "cat3": "Jeans & Jeggings",
            "brand": "dnmx"
        },
        {
            "product-id": "441128205",
            "avg-rating": "",
            "img-url": "https://assets.ajio.com/medias/sys_master/root/20211103/Xzi7/6181a6f3aeb2690110b7e504/-78Wx98H-441128205-khaki-MODEL.jpg",
            "price": 315,
            "was-price": 1049,
            "name": "Shirt with Patch Pocket",
            "url": "/netplay-shirt-with-patch-pocket/p/441128205_khaki",
            "offer-price": 314.61,
            "rating-count": 0,
            "cat1": "Men",
            "cat2": "Western Wear",
            "cat3": "Shirts",
            "brand": "netplay"
        },
        {
            "product-id": "441192110",
            "avg-rating": "",
            "img-url": "https://assets.ajio.com/medias/sys_master/root/20211030/WMf5/617c3e9aaeb2690110b2140d/-78Wx98H-441192110-grey-MODEL.jpg",
            "price": 1339,
            "was-price": 1999,
            "name": "Embroidered 3-piece Dress Material",
            "url": "/chhabra-555-embroidered-3-piece-dress-material/p/441192110_grey",
            "offer-price": 1002.57,
            "rating-count": 0,
            "cat1": "Women",
            "cat2": "Ethnic Wear",
            "cat3": "Dress Material",
            "brand": "chhabra-555"
        },
        {
            "product-id": "441123663",
            "avg-rating": "",
            "img-url": "https://assets.ajio.com/medias/sys_master/root/20211103/OubO/6181ad04f997ddf8f1f8a9a8/-78Wx98H-441123663-red-MODEL.jpg",
            "price": 999,
            "was-price": 999,
            "name": "Checked Shirt with Patch Pocket",
            "url": "/dnmx-checked-shirt-with-patch-pocket/p/441123663_red",
            "offer-price": 299.62,
            "rating-count": 0,
            "cat1": "Men",
            "cat2": "Western Wear",
            "cat3": "Shirts",
            "brand": "dnmx"
        },
        {
            "product-id": "441119462",
            "avg-rating": "",
            "img-url": "https://assets.ajio.com/medias/sys_master/root/20211103/cSyj/61819ac0aeb2690110b7a8b2/-78Wx98H-441119462-navy-MODEL.jpg",
            "price": 390,
            "was-price": 1299,
            "name": "Women Ankle-Length Joggers with Elasticated Waistband",
            "url": "/teamspirit-women-ankle-length-joggers-with-elasticated-waistband/p/441119462_navy",
            "offer-price": 389.51,
            "rating-count": 0,
            "cat1": "Women",
            "cat2": "Western Wear",
            "cat3": "Track Pants",
            "brand": "teamspirit"
        },
        {
            "product-id": "441124915",
            "avg-rating": "",
            "img-url": "https://assets.ajio.com/medias/sys_master/root/20211103/bA04/61819853aeb2690110b79e4c/-78Wx98H-441124915-tintblue-MODEL.jpg",
            "price": 510,
            "was-price": 1699,
            "name": "Men Mid-Wash Slim Fit Jeans",
            "url": "/dnmx-men-mid-wash-slim-fit-jeans/p/441124915_tintblue",
            "offer-price": 509.36,
            "rating-count": 0,
            "cat1": "Men",
            "cat2": "Western Wear",
            "cat3": "Jeans",
            "brand": "dnmx"
        },
        {
            "product-id": "441194856",
            "avg-rating": "",
            "img-url": "https://assets.ajio.com/medias/sys_master/root/20211030/4TQs/617c44d5aeb2690110b229e3/-78Wx98H-441194856-grey-MODEL.jpg",
            "price": 1799,
            "was-price": 1799,
            "name": "Printed 3-piece Dress Material",
            "url": "/poetic-piyani-printed-3-piece-dress-material/p/441194856_grey",
            "offer-price": 1346.99,
            "rating-count": 0,
            "cat1": "Women",
            "cat2": "Ethnic Wear",
            "cat3": "Dress Material",
            "brand": "poetic-piyani"
        },
        {
            "product-id": "441123244",
            "avg-rating": "",
            "img-url": "https://assets.ajio.com/medias/sys_master/root/20211103/JzLw/61819d74f997ddf8f1f83fd9/-78Wx98H-441123244-navy-MODEL.jpg",
            "price": 390,
            "was-price": 1299,
            "name": "Micro Print Slim Fit Shirt",
            "url": "/netplay-micro-print-slim-fit-shirt/p/441123244_navy",
            "offer-price": 389.51,
            "rating-count": 0,
            "cat1": "Men",
            "cat2": "Western Wear",
            "cat3": "Shirts",
            "brand": "netplay"
        },
        {
            "product-id": "441121087",
            "avg-rating": "",
            "img-url": "https://assets.ajio.com/medias/sys_master/root/20211103/yN5y/6181a612f997ddf8f1f874b1/-78Wx98H-441121087-jetblack-MODEL.jpg",
            "price": 300,
            "was-price": 999,
            "name": "Crew-Neck Pullover with Extended Sleeves",
            "url": "/fig-crew-neck-pullover-with-extended-sleeves/p/441121087_jetblack",
            "offer-price": 299.62,
            "rating-count": 0,
            "cat1": "Women",
            "cat2": "Western Wear",
            "cat3": "Sweaters & Cardigans",
            "brand": "fig"
        },
        {
            "product-id": "441124397",
            "avg-rating": "",
            "img-url": "https://assets.ajio.com/medias/sys_master/root/20211104/w0rU/618318fcaeb2690110b9749a/-78Wx98H-441124397-black-MODEL.jpg",
            "price": 900,
            "was-price": 2999,
            "name": "Zip-Front Bomber Jacket",
            "url": "/netplay-zip-front-bomber-jacket/p/441124397_black",
            "offer-price": 899,
            "rating-count": 0,
            "cat1": "Men",
            "cat2": "Western Wear",
            "cat3": "Jackets & Coats",
            "brand": "netplay"
        },
        {
            "product-id": "441123388",
            "avg-rating": "",
            "img-url": "https://assets.ajio.com/medias/sys_master/root/20211103/4h8z/6181a945aeb2690110b7efd5/-78Wx98H-441123388-beige-MODEL.jpg",
            "price": 1049,
            "was-price": 1049,
            "name": "Checked Slim Fit Shirt with Patch Pocket",
            "url": "/netplay-checked-slim-fit-shirt-with-patch-pocket/p/441123388_beige",
            "offer-price": 314.61,
            "rating-count": 0,
            "cat1": "Men",
            "cat2": "Western Wear",
            "cat3": "Shirts",
            "brand": "netplay"
        },
        {
            "product-id": "441123554",
            "avg-rating": "",
            "img-url": "https://assets.ajio.com/medias/sys_master/root/20211103/XTYn/61819771f997ddf8f1f825b2/-78Wx98H-441123554-darkgrey-MODEL.jpg",
            "price": 1999,
            "was-price": 1999,
            "name": "Slim Fit Cotton Joggers",
            "url": "/altheory-sport-slim-fit-cotton-joggers/p/441123554_darkgrey",
            "offer-price": 748.74,
            "rating-count": 0,
            "cat1": "Men",
            "cat2": "Western Wear",
            "cat3": "Track Pants",
            "brand": "altheory-sport"
        },
        {
            "product-id": "441205320",
            "avg-rating": "",
            "img-url": "https://assets.ajio.com/medias/sys_master/root/20211030/VIuh/617c487cf997ddf8f1f28bda/-78Wx98H-441205320-green-MODEL.jpg",
            "price": 1299,
            "was-price": 1299,
            "name": "Embroidered Unstitched Dress Material",
            "url": "/aksk-creation-embroidered-unstitched-dress-material/p/441205320_green",
            "offer-price": 972.62,
            "rating-count": 0,
            "cat1": "Women",
            "cat2": "Ethnic Wear",
            "cat3": "Dress Material",
            "brand": "aksk-creation"
        },
        {
            "product-id": "441124389",
            "avg-rating": "",
            "img-url": "https://assets.ajio.com/medias/sys_master/root/20211104/jdJP/61831a56f997ddf8f1fa3bee/-78Wx98H-441124389-navy-MODEL.jpg",
            "price": 900,
            "was-price": 2999,
            "name": "Zip-Front Bomber Jacket",
            "url": "/netplay-zip-front-bomber-jacket/p/441124389_navy",
            "offer-price": 899,
            "rating-count": 0,
            "cat1": "Men",
            "cat2": "Western Wear",
            "cat3": "Jackets & Coats",
            "brand": "netplay"
        },
        {
            "product-id": "450144437",
            "avg-rating": "",
            "img-url": "https://assets.ajio.com/medias/sys_master/root/20211104/Fiyx/618315b9f997ddf8f1fa21ab/-78Wx98H-450144437-black-MODEL.jpg",
            "price": 224,
            "was-price": 299,
            "name": "Thong-Strap Flip-Flops with Striped Footbed",
            "url": "/frisbee-thong-strap-flip-flops-with-striped-footbed/p/450144437_black",
            "offer-price": 167.43,
            "rating-count": 0,
            "cat1": "Men",
            "cat2": "Footwear",
            "cat3": "Flip Flop & Slippers",
            "brand": "frisbee"
        },
        {
            "product-id": "441127151",
            "avg-rating": "",
            "img-url": "https://assets.ajio.com/medias/sys_master/root/20210803/V0Tg/61084389f997ddb31244a829/-78Wx98H-441127151-ltgrey-MODEL.jpg",
            "price": 399,
            "was-price": 399,
            "name": "Pack of 2 Briefs",
            "url": "/netplay-pack-of-2-briefs/p/441127151_ltgrey",
            "offer-price": 298.24,
            "rating-count": 0,
            "cat1": "Men",
            "cat2": "Inner Wear",
            "cat3": "Briefs",
            "brand": "netplay"
        },
        {
            "product-id": "450144436",
            "avg-rating": "",
            "img-url": "https://assets.ajio.com/medias/sys_master/root/20211104/zmmY/61831801f997ddf8f1fa2dd0/-78Wx98H-450144436-blknvy-MODEL.jpg",
            "price": 299,
            "was-price": 299,
            "name": "Colourblock Thong-Strap Flip-Flops",
            "url": "/frisbee-colourblock-thong-strap-flip-flops/p/450144436_blknvy",
            "offer-price": 119.76,
            "rating-count": 0,
            "cat1": "Men",
            "cat2": "Footwear",
            "cat3": "Flip Flop & Slippers",
            "brand": "frisbee"
        },
        {
            "product-id": "441127001",
            "avg-rating": "",
            "img-url": "https://assets.ajio.com/medias/sys_master/root/20211103/cJM8/61818e1faeb2690110b7657b/-78Wx98H-441127001-seagreen-MODEL.jpg",
            "price": 315,
            "was-price": 1049,
            "name": "Micro Print Shirt with Patch Pocket",
            "url": "/netplay-micro-print-shirt-with-patch-pocket/p/441127001_seagreen",
            "offer-price": 314.61,
            "rating-count": 0,
            "cat1": "Men",
            "cat2": "Western Wear",
            "cat3": "Shirts",
            "brand": "netplay"
        },
        {
            "product-id": "450144448",
            "avg-rating": "",
            "img-url": "https://assets.ajio.com/medias/sys_master/root/20211104/kKIF/61831a91f997ddf8f1fa3def/-78Wx98H-450144448-red-MODEL.jpg",
            "price": 374,
            "was-price": 499,
            "name": "Thong-Strap Flip-Flops with Textured Footbed",
            "url": "/frisbee-thong-strap-flip-flops-with-textured-footbed/p/450144448_red",
            "offer-price": 279.56,
            "rating-count": 0,
            "cat1": "Men",
            "cat2": "Footwear",
            "cat3": "Flip Flop & Slippers",
            "brand": "frisbee"
        },
        {
            "product-id": "450144438",
            "avg-rating": "",
            "img-url": "https://assets.ajio.com/medias/sys_master/root/20211104/M9Bm/618319f1f997ddf8f1fa3a6d/-78Wx98H-450144438-blkred-MODEL.jpg",
            "price": 160,
            "was-price": 399,
            "name": "Thong-Strap Flip-Flops with Contrast Footbed",
            "url": "/frisbee-thong-strap-flip-flops-with-contrast-footbed/p/450144438_blkred",
            "offer-price": 159.68,
            "rating-count": 0,
            "cat1": "Men",
            "cat2": "Footwear",
            "cat3": "Flip Flop & Slippers",
            "brand": "frisbee"
        },
        {
            "product-id": "441127242",
            "avg-rating": "",
            "img-url": "https://assets.ajio.com/medias/sys_master/root/20211104/zkdM/61831b54f997ddf8f1fa4240/-78Wx98H-441127242-black-MODEL.jpg",
            "price": 480,
            "was-price": 1599,
            "name": "Paisley Print Slim Fit Nehru Jacket",
            "url": "/netplay-paisley-print-slim-fit-nehru-jacket/p/441127242_black",
            "offer-price": 479.4,
            "rating-count": 0,
            "cat1": "Men",
            "cat2": "Western Wear",
            "cat3": "Blazers & Waistcoats",
            "brand": "netplay"
        },
        {
            "product-id": "450144371",
            "avg-rating": "",
            "img-url": "https://assets.ajio.com/medias/sys_master/root/20211104/P95V/618316a3f997ddf8f1fa25a3/-78Wx98H-450144371-tan-MODEL.jpg",
            "price": 2624,
            "was-price": 3499,
            "name": "Men Slip-On Formal Shoes",
            "url": "/schumann-premium-men-slip-on-formal-shoes/p/450144371_tan",
            "offer-price": 1966.36,
            "rating-count": 0,
            "cat1": "Men",
            "cat2": "Footwear",
            "cat3": "Formal Shoes",
            "brand": "schumann-premium"
        },
        {
            "product-id": "450144450",
            "avg-rating": "",
            "img-url": "https://assets.ajio.com/medias/sys_master/root/20211104/2OMZ/618317ffaeb2690110b96f38/-78Wx98H-450144450-white-MODEL.jpg",
            "price": 160,
            "was-price": 399,
            "name": "Thong-Strap Flip-Flops with Graphic Print Footbed",
            "url": "/frisbee-thong-strap-flip-flops-with-graphic-print-footbed/p/450144450_white",
            "offer-price": 159.68,
            "rating-count": 0,
            "cat1": "Men",
            "cat2": "Footwear",
            "cat3": "Flip Flop & Slippers",
            "brand": "frisbee"
        },
        {
            "product-id": "450144450",
            "avg-rating": "",
            "img-url": "https://assets.ajio.com/medias/sys_master/root/20211104/AIek/61831a5caeb2690110b97afa/-78Wx98H-450144450-navy-MODEL.jpg",
            "price": 160,
            "was-price": 399,
            "name": "Thong-Strap Flip-Flops with Graphic Print Footbed",
            "url": "/frisbee-thong-strap-flip-flops-with-graphic-print-footbed/p/450144450_navy",
            "offer-price": 159.68,
            "rating-count": 0,
            "cat1": "Men",
            "cat2": "Footwear",
            "cat3": "Flip Flop & Slippers",
            "brand": "frisbee"
        },
        {
            "product-id": "450144458",
            "avg-rating": "",
            "img-url": "https://assets.ajio.com/medias/sys_master/root/20211104/TTZX/61831a6baeb2690110b97bd7/-78Wx98H-450144458-grey-MODEL.jpg",
            "price": 299,
            "was-price": 299,
            "name": "Thong-Strap Flip-Flops with Textured Footbed",
            "url": "/frisbee-thong-strap-flip-flops-with-textured-footbed/p/450144458_grey",
            "offer-price": 119.76,
            "rating-count": 0,
            "cat1": "Men",
            "cat2": "Footwear",
            "cat3": "Flip Flop & Slippers",
            "brand": "frisbee"
        },
        {
            "product-id": "450142355",
            "avg-rating": "",
            "img-url": "https://assets.ajio.com/medias/sys_master/root/20211104/Fxc3/618319ecaeb2690110b97995/-78Wx98H-450142355-drkbrn-MODEL.jpg",
            "price": 1999,
            "was-price": 1999,
            "name": "Mid-Top Lace-Up Casual Shoes",
            "url": "/cristofano-od-mid-top-lace-up-casual-shoes/p/450142355_drkbrn",
            "offer-price": 1122.37,
            "rating-count": 0,
            "cat1": "Men",
            "cat2": "Footwear",
            "cat3": "Casual Shoes",
            "brand": "cristofano-od"
        },
        {
            "product-id": "441165250",
            "avg-rating": "",
            "img-url": "https://assets.ajio.com/medias/sys_master/root/20211103/K6mz/61819375f997ddf8f1f80850/-78Wx98H-441165250-turquiose-MODEL.jpg",
            "price": 4995,
            "was-price": 4995,
            "name": "Floral Print Straight Kurta Suit Set",
            "url": "/biba-floral-print-straight-kurta-suit-set/p/441165250_turquiose",
            "offer-price": 649.35,
            "rating-count": 0,
            "cat1": "Women",
            "cat2": "Ethnic Wear",
            "cat3": "Kurta Suit Sets",
            "brand": "biba"
        },
        {
            "product-id": "441207460",
            "avg-rating": "",
            "img-url": "https://assets.ajio.com/medias/sys_master/root/20211030/dLct/617c4899aeb2690110b23721/-78Wx98H-441207460-black-MODEL.jpg",
            "price": 1799,
            "was-price": 1799,
            "name": "Textured Unstitched Dress Material",
            "url": "/aksk-creation-textured-unstitched-dress-material/p/441207460_black",
            "offer-price": 1346.99,
            "rating-count": 0,
            "cat1": "Women",
            "cat2": "Ethnic Wear",
            "cat3": "Dress Material",
            "brand": "aksk-creation"
        },
        {
            "product-id": "450144455",
            "avg-rating": "",
            "img-url": "https://assets.ajio.com/medias/sys_master/root/20211104/tpJG/6183196af997ddf8f1fa37cd/-78Wx98H-450144455-navy-MODEL.jpg",
            "price": 299,
            "was-price": 299,
            "name": "Thong-Strap Flip-Flops with Textured Footbed",
            "url": "/frisbee-thong-strap-flip-flops-with-textured-footbed/p/450144455_navy",
            "offer-price": 119.76,
            "rating-count": 0,
            "cat1": "Men",
            "cat2": "Footwear",
            "cat3": "Flip Flop & Slippers",
            "brand": "frisbee"
        },
        {
            "product-id": "441210993",
            "avg-rating": "",
            "img-url": "https://assets.ajio.com/medias/sys_master/root/20211030/lrxs/617c4cdaf997ddf8f1f29e5c/-78Wx98H-441210993-rama-MODEL.jpg",
            "price": 1799,
            "was-price": 1799,
            "name": "Printed Unstitched Dress Material",
            "url": "/poetic-piyani-printed-unstitched-dress-material/p/441210993_rama",
            "offer-price": 1346.99,
            "rating-count": 0,
            "cat1": "Women",
            "cat2": "Ethnic Wear",
            "cat3": "Dress Material",
            "brand": "poetic-piyani"
        },
        {
            "product-id": "450144437",
            "avg-rating": "",
            "img-url": "https://assets.ajio.com/medias/sys_master/root/20211104/i9ku/618318b0aeb2690110b972a1/-78Wx98H-450144437-white-MODEL.jpg",
            "price": 224,
            "was-price": 299,
            "name": "Thong-Strap Flip-Flops with Striped Footbed",
            "url": "/frisbee-thong-strap-flip-flops-with-striped-footbed/p/450144437_white",
            "offer-price": 167.43,
            "rating-count": 0,
            "cat1": "Men",
            "cat2": "Footwear",
            "cat3": "Flip Flop & Slippers",
            "brand": "frisbee"
        },
        {
            "product-id": "441194859",
            "avg-rating": "",
            "img-url": "https://assets.ajio.com/medias/sys_master/root/20211030/XCTu/617c4cc5f997ddf8f1f29d50/-78Wx98H-441194859-yellow-MODEL.jpg",
            "price": 1799,
            "was-price": 1799,
            "name": "Floral 3-piece Dress Material",
            "url": "/poetic-piyani-floral-3-piece-dress-material/p/441194859_yellow",
            "offer-price": 1346.99,
            "rating-count": 0,
            "cat1": "Women",
            "cat2": "Ethnic Wear",
            "cat3": "Dress Material",
            "brand": "poetic-piyani"
        },
        {
            "product-id": "450144448",
            "avg-rating": "",
            "img-url": "https://assets.ajio.com/medias/sys_master/root/20211104/UFYD/618318bcf997ddf8f1fa325a/-78Wx98H-450144448-navy-MODEL.jpg",
            "price": 374,
            "was-price": 499,
            "name": "Thong-Strap Flip-Flops with Textured Footbed",
            "url": "/frisbee-thong-strap-flip-flops-with-textured-footbed/p/450144448_navy",
            "offer-price": 279.56,
            "rating-count": 0,
            "cat1": "Men",
            "cat2": "Footwear",
            "cat3": "Flip Flop & Slippers",
            "brand": "frisbee"
        },
        {
            "product-id": "450144436",
            "avg-rating": "",
            "img-url": "https://assets.ajio.com/medias/sys_master/root/20211104/QKTn/6183192baeb2690110b9759a/-78Wx98H-450144436-blkgry-MODEL.jpg",
            "price": 299,
            "was-price": 299,
            "name": "Colourblock Thong-Strap Flip-Flops",
            "url": "/frisbee-colourblock-thong-strap-flip-flops/p/450144436_blkgry",
            "offer-price": 119.76,
            "rating-count": 0,
            "cat1": "Men",
            "cat2": "Footwear",
            "cat3": "Flip Flop & Slippers",
            "brand": "frisbee"
        },
        {
            "product-id": "450144458",
            "avg-rating": "",
            "img-url": "https://assets.ajio.com/medias/sys_master/root/20211104/3zq5/61831926aeb2690110b974e4/-78Wx98H-450144458-navy-MODEL.jpg",
            "price": 120,
            "was-price": 299,
            "name": "Thong-Strap Flip-Flops with Textured Footbed",
            "url": "/frisbee-thong-strap-flip-flops-with-textured-footbed/p/450144458_navy",
            "offer-price": 119.76,
            "rating-count": 0,
            "cat1": "Men",
            "cat2": "Footwear",
            "cat3": "Flip Flop & Slippers",
            "brand": "frisbee"
        },
        {
            "product-id": "450142354",
            "avg-rating": "",
            "img-url": "https://assets.ajio.com/medias/sys_master/root/20211104/nhag/61831a97aeb2690110b97d98/-78Wx98H-450142354-tan-MODEL.jpg",
            "price": 1999,
            "was-price": 1999,
            "name": "High-Top Zip-Up Casual Shoes",
            "url": "/cristofano-od-high-top-zip-up-casual-shoes/p/450142354_tan",
            "offer-price": 1122.37,
            "rating-count": 0,
            "cat1": "Men",
            "cat2": "Footwear",
            "cat3": "Casual Shoes",
            "brand": "cristofano-od"
        },
        {
            "product-id": "450142354",
            "avg-rating": "",
            "img-url": "https://assets.ajio.com/medias/sys_master/root/20211104/qCnJ/61831a68f997ddf8f1fa3c8d/-78Wx98H-450142354-brown-MODEL.jpg",
            "price": 1499,
            "was-price": 1999,
            "name": "High-Top Zip-Up Casual Shoes",
            "url": "/cristofano-od-high-top-zip-up-casual-shoes/p/450142354_brown",
            "offer-price": 1122.37,
            "rating-count": 0,
            "cat1": "Men",
            "cat2": "Footwear",
            "cat3": "Casual Shoes",
            "brand": "cristofano-od"
        },
        {
            "product-id": "450144442",
            "avg-rating": "",
            "img-url": "https://assets.ajio.com/medias/sys_master/root/20211104/nBRU/618318f1aeb2690110b97420/-78Wx98H-450144442-navy-MODEL.jpg",
            "price": 499,
            "was-price": 499,
            "name": "Men Thong-Strap Flip-Flops with Graphic Print Footbed",
            "url": "/frisbee-men-thong-strap-flip-flops-with-graphic-print-footbed/p/450144442_navy",
            "offer-price": 199.6,
            "rating-count": 0,
            "cat1": "Men",
            "cat2": "Footwear",
            "cat3": "Flip Flop & Slippers",
            "brand": "frisbee"
        },
        {
            "product-id": "450144454",
            "avg-rating": "",
            "img-url": "https://assets.ajio.com/medias/sys_master/root/20211104/IrtU/61831939aeb2690110b9765f/-78Wx98H-450144454-white-MODEL.jpg",
            "price": 399,
            "was-price": 399,
            "name": "Thong-Strap Flip-Flops with Graphic Print Footbed",
            "url": "/frisbee-thong-strap-flip-flops-with-graphic-print-footbed/p/450144454_white",
            "offer-price": 159.68,
            "rating-count": 0,
            "cat1": "Men",
            "cat2": "Footwear",
            "cat3": "Flip Flop & Slippers",
            "brand": "frisbee"
        },
        {
            "product-id": "450144443",
            "avg-rating": "",
            "img-url": "https://assets.ajio.com/medias/sys_master/root/20211104/ErN1/61831503f997ddf8f1fa1db9/-78Wx98H-450144443-navy-MODEL.jpg",
            "price": 160,
            "was-price": 399,
            "name": "Men Thong-Strap Flip-Flops with Graphic Print Footbed",
            "url": "/frisbee-men-thong-strap-flip-flops-with-graphic-print-footbed/p/450144443_navy",
            "offer-price": 159.68,
            "rating-count": 0,
            "cat1": "Men",
            "cat2": "Footwear",
            "cat3": "Flip Flop & Slippers",
            "brand": "frisbee"
        },
        {
            "product-id": "441164315",
            "avg-rating": "",
            "img-url": "https://assets.ajio.com/medias/sys_master/root/20211103/MEbZ/61819761aeb2690110b7995f/-78Wx98H-441164315-mustard-MODEL.jpg",
            "price": 2499,
            "was-price": 2499,
            "name": "Floral Print Shirt Dress with Insert Pocket",
            "url": "/rangriti-floral-print-shirt-dress-with-insert-pocket/p/441164315_mustard",
            "offer-price": 1872.68,
            "rating-count": 0,
            "cat1": "Women",
            "cat2": "Fusion Wear",
            "cat3": "Dresses & Gowns",
            "brand": "rangriti"
        },
        {
            "product-id": "441177424",
            "avg-rating": "",
            "img-url": "https://assets.ajio.com/medias/sys_master/root/20211030/o6ku/617c5168f997ddf8f1f2df45/-78Wx98H-441177424-blue-MODEL.jpg",
            "price": 1999,
            "was-price": 1999,
            "name": "Floral Print 3-piece Dress Material",
            "url": "/disha-floral-print-3-piece-dress-material/p/441177424_blue",
            "offer-price": 1498,
            "rating-count": 0,
            "cat1": "Women",
            "cat2": "Ethnic Wear",
            "cat3": "Dress Material",
            "brand": "disha"
        },
        {
            "product-id": "441192112",
            "avg-rating": "",
            "img-url": "https://assets.ajio.com/medias/sys_master/root/20211030/TLjE/617c52ebaeb2690110b28f01/-78Wx98H-441192112-black-MODEL.jpg",
            "price": 1151,
            "was-price": 1799,
            "name": "Embroidered 3-piece Dress Material",
            "url": "/chhabra-555-embroidered-3-piece-dress-material/p/441192112_black",
            "offer-price": 861.8,
            "rating-count": 0,
            "cat1": "Women",
            "cat2": "Ethnic Wear",
            "cat3": "Dress Material",
            "brand": "chhabra-555"
        },
        {
            "product-id": "441192117",
            "avg-rating": "",
            "img-url": "https://assets.ajio.com/medias/sys_master/root/20211030/usu0/617c5168f997ddf8f1f2df4a/-78Wx98H-441192117-pink-MODEL.jpg",
            "price": 1799,
            "was-price": 1799,
            "name": "Embroidered 3-piece Dress Material",
            "url": "/chhabra-555-embroidered-3-piece-dress-material/p/441192117_pink",
            "offer-price": 1346.99,
            "rating-count": 0,
            "cat1": "Women",
            "cat2": "Ethnic Wear",
            "cat3": "Dress Material",
            "brand": "chhabra-555"
        },
        {
            "product-id": "441207469",
            "avg-rating": "",
            "img-url": "https://assets.ajio.com/medias/sys_master/root/20211030/aV3b/617c40ffaeb2690110b21d3f/-78Wx98H-441207469-blue-MODEL.jpg",
            "price": 1499,
            "was-price": 1499,
            "name": "Mirror-Embellished Unstitched Dress Material",
            "url": "/aksk-creation-mirror-embellished-unstitched-dress-material/p/441207469_blue",
            "offer-price": 1122.37,
            "rating-count": 0,
            "cat1": "Women",
            "cat2": "Ethnic Wear",
            "cat3": "Dress Material",
            "brand": "aksk-creation"
        },
        {
            "product-id": "441124913",
            "avg-rating": "",
            "img-url": "https://assets.ajio.com/medias/sys_master/root/20211103/GxIi/61818fdfaeb2690110b76b3c/-78Wx98H-441124913-tintblue-MODEL.jpg",
            "price": 1699,
            "was-price": 1699,
            "name": "Men Mid-Wash Slim Fit Jeans",
            "url": "/dnmx-men-mid-wash-slim-fit-jeans/p/441124913_tintblue",
            "offer-price": 509.36,
            "rating-count": 0,
            "cat1": "Men",
            "cat2": "Western Wear",
            "cat3": "Jeans",
            "brand": "dnmx"
        },
        {
            "product-id": "441192045",
            "avg-rating": "",
            "img-url": "https://assets.ajio.com/medias/sys_master/root/20211030/WSvX/617c5127f997ddf8f1f2dcfa/-78Wx98H-441192045-green-MODEL.jpg",
            "price": 1699,
            "was-price": 1699,
            "name": "Embroidered 3-piece Dress Material",
            "url": "/aksk-creation-embroidered-3-piece-dress-material/p/441192045_green",
            "offer-price": 1272.12,
            "rating-count": 0,
            "cat1": "Women",
            "cat2": "Ethnic Wear",
            "cat3": "Dress Material",
            "brand": "aksk-creation"
        },
        {
            "product-id": "441194824",
            "avg-rating": "",
            "img-url": "https://assets.ajio.com/medias/sys_master/root/20211103/dHUp/6182a4aff997ddf8f1f923af/-78Wx98H-441194824-rama-MODEL.jpg",
            "price": 2199,
            "was-price": 2199,
            "name": "Embroidered 3-piece Dress Material",
            "url": "/poetic-piyani-embroidered-3-piece-dress-material/p/441194824_rama",
            "offer-price": 1647.87,
            "rating-count": 0,
            "cat1": "Women",
            "cat2": "Ethnic Wear",
            "cat3": "Dress Material",
            "brand": "poetic-piyani"
        },
        {
            "product-id": "441123136",
            "avg-rating": "",
            "img-url": "https://assets.ajio.com/medias/sys_master/root/20211103/mfYB/6181889eaeb2690110b751e1/-78Wx98H-441123136-white-MODEL.jpg",
            "price": 1049,
            "was-price": 1049,
            "name": "Slim Fit Shirt with Patch Pocket",
            "url": "/netplay-slim-fit-shirt-with-patch-pocket/p/441123136_white",
            "offer-price": 314.61,
            "rating-count": 0,
            "cat1": "Men",
            "cat2": "Western Wear",
            "cat3": "Shirts",
            "brand": "netplay"
        },
        {
            "product-id": "441127154",
            "avg-rating": "",
            "img-url": "https://assets.ajio.com/medias/sys_master/root/20210731/qFJq/61044a53aeb269a9e35b7a31/-78Wx98H-441127154-white-MODEL.jpg",
            "price": 369,
            "was-price": 369,
            "name": "Pack of 2 Solid Vests",
            "url": "/netplay-pack-of-2-solid-vests/p/441127154_white",
            "offer-price": 192.85,
            "rating-count": 0,
            "cat1": "Men",
            "cat2": "Inner Wear",
            "cat3": "Vests",
            "brand": "netplay"
        },
        {
            "product-id": "441175142",
            "avg-rating": "",
            "img-url": "https://assets.ajio.com/medias/sys_master/root/20211030/mRHJ/617c40f7aeb2690110b21c87/-78Wx98H-441175142-pink-MODEL.jpg",
            "price": 1279,
            "was-price": 1999,
            "name": "Embroidered Unstitched Dress Material",
            "url": "/chhabra-555-embroidered-unstitched-dress-material/p/441175142_pink",
            "offer-price": 957.64,
            "rating-count": 0,
            "cat1": "Women",
            "cat2": "Ethnic Wear",
            "cat3": "Dress Material",
            "brand": "chhabra-555"
        },
        {
            "product-id": "441123268",
            "avg-rating": "",
            "img-url": "https://assets.ajio.com/medias/sys_master/root/20211103/Ryy2/6181ab13f997ddf8f1f89d8b/-78Wx98H-441123268-navy-MODEL.jpg",
            "price": 390,
            "was-price": 1299,
            "name": "Men Checked Slim Fit Shirt",
            "url": "/netplay-men-checked-slim-fit-shirt/p/441123268_navy",
            "offer-price": 389.51,
            "rating-count": 0,
            "cat1": "Men",
            "cat2": "Western Wear",
            "cat3": "Shirts",
            "brand": "netplay"
        },
        {
            "product-id": "441123383",
            "avg-rating": "",
            "img-url": "https://assets.ajio.com/medias/sys_master/root/20211103/8Mxt/6181a2b8f997ddf8f1f858b8/-78Wx98H-441123383-rust-MODEL.jpg",
            "price": 1299,
            "was-price": 1299,
            "name": "Slim Fit Shirt with Patch Pocket",
            "url": "/netplay-slim-fit-shirt-with-patch-pocket/p/441123383_rust",
            "offer-price": 389.51,
            "rating-count": 0,
            "cat1": "Men",
            "cat2": "Western Wear",
            "cat3": "Shirts",
            "brand": "netplay"
        },
        {
            "product-id": "450143522",
            "avg-rating": "",
            "img-url": "https://assets.ajio.com/medias/sys_master/root/20211104/HdV2/618319ecaeb2690110b97991/-78Wx98H-450143522-grey-MODEL.jpg",
            "price": 1299,
            "was-price": 1299,
            "name": "Low-Top Lace-Up Sports Shoes",
            "url": "/performax-low-top-lace-up-sports-shoes/p/450143522_grey",
            "offer-price": 291.52,
            "rating-count": 0,
            "cat1": "Men",
            "cat2": "Footwear",
            "cat3": "Sports Shoes",
            "brand": "performax"
        },
        {
            "product-id": "441211785",
            "avg-rating": "",
            "img-url": "https://assets.ajio.com/medias/sys_master/root/20211030/aBAA/617c4ee2aeb2690110b26310/-78Wx98H-441211785-indigo-MODEL.jpg",
            "price": 699,
            "was-price": 699,
            "name": "Slim Fit Henley T-shirt",
            "url": "/john-players-jeans-slim-fit-henley-t-shirt/p/441211785_indigo",
            "offer-price": 279.44,
            "rating-count": 0,
            "cat1": "Men",
            "cat2": "Western Wear",
            "cat3": "Tshirts",
            "brand": "john-players-jeans"
        }
    ],
    "ajio": [],
    "": []
}