{
    "": [],
    "ajio": [],
    "trends.ajio": [
        {
            "product-id": "441121240",
            "avg-rating": "",
            "img-url": "https://assets.ajio.com/medias/sys_master/root/20210730/zh31/6103f321f997ddb31240d3b9/-78Wx98H-441121240-navy-MODEL.jpg",
            "price": 3299,
            "was-price": 3299,
            "name": "Puffer Jacket with Fur-Lined Hood",
            "url": "/dnmx-puffer-jacket-with-fur-lined-hood/p/441121240_navy",
            "offer-price": 989,
            "rating-count": 0,
            "cat1": "Women",
            "cat2": "Western Wear",
            "cat3": "Jackets & Coats",
            "brand": "dnmx"
        },
        {
            "product-id": "441120077",
            "avg-rating": "",
            "img-url": "https://assets.ajio.com/medias/sys_master/root/20210803/Fyli/61088073aeb269a268667376/-78Wx98H-441120077-khaki-MODEL.jpg",
            "price": 1199,
            "was-price": 1199,
            "name": "Mid-Rise Cargo Shorts with Upturned Hems",
            "url": "/dnmx-mid-rise-cargo-shorts-with-upturned-hems/p/441120077_khaki",
            "offer-price": 359.55,
            "rating-count": 0,
            "cat1": "Men",
            "cat2": "Western Wear",
            "cat3": "Shorts & 3/4ths",
            "brand": "dnmx"
        },
        {
            "product-id": "441124501",
            "avg-rating": "",
            "img-url": "https://assets.ajio.com/medias/sys_master/root/20210803/VmKu/61088e0e7cdb8cb824e80e12/-78Wx98H-441124501-navy-MODEL.jpg",
            "price": 1499,
            "was-price": 1499,
            "name": "Tapered Chinos with Semi-Elasticated Waist",
            "url": "/netplay-tapered-chinos-with-semi-elasticated-waist/p/441124501_navy",
            "offer-price": 449.44,
            "rating-count": 0,
            "cat1": "Men",
            "cat2": "Western Wear",
            "cat3": "Trousers & Pants",
            "brand": "netplay"
        },
        {
            "product-id": "441185653",
            "avg-rating": "",
            "img-url": "https://assets.ajio.com/medias/sys_master/root/20210610/9d4y/60c23ee5f997ddb312c5194a/-78Wx98H-441185653-black-MODEL.jpg",
            "price": 1199,
            "was-price": 1199,
            "name": "Striped V-neck Top",
            "url": "/kraus-striped-v-neck-top/p/441185653_black",
            "offer-price": 448.48,
            "rating-count": 0,
            "cat1": "Women",
            "cat2": "Western Wear",
            "cat3": "Tops",
            "brand": "kraus"
        },
        {
            "product-id": "441124501",
            "avg-rating": "",
            "img-url": "https://assets.ajio.com/medias/sys_master/root/20210803/jgzA/6108816baeb269a26866768e/-78Wx98H-441124501-khaki-MODEL.jpg",
            "price": 1499,
            "was-price": 1499,
            "name": "Tapered Chinos with Semi-Elasticated Waist",
            "url": "/netplay-tapered-chinos-with-semi-elasticated-waist/p/441124501_khaki",
            "offer-price": 449.44,
            "rating-count": 0,
            "cat1": "Men",
            "cat2": "Western Wear",
            "cat3": "Trousers & Pants",
            "brand": "netplay"
        },
        {
            "product-id": "441120100",
            "avg-rating": "",
            "img-url": "https://assets.ajio.com/medias/sys_master/root/20210703/xZKf/60df5e81f997ddb312196030/-78Wx98H-441120100-blue-MODEL.jpg",
            "price": 570,
            "was-price": 1899,
            "name": "Men Lightly Washed Jogger Jeans",
            "url": "/dnmx-men-lightly-washed-jogger-jeans/p/441120100_blue",
            "offer-price": 569.29,
            "rating-count": 0,
            "cat1": "Men",
            "cat2": "Western Wear",
            "cat3": "Jeans",
            "brand": "dnmx"
        },
        {
            "product-id": "441177994",
            "avg-rating": "",
            "img-url": "https://assets.ajio.com/medias/sys_master/root/20210730/ZBHD/6103f497aeb269a9e35b0175/-78Wx98H-441177994-multi-MODEL.jpg",
            "price": 149,
            "was-price": 149,
            "name": "Pack of 3 Handkerchiefs",
            "url": "/dnmx-pack-of-3-handkerchiefs/p/441177994_multi",
            "offer-price": 111.37,
            "rating-count": 0,
            "cat1": "Women",
            "cat2": "Clothing Accessories",
            "cat3": "Handkerchiefs",
            "brand": "dnmx"
        },
        {
            "product-id": "450143394",
            "avg-rating": "",
            "img-url": "https://assets.ajio.com/medias/sys_master/root/20210729/YaMQ/6101ac11aeb269a9e3581448/-78Wx98H-450143394-white-MODEL.jpg",
            "price": 1499,
            "was-price": 1499,
            "name": "Lace-Up Sports Shoes",
            "url": "/performax-lace-up-sports-shoes/p/450143394_white",
            "offer-price": 336.36,
            "rating-count": 0,
            "cat1": "Men",
            "cat2": "Footwear",
            "cat3": "Sports Shoes",
            "brand": "performax"
        },
        {
            "product-id": "450143454",
            "avg-rating": "",
            "img-url": "https://assets.ajio.com/medias/sys_master/root/20210729/EGMH/6101aa94f997ddb3123dc371/-78Wx98H-450143454-ltblue-MODEL.jpg",
            "price": 2999,
            "was-price": 2999,
            "name": "Lace-Up Training Shoes",
            "url": "/performax-lace-up-training-shoes/p/450143454_ltblue",
            "offer-price": 672.73,
            "rating-count": 0,
            "cat1": "Women",
            "cat2": "Footwear",
            "cat3": "Sports Shoes",
            "brand": "performax"
        },
        {
            "product-id": "441120097",
            "avg-rating": "",
            "img-url": "https://assets.ajio.com/medias/sys_master/root/20210703/GwIY/60df5fe7f997ddb312196632/-78Wx98H-441120097-jetblack-MODEL.jpg",
            "price": 570,
            "was-price": 1899,
            "name": "Men Mid-Rise Skinny Fit Jeans",
            "url": "/dnmx-men-mid-rise-skinny-fit-jeans/p/441120097_jetblack",
            "offer-price": 569.29,
            "rating-count": 0,
            "cat1": "Men",
            "cat2": "Western Wear",
            "cat3": "Jeans",
            "brand": "dnmx"
        },
        {
            "product-id": "441185740",
            "avg-rating": "",
            "img-url": "https://assets.ajio.com/medias/sys_master/root/20210610/3qzG/60c2324cf997ddb312c4e59c/-78Wx98H-441185740-pink-MODEL.jpg",
            "price": 1199,
            "was-price": 1199,
            "name": "Polka-Dot Print Strappy Cold-Shoulder Top",
            "url": "/kraus-polka-dot-print-strappy-cold-shoulder-top/p/441185740_pink",
            "offer-price": 448.48,
            "rating-count": 0,
            "cat1": "Women",
            "cat2": "Western Wear",
            "cat3": "Tops",
            "brand": "kraus"
        },
        {
            "product-id": "450144125",
            "avg-rating": "",
            "img-url": "https://assets.ajio.com/medias/sys_master/root/20210729/TMw2/6101a663aeb269a9e3580154/-78Wx98H-450144125-mustard-MODEL.jpg",
            "price": 200,
            "was-price": 499,
            "name": "Texture Panelled Square-Toe Ballerinas",
            "url": "/hi-attitude-texture-panelled-square-toe-ballerinas/p/450144125_mustard",
            "offer-price": 199.6,
            "rating-count": 0,
            "cat1": "Women",
            "cat2": "Footwear",
            "cat3": "Flat Shoes",
            "brand": "hi-attitude"
        },
        {
            "product-id": "441121066",
            "avg-rating": "",
            "img-url": "https://assets.ajio.com/medias/sys_master/root/20210803/CPDE/61084dd5f997ddb31244d8c9/-78Wx98H-441121066-beige-MODEL.jpg",
            "price": 450,
            "was-price": 1499,
            "name": "Checked Mid-Rise Flat-Front Cropped Slim Fit Chinos",
            "url": "/netplay-checked-mid-rise-flat-front-cropped-slim-fit-chinos/p/441121066_beige",
            "offer-price": 449.44,
            "rating-count": 0,
            "cat1": "Men",
            "cat2": "Western Wear",
            "cat3": "Trousers & Pants",
            "brand": "netplay"
        },
        {
            "product-id": "450140987",
            "avg-rating": "",
            "img-url": "https://assets.ajio.com/medias/sys_master/root/20210729/8Dwl/6101a8c3f997ddb3123dbcef/-78Wx98H-450140987-pink-MODEL.jpg",
            "price": 900,
            "was-price": 1799,
            "name": "Lace-Up Sports Shoes",
            "url": "/performax-lace-up-sports-shoes/p/450140987_pink",
            "offer-price": 672.73,
            "rating-count": 0,
            "cat1": "Women",
            "cat2": "Footwear",
            "cat3": "Sports Shoes",
            "brand": "performax"
        },
        {
            "product-id": "450140987",
            "avg-rating": "",
            "img-url": "https://assets.ajio.com/medias/sys_master/root/20210729/4NbE/6101a8d0f997ddb3123dbd5a/-78Wx98H-450140987-black-MODEL.jpg",
            "price": 900,
            "was-price": 1799,
            "name": "Lace-Up Sports Shoes",
            "url": "/performax-lace-up-sports-shoes/p/450140987_black",
            "offer-price": 672.73,
            "rating-count": 0,
            "cat1": "Women",
            "cat2": "Footwear",
            "cat3": "Sports Shoes",
            "brand": "performax"
        },
        {
            "product-id": "441116847",
            "avg-rating": "",
            "img-url": "https://assets.ajio.com/medias/sys_master/root/20210731/FL9U/61044b4bf997ddb312417367/-78Wx98H-441116847-mediumblue-MODEL.jpg",
            "price": 390,
            "was-price": 1299,
            "name": "Printed Shirt with Mandarin Collar",
            "url": "/dnmx-printed-shirt-with-mandarin-collar/p/441116847_mediumblue",
            "offer-price": 389.51,
            "rating-count": 0,
            "cat1": "Men",
            "cat2": "Western Wear",
            "cat3": "Shirts",
            "brand": "dnmx"
        },
        {
            "product-id": "450143549",
            "avg-rating": "",
            "img-url": "https://assets.ajio.com/medias/sys_master/root/20210729/blyg/6101af4cf997ddb3123dd751/-78Wx98H-450143549-black-MODEL.jpg",
            "price": 500,
            "was-price": 999,
            "name": "Textured Lace-Up Performance Shoes",
            "url": "/performax-textured-lace-up-performance-shoes/p/450143549_black",
            "offer-price": 373.74,
            "rating-count": 0,
            "cat1": "Men",
            "cat2": "Footwear",
            "cat3": "Sports Shoes",
            "brand": "performax"
        },
        {
            "product-id": "450144380",
            "avg-rating": "",
            "img-url": "https://assets.ajio.com/medias/sys_master/root/20210803/3OPy/61084314f997ddb31244a600/-78Wx98H-450144380-brown-MODEL.jpg",
            "price": 2699,
            "was-price": 4499,
            "name": "Textured Sandals with Velcro Fastening",
            "url": "/clarks-textured-sandals-with-velcro-fastening/p/450144380_brown",
            "offer-price": 2022.56,
            "rating-count": 0,
            "cat1": "Men",
            "cat2": "Footwear",
            "cat3": "Sandals",
            "brand": "clarks"
        },
        {
            "product-id": "441121066",
            "avg-rating": "",
            "img-url": "https://assets.ajio.com/medias/sys_master/root/20210803/F8Pz/61084043f997ddb3124497ae/-78Wx98H-441121066-navy-MODEL.jpg",
            "price": 1499,
            "was-price": 1499,
            "name": "Checked Mid-Rise Flat-Front Cropped Slim Fit Chinos",
            "url": "/netplay-checked-mid-rise-flat-front-cropped-slim-fit-chinos/p/441121066_navy",
            "offer-price": 449.44,
            "rating-count": 0,
            "cat1": "Men",
            "cat2": "Western Wear",
            "cat3": "Trousers & Pants",
            "brand": "netplay"
        },
        {
            "product-id": "441121026",
            "avg-rating": "",
            "img-url": "https://assets.ajio.com/medias/sys_master/root/20210730/Iw2V/6103f39eaeb269a9e35afd97/-78Wx98H-441121026-mustard-MODEL.jpg",
            "price": 390,
            "was-price": 1299,
            "name": "Patterned-Knit Round-Neck Pullover",
            "url": "/fig-patterned-knit-round-neck-pullover/p/441121026_mustard",
            "offer-price": 389.51,
            "rating-count": 0,
            "cat1": "Women",
            "cat2": "Western Wear",
            "cat3": "Sweaters & Cardigans",
            "brand": "fig"
        },
        {
            "product-id": "450144144",
            "avg-rating": "",
            "img-url": "https://assets.ajio.com/medias/sys_master/root/20210729/cQ8p/6101ab16f997ddb3123dc66d/-78Wx98H-450144144-rosegold-MODEL.jpg",
            "price": 374,
            "was-price": 499,
            "name": "Round-Toe Slip-On Ballerinas",
            "url": "/hi-attitude-round-toe-slip-on-ballerinas/p/450144144_rosegold",
            "offer-price": 279.56,
            "rating-count": 0,
            "cat1": "Women",
            "cat2": "Footwear",
            "cat3": "Flat Shoes",
            "brand": "hi-attitude"
        },
        {
            "product-id": "450144145",
            "avg-rating": "",
            "img-url": "https://assets.ajio.com/medias/sys_master/root/20210729/MQNo/6101a574f997ddb3123dadb1/-78Wx98H-450144145-black-MODEL.jpg",
            "price": 374,
            "was-price": 499,
            "name": "Pointed-Toe Slip-On Ballerinas",
            "url": "/hi-attitude-pointed-toe-slip-on-ballerinas/p/450144145_black",
            "offer-price": 279.56,
            "rating-count": 0,
            "cat1": "Women",
            "cat2": "Footwear",
            "cat3": "Flat Shoes",
            "brand": "hi-attitude"
        },
        {
            "product-id": "450144316",
            "avg-rating": "",
            "img-url": "https://assets.ajio.com/medias/sys_master/root/20210729/Q7DZ/6101a504f997ddb3123dac2f/-78Wx98H-450144316-pink-MODEL.jpg",
            "price": 100,
            "was-price": 249,
            "name": "Floral Print Thong-Strap Flip-Flops",
            "url": "/frisbee-floral-print-thong-strap-flip-flops/p/450144316_pink",
            "offer-price": 99.8,
            "rating-count": 0,
            "cat1": "Women",
            "cat2": "Footwear",
            "cat3": "Flip Flop & Slippers",
            "brand": "frisbee"
        },
        {
            "product-id": "441123117",
            "avg-rating": "",
            "img-url": "https://assets.ajio.com/medias/sys_master/root/20210730/qqeb/6103f589aeb269a9e35b0480/-78Wx98H-441123117-ltgrey-MODEL.jpg",
            "price": 2299,
            "was-price": 2299,
            "name": "Quilted Fur-Neckline Jacket with Insert Pockets",
            "url": "/rio-quilted-fur-neckline-jacket-with-insert-pockets/p/441123117_ltgrey",
            "offer-price": 689.14,
            "rating-count": 0,
            "cat1": "Women",
            "cat2": "Western Wear",
            "cat3": "Jackets & Coats",
            "brand": "rio"
        },
        {
            "product-id": "441123117",
            "avg-rating": "",
            "img-url": "https://assets.ajio.com/medias/sys_master/root/20210730/vluK/6103f2a9f997ddb31240d179/-78Wx98H-441123117-ltpink-MODEL.jpg",
            "price": 2299,
            "was-price": 2299,
            "name": "Quilted Fur-Neckline Jacket with Insert Pockets",
            "url": "/rio-quilted-fur-neckline-jacket-with-insert-pockets/p/441123117_ltpink",
            "offer-price": 689.14,
            "rating-count": 0,
            "cat1": "Women",
            "cat2": "Western Wear",
            "cat3": "Jackets & Coats",
            "brand": "rio"
        },
        {
            "product-id": "441124497",
            "avg-rating": "",
            "img-url": "https://assets.ajio.com/medias/sys_master/root/20210803/WBXT/61088075f997dd85166a0870/-78Wx98H-441124497-stone-MODEL.jpg",
            "price": 1499,
            "was-price": 1499,
            "name": "Tapered Fit Flat-Front Trousers with Inner Elasticated Waist",
            "url": "/netplay-tapered-fit-flat-front-trousers-with-inner-elasticated-waist/p/441124497_stone",
            "offer-price": 449.44,
            "rating-count": 0,
            "cat1": "Men",
            "cat2": "Western Wear",
            "cat3": "Trousers & Pants",
            "brand": "netplay"
        },
        {
            "product-id": "441185661",
            "avg-rating": "",
            "img-url": "https://assets.ajio.com/medias/sys_master/root/20210610/QFkf/60c233a8f997ddb312c4eb0c/-78Wx98H-441185661-red-MODEL.jpg",
            "price": 1199,
            "was-price": 1199,
            "name": "Checked Cold-Shoulder Top",
            "url": "/kraus-checked-cold-shoulder-top/p/441185661_red",
            "offer-price": 448.48,
            "rating-count": 0,
            "cat1": "Women",
            "cat2": "Western Wear",
            "cat3": "Tops",
            "brand": "kraus"
        },
        {
            "product-id": "450140595",
            "avg-rating": "",
            "img-url": "https://assets.ajio.com/medias/sys_master/root/20210729/7pyQ/6101a9b4aeb269a9e3580c57/-78Wx98H-450140595-rosegold-MODEL.jpg",
            "price": 499,
            "was-price": 499,
            "name": "Thong-Strap Flat Sandals",
            "url": "/inblu-thong-strap-flat-sandals/p/450140595_rosegold",
            "offer-price": 199.6,
            "rating-count": 0,
            "cat1": "Women",
            "cat2": "Footwear",
            "cat3": "Flat Sandals",
            "brand": "inblu"
        },
        {
            "product-id": "450140657",
            "avg-rating": "",
            "img-url": "https://assets.ajio.com/medias/sys_master/root/20210729/noVT/6101a8b6f997ddb3123dbbc3/-78Wx98H-450140657-whtnvy-MODEL.jpg",
            "price": 750,
            "was-price": 2499,
            "name": "Flyfoam  Training Shoes",
            "url": "/performax-flyfoam-training-shoes/p/450140657_whtnvy",
            "offer-price": 560.61,
            "rating-count": 0,
            "cat1": "Men",
            "cat2": "Footwear",
            "cat3": "Sports Shoes",
            "brand": "performax"
        },
        {
            "product-id": "441185741",
            "avg-rating": "",
            "img-url": "https://assets.ajio.com/medias/sys_master/root/20210610/m3I2/60c22fe3f997ddb312c4da2d/-78Wx98H-441185741-peach-MODEL.jpg",
            "price": 1299,
            "was-price": 1299,
            "name": "Lace Top with Neckline Tie-Up",
            "url": "/kraus-lace-top-with-neckline-tie-up/p/441185741_peach",
            "offer-price": 485.86,
            "rating-count": 0,
            "cat1": "Women",
            "cat2": "Western Wear",
            "cat3": "Tops",
            "brand": "kraus"
        },
        {
            "product-id": "441185410",
            "avg-rating": "",
            "img-url": "https://assets.ajio.com/medias/sys_master/root/20210610/O778/60c23684aeb269a9e3e3a106/-78Wx98H-441185410-blue-MODEL.jpg",
            "price": 1495,
            "was-price": 1495,
            "name": "Skinny Jeggings with Elasticated Waist",
            "url": "/kraus-skinny-jeggings-with-elasticated-waist/p/441185410_blue",
            "offer-price": 559.11,
            "rating-count": 0,
            "cat1": "Women",
            "cat2": "Western Wear",
            "cat3": "Jeans & Jeggings",
            "brand": "kraus"
        },
        {
            "product-id": "441133037",
            "avg-rating": "",
            "img-url": "https://assets.ajio.com/medias/sys_master/root/20211123/x1IX/619c051aaeb2690110d16bf5/-78Wx98H-441133037-peach-MODEL.jpg",
            "price": 999,
            "was-price": 999,
            "name": "Embroidered Flared Kurta with Shirt Collar",
            "url": "/siyahi-embroidered-flared-kurta-with-shirt-collar/p/441133037_peach",
            "offer-price": 299.62,
            "rating-count": 0,
            "cat1": "Women",
            "cat2": "Ethnic Wear",
            "cat3": "Kurtas",
            "brand": "siyahi"
        },
        {
            "product-id": "441129433",
            "avg-rating": "",
            "img-url": "https://assets.ajio.com/medias/sys_master/root/20211123/dBOd/619c17b3aeb2690110d27f60/-78Wx98H-441129433-olive-MODEL.jpg",
            "price": 1499,
            "was-price": 1499,
            "name": "Camouflage Print Slim Cargo Shorts",
            "url": "/john-players-jeans-camouflage-print-slim-cargo-shorts/p/441129433_olive",
            "offer-price": 509.66,
            "rating-count": 0,
            "cat1": "Men",
            "cat2": "Western Wear",
            "cat3": "Shorts & 3/4ths",
            "brand": "john-players-jeans"
        },
        {
            "product-id": "441134508",
            "avg-rating": "",
            "img-url": "https://assets.ajio.com/medias/sys_master/root/20211118/2Y5X/61955b95aeb2690110ca9358/-78Wx98H-441134508-blue-MODEL.jpg",
            "price": 999,
            "was-price": 999,
            "name": "Striped Slim Fit Long Kurta",
            "url": "/netplay-striped-slim-fit-long-kurta/p/441134508_blue",
            "offer-price": 299.62,
            "rating-count": 0,
            "cat1": "Men",
            "cat2": "Ethnic Wear",
            "cat3": "Kurtas",
            "brand": "netplay"
        },
        {
            "product-id": "441120068",
            "avg-rating": "",
            "img-url": "https://assets.ajio.com/medias/sys_master/root/20211123/eBxA/619bf662aeb2690110d0c3a8/-78Wx98H-441120068-bluemelange-MODEL.jpg",
            "price": 300,
            "was-price": 999,
            "name": "Regular Fit Polo T-Shirt with Tipping",
            "url": "/netplay-regular-fit-polo-t-shirt-with-tipping/p/441120068_bluemelange",
            "offer-price": 299.62,
            "rating-count": 0,
            "cat1": "Men",
            "cat2": "Western Wear",
            "cat3": "Tshirts",
            "brand": "netplay"
        },
        {
            "product-id": "440870851",
            "avg-rating": "",
            "img-url": "https://assets.ajio.com/medias/sys_master/root/20210925/XUmO/614e5a22f997ddce89e07895/-78Wx98H-440870851-junglegreen-MODEL.jpg",
            "price": 899,
            "was-price": 899,
            "name": "Micro Print Slim Fit Shirt with Patch Pocket",
            "url": "/ecko-micro-print-slim-fit-shirt-with-patch-pocket/p/440870851_junglegreen",
            "offer-price": 671.98,
            "rating-count": 0,
            "cat1": "Men",
            "cat2": "Western Wear",
            "cat3": "Shirts",
            "brand": "ecko"
        },
        {
            "product-id": "440929175",
            "avg-rating": "",
            "img-url": "https://assets.ajio.com/medias/sys_master/root/20211002/CGzl/615768c9f997ddce89ec73b3/-78Wx98H-440929175-maroonburg-MODEL.jpg",
            "price": 1249,
            "was-price": 1249,
            "name": "Checked Slim Fit Shirt with Patch Pocket",
            "url": "/ecko-checked-slim-fit-shirt-with-patch-pocket/p/440929175_maroonburg",
            "offer-price": 935.18,
            "rating-count": 0,
            "cat1": "Men",
            "cat2": "Western Wear",
            "cat3": "Shirts",
            "brand": "ecko"
        },
        {
            "product-id": "441175133",
            "avg-rating": "",
            "img-url": "https://assets.ajio.com/medias/sys_master/root/20210630/BsIV/60db6b10aeb269a9e330a5d6/-78Wx98H-441175133-red-MODEL.jpg",
            "price": 1087,
            "was-price": 1699,
            "name": "Striped 3-Piece Unstitched Dress Material",
            "url": "/chhabra-555-striped-3-piece-unstitched-dress-material/p/441175133_red",
            "offer-price": 813.88,
            "rating-count": 0,
            "cat1": "Women",
            "cat2": "Ethnic Wear",
            "cat3": "Dress Material",
            "brand": "chhabra-555"
        },
        {
            "product-id": "440929165",
            "avg-rating": "",
            "img-url": "https://assets.ajio.com/medias/sys_master/root/20211001/HL5p/6156ec91f997ddce89eb41d7/-78Wx98H-440929165-maroonburg-MODEL.jpg",
            "price": 1249,
            "was-price": 1249,
            "name": "Checked Slim Fit Shirt with Patch Pocket",
            "url": "/ecko-checked-slim-fit-shirt-with-patch-pocket/p/440929165_maroonburg",
            "offer-price": 935.18,
            "rating-count": 0,
            "cat1": "Men",
            "cat2": "Western Wear",
            "cat3": "Shirts",
            "brand": "ecko"
        },
        {
            "product-id": "441134056",
            "avg-rating": "",
            "img-url": "https://assets.ajio.com/medias/sys_master/root/20211123/LPpO/619bf2a7f997ddf8f1129790/-78Wx98H-441134056-ltblue-MODEL.jpg",
            "price": 1299,
            "was-price": 1299,
            "name": "Embroidered Flared Kurta",
            "url": "/avaasa-mix-n-match-embroidered-flared-kurta/p/441134056_ltblue",
            "offer-price": 389.51,
            "rating-count": 0,
            "cat1": "Women",
            "cat2": "Ethnic Wear",
            "cat3": "Kurtas",
            "brand": "avaasa-mix-n-match"
        },
        {
            "product-id": "440909397",
            "avg-rating": "",
            "img-url": "https://assets.ajio.com/medias/sys_master/root/20210925/5xAA/614e788baeb269a268a73537/-78Wx98H-440909397-ltblue-MODEL.jpg",
            "price": 1749,
            "was-price": 1749,
            "name": "Heavily-Washed Slim Fit Jeans",
            "url": "/ecko-heavily-washed-slim-fit-jeans/p/440909397_ltblue",
            "offer-price": 594.66,
            "rating-count": 0,
            "cat1": "Men",
            "cat2": "Western Wear",
            "cat3": "Jeans",
            "brand": "ecko"
        },
        {
            "product-id": "440929176",
            "avg-rating": "",
            "img-url": "https://assets.ajio.com/medias/sys_master/root/20211002/miEo/61586ceff997ddce89efecb5/-78Wx98H-440929176-greymelange-MODEL.jpg",
            "price": 1249,
            "was-price": 1249,
            "name": "Checked Slim Fit Shirt with Patch Pocket",
            "url": "/ecko-checked-slim-fit-shirt-with-patch-pocket/p/440929176_greymelange",
            "offer-price": 935.18,
            "rating-count": 0,
            "cat1": "Men",
            "cat2": "Western Wear",
            "cat3": "Shirts",
            "brand": "ecko"
        },
        {
            "product-id": "441228343",
            "avg-rating": "",
            "img-url": "https://assets.ajio.com/medias/sys_master/root/20211119/UuWJ/6197c1a0aeb2690110cd6cb0/-78Wx98H-441228343-orange-MODEL.jpg",
            "price": 1499,
            "was-price": 1499,
            "name": "Solid Round-Neck Sweater",
            "url": "/species-solid-round-neck-sweater/p/441228343_orange",
            "offer-price": 1122.37,
            "rating-count": 0,
            "cat1": "Women",
            "cat2": "Western Wear",
            "cat3": "Sweaters & Cardigans",
            "brand": "species"
        },
        {
            "product-id": "440977796",
            "avg-rating": "",
            "img-url": "https://assets.ajio.com/medias/sys_master/root/20211125/M7Dv/619e951ff997ddf8f11a118f/-78Wx98H-440977796-ltgrey-MODEL.jpg",
            "price": 1099,
            "was-price": 1099,
            "name": "Printed Slim Fit Shirt with Patch Pocket",
            "url": "/ecko-printed-slim-fit-shirt-with-patch-pocket/p/440977796_ltgrey",
            "offer-price": 822.87,
            "rating-count": 0,
            "cat1": "Men",
            "cat2": "Western Wear",
            "cat3": "Shirts",
            "brand": "ecko"
        },
        {
            "product-id": "440909411",
            "avg-rating": "",
            "img-url": "https://assets.ajio.com/medias/sys_master/root/20210925/8fN0/614e6559aeb269a268a6f234/-78Wx98H-440909411-ltblue-MODEL.jpg",
            "price": 1949,
            "was-price": 1949,
            "name": "Distressed Tapered Fit Jeans",
            "url": "/ecko-distressed-tapered-fit-jeans/p/440909411_ltblue",
            "offer-price": 662.66,
            "rating-count": 0,
            "cat1": "Men",
            "cat2": "Western Wear",
            "cat3": "Jeans",
            "brand": "ecko"
        },
        {
            "product-id": "440929031",
            "avg-rating": "",
            "img-url": "https://assets.ajio.com/medias/sys_master/root/20210925/RdGK/614e6d4eaeb269a268a70d87/-78Wx98H-440929031-black-MODEL.jpg",
            "price": 1899,
            "was-price": 1899,
            "name": "Mid-Wash Mid-Rise 5-Pocket Slim Jeans",
            "url": "/ecko-mid-wash-mid-rise-5-pocket-slim-jeans/p/440929031_black",
            "offer-price": 1421.86,
            "rating-count": 0,
            "cat1": "Men",
            "cat2": "Western Wear",
            "cat3": "Jeans",
            "brand": "ecko"
        },
        {
            "product-id": "441155666",
            "avg-rating": "",
            "img-url": "https://assets.ajio.com/medias/sys_master/root/20211119/TpZg/6197c237f997ddf8f10f21c1/-78Wx98H-441155666-black-MODEL.jpg",
            "price": 1999,
            "was-price": 1999,
            "name": "Striped Round-Neck Pullover with Drop Shoulders",
            "url": "/species-striped-round-neck-pullover-with-drop-shoulders/p/441155666_black",
            "offer-price": 1498,
            "rating-count": 0,
            "cat1": "Women",
            "cat2": "Western Wear",
            "cat3": "Sweaters & Cardigans",
            "brand": "species"
        },
        {
            "product-id": "441129934",
            "avg-rating": "",
            "img-url": "https://assets.ajio.com/medias/sys_master/root/20211123/0i2S/619bf1bff997ddf8f1129327/-78Wx98H-441129934-grey-MODEL.jpg",
            "price": 999,
            "was-price": 999,
            "name": "Printed High-Low A-line Kurta",
            "url": "/siyahi-printed-high-low-a-line-kurta/p/441129934_grey",
            "offer-price": 299.62,
            "rating-count": 0,
            "cat1": "Women",
            "cat2": "Ethnic Wear",
            "cat3": "Kurtas",
            "brand": "siyahi"
        },
        {
            "product-id": "441134705",
            "avg-rating": "",
            "img-url": "https://assets.ajio.com/medias/sys_master/root/20211123/lvl2/619bf751f997ddf8f112ac96/-78Wx98H-441134705-burgandy-MODEL.jpg",
            "price": 1899,
            "was-price": 1899,
            "name": "Textured Straight Kurta Set",
            "url": "/avaasa-set-textured-straight-kurta-set/p/441134705_burgandy",
            "offer-price": 569.29,
            "rating-count": 0,
            "cat1": "Women",
            "cat2": "Ethnic Wear",
            "cat3": "Kurta-Bottom Set",
            "brand": "avaasa-set"
        },
        {
            "product-id": "440996815",
            "avg-rating": "",
            "img-url": "https://assets.ajio.com/medias/sys_master/root/20211125/nRuF/619e890ff997ddf8f119dc3f/-78Wx98H-440996815-darkblue-MODEL.jpg",
            "price": 499,
            "was-price": 499,
            "name": "Typographic Print Slim Fit Crew-Neck T-shirt",
            "url": "/ecko-typographic-print-slim-fit-crew-neck-t-shirt/p/440996815_darkblue",
            "offer-price": 199.6,
            "rating-count": 0,
            "cat1": "Men",
            "cat2": "Western Wear",
            "cat3": "Tshirts",
            "brand": "ecko"
        },
        {
            "product-id": "440929020",
            "avg-rating": "",
            "img-url": "https://assets.ajio.com/medias/sys_master/root/20210925/6lkj/614e5a22f997ddce89e078b6/-78Wx98H-440929020-blue-MODEL.jpg",
            "price": 2299,
            "was-price": 2299,
            "name": "Mid-Wash Mid-Rise 5-Pocket Tapered Jeans with Biker Panels",
            "url": "/ecko-mid-wash-mid-rise-5-pocket-tapered-jeans-with-biker-panels/p/440929020_blue",
            "offer-price": 781.66,
            "rating-count": 0,
            "cat1": "Men",
            "cat2": "Western Wear",
            "cat3": "Jeans",
            "brand": "ecko"
        },
        {
            "product-id": "441128712",
            "avg-rating": "",
            "img-url": "https://assets.ajio.com/medias/sys_master/root/20211120/uVdX/6197fd30f997ddf8f1108388/-78Wx98H-441128712-navy-MODEL.jpg",
            "price": 1299,
            "was-price": 1299,
            "name": "Checked Shirt with Patch Pocket",
            "url": "/netplay-checked-shirt-with-patch-pocket/p/441128712_navy",
            "offer-price": 389.51,
            "rating-count": 0,
            "cat1": "Men",
            "cat2": "Western Wear",
            "cat3": "Shirts",
            "brand": "netplay"
        },
        {
            "product-id": "441155671",
            "avg-rating": "",
            "img-url": "https://assets.ajio.com/medias/sys_master/root/20211119/b1C3/6197c65daeb2690110cd868f/-78Wx98H-441155671-pink-MODEL.jpg",
            "price": 1999,
            "was-price": 1999,
            "name": "Patterned-Knit Round-Neck Pullover",
            "url": "/species-patterned-knit-round-neck-pullover/p/441155671_pink",
            "offer-price": 1498,
            "rating-count": 0,
            "cat1": "Women",
            "cat2": "Western Wear",
            "cat3": "Sweaters & Cardigans",
            "brand": "species"
        },
        {
            "product-id": "440942726",
            "avg-rating": "",
            "img-url": "https://assets.ajio.com/medias/sys_master/root/20211125/xG9v/619e89e9aeb2690110d7b8bf/-78Wx98H-440942726-maroonburg-MODEL.jpg",
            "price": 749,
            "was-price": 749,
            "name": "Slim Fit Polo T-shirt",
            "url": "/ecko-slim-fit-polo-t-shirt/p/440942726_maroonburg",
            "offer-price": 299.4,
            "rating-count": 0,
            "cat1": "Men",
            "cat2": "Western Wear",
            "cat3": "Tshirts",
            "brand": "ecko"
        },
        {
            "product-id": "440942727",
            "avg-rating": "",
            "img-url": "https://assets.ajio.com/medias/sys_master/root/20211125/FHak/619e8cb5f997ddf8f119ecc1/-78Wx98H-440942727-gold-MODEL.jpg",
            "price": 749,
            "was-price": 749,
            "name": "Slim Fit Polo T-shirt",
            "url": "/ecko-slim-fit-polo-t-shirt/p/440942727_gold",
            "offer-price": 559.86,
            "rating-count": 0,
            "cat1": "Men",
            "cat2": "Western Wear",
            "cat3": "Tshirts",
            "brand": "ecko"
        },
        {
            "product-id": "441121509",
            "avg-rating": "",
            "img-url": "https://assets.ajio.com/medias/sys_master/root/20211123/BB3D/619ce5f5aeb2690110d2e8ff/-78Wx98H-441121509-yellow-MODEL.jpg",
            "price": 899,
            "was-price": 899,
            "name": "Printed Zip-Front Hoodie",
            "url": "/rio-girls-printed-zip-front-hoodie/p/441121509_yellow",
            "offer-price": 671.98,
            "rating-count": 0,
            "cat1": "Girls",
            "cat2": "Western Wear",
            "cat3": "Sweatshirts & Hoodie",
            "brand": "rio-girls"
        },
        {
            "product-id": "440996826",
            "avg-rating": "",
            "img-url": "https://assets.ajio.com/medias/sys_master/root/20211125/AH9J/619e873bf997ddf8f119d3d3/-78Wx98H-440996826-navy-MODEL.jpg",
            "price": 549,
            "was-price": 549,
            "name": "Colourblock Slim Fit Crew-Neck T-shirt",
            "url": "/ecko-colourblock-slim-fit-crew-neck-t-shirt/p/440996826_navy",
            "offer-price": 410.36,
            "rating-count": 0,
            "cat1": "Men",
            "cat2": "Western Wear",
            "cat3": "Tshirts",
            "brand": "ecko"
        },
        {
            "product-id": "440930581",
            "avg-rating": "",
            "img-url": "https://assets.ajio.com/medias/sys_master/root/20211002/OR8p/6157baceaeb2692b859ada70/-78Wx98H-440930581-black-MODEL.jpg",
            "price": 1949,
            "was-price": 1949,
            "name": "Lightly Washed Slim Fit Jeans",
            "url": "/ecko-lightly-washed-slim-fit-jeans/p/440930581_black",
            "offer-price": 662.66,
            "rating-count": 0,
            "cat1": "Men",
            "cat2": "Western Wear",
            "cat3": "Jeans",
            "brand": "ecko"
        },
        {
            "product-id": "440909407",
            "avg-rating": "",
            "img-url": "https://assets.ajio.com/medias/sys_master/root/20210925/hdT2/614e5dd7aeb269a268a6d94f/-78Wx98H-440909407-ltblue-MODEL.jpg",
            "price": 2099,
            "was-price": 2099,
            "name": "Joggers with Placement Typography",
            "url": "/ecko-joggers-with-placement-typography/p/440909407_ltblue",
            "offer-price": 1572.93,
            "rating-count": 0,
            "cat1": "Men",
            "cat2": "Western Wear",
            "cat3": "Jeans",
            "brand": "ecko"
        },
        {
            "product-id": "441211835",
            "avg-rating": "",
            "img-url": "https://assets.ajio.com/medias/sys_master/root/20211120/33lW/6197f724f997ddf8f1106783/-78Wx98H-441211835-ltblue-MODEL.jpg",
            "price": 720,
            "was-price": 1799,
            "name": "Men Checked Slim Fit Shirt with Patch Pocket",
            "url": "/john-players-men-checked-slim-fit-shirt-with-patch-pocket/p/441211835_ltblue",
            "offer-price": 611.66,
            "rating-count": 0,
            "cat1": "Men",
            "cat2": "Western Wear",
            "cat3": "Shirts",
            "brand": "john-players"
        },
        {
            "product-id": "441213928",
            "avg-rating": "",
            "img-url": "https://assets.ajio.com/medias/sys_master/root/20211120/GYjE/6197fbdcf997ddf8f1107e33/-78Wx98H-441213928-black-MODEL.jpg",
            "price": 2299,
            "was-price": 2299,
            "name": "Zip-Front Drawstring Hoodie",
            "url": "/lee-cooper-zip-front-drawstring-hoodie/p/441213928_black",
            "offer-price": 781,
            "rating-count": 0,
            "cat1": "Men",
            "cat2": "Western Wear",
            "cat3": "Sweatshirt & Hoodies",
            "brand": "lee-cooper"
        },
        {
            "product-id": "441128018",
            "avg-rating": "",
            "img-url": "https://assets.ajio.com/medias/sys_master/root/20211123/KPFh/619c009baeb2690110d12767/-78Wx98H-441128018-navy-MODEL.jpg",
            "price": 1999,
            "was-price": 1999,
            "name": "Quilted Jacket with Insert Pockets",
            "url": "/performax-quilted-jacket-with-insert-pockets/p/441128018_navy",
            "offer-price": 373.74,
            "rating-count": 0,
            "cat1": "Men",
            "cat2": "Western Wear",
            "cat3": "Jackets & Coats",
            "brand": "performax"
        },
        {
            "product-id": "440958845",
            "avg-rating": "",
            "img-url": "https://assets.ajio.com/medias/sys_master/root/20211125/YZpz/619e944daeb2690110d7de1b/-78Wx98H-440958845-aqua-MODEL.jpg",
            "price": 499,
            "was-price": 499,
            "name": "Typographic Print Slim Fit Crew-Neck T-shirt",
            "url": "/ecko-typographic-print-slim-fit-crew-neck-t-shirt/p/440958845_aqua",
            "offer-price": 372.99,
            "rating-count": 0,
            "cat1": "Men",
            "cat2": "Western Wear",
            "cat3": "Tshirts",
            "brand": "ecko"
        },
        {
            "product-id": "441124586",
            "avg-rating": "",
            "img-url": "https://assets.ajio.com/medias/sys_master/root/20211123/Sc1Q/619bee79f997ddf8f112846b/-78Wx98H-441124586-mediumblue-MODEL.jpg",
            "price": 1499,
            "was-price": 1499,
            "name": "Men Mid-Wash Slim Fit Jeans",
            "url": "/dnmx-men-mid-wash-slim-fit-jeans/p/441124586_mediumblue",
            "offer-price": 449.44,
            "rating-count": 0,
            "cat1": "Men",
            "cat2": "Western Wear",
            "cat3": "Jeans",
            "brand": "dnmx"
        },
        {
            "product-id": "441134949",
            "avg-rating": "",
            "img-url": "https://assets.ajio.com/medias/sys_master/root/20211123/iZ9I/619c0235aeb2690110d14049/-78Wx98H-441134949-navy-MODEL.jpg",
            "price": 1049,
            "was-price": 1049,
            "name": "Printed Joggers with Elasticated Drawstring",
            "url": "/dnmx-printed-joggers-with-elasticated-drawstring/p/441134949_navy",
            "offer-price": 314.61,
            "rating-count": 0,
            "cat1": "Men",
            "cat2": "Western Wear",
            "cat3": "Trousers & Pants",
            "brand": "dnmx"
        },
        {
            "product-id": "441134269",
            "avg-rating": "",
            "img-url": "https://assets.ajio.com/medias/sys_master/root/20211123/SsSM/619bef50aeb2690110d0a907/-78Wx98H-441134269-yellow-MODEL.jpg",
            "price": 999,
            "was-price": 999,
            "name": "Embroidered Flared Kurta",
            "url": "/avaasa-mix-n-match-embroidered-flared-kurta/p/441134269_yellow",
            "offer-price": 299.62,
            "rating-count": 0,
            "cat1": "Women",
            "cat2": "Ethnic Wear",
            "cat3": "Kurtas",
            "brand": "avaasa-mix-n-match"
        },
        {
            "product-id": "440800198",
            "avg-rating": "",
            "img-url": "https://assets.ajio.com/medias/sys_master/root/20211122/SUNc/619bbadfaeb2690110cf906b/-78Wx98H-440800198-brown-MODEL.jpg",
            "price": 1349,
            "was-price": 1349,
            "name": "Checked Shirt with Spread Collar",
            "url": "/recap-checked-shirt-with-spread-collar/p/440800198_brown",
            "offer-price": 1010.06,
            "rating-count": 0,
            "cat1": "Women",
            "cat2": "Western Wear",
            "cat3": "Shirts",
            "brand": "recap"
        },
        {
            "product-id": "441134569",
            "avg-rating": "",
            "img-url": "https://assets.ajio.com/medias/sys_master/root/20211123/sZch/619c058baeb2690110d172db/-78Wx98H-441134569-peach-MODEL.jpg",
            "price": 1499,
            "was-price": 1499,
            "name": "Printed Straight Kurta Set",
            "url": "/avaasa-set-printed-straight-kurta-set/p/441134569_peach",
            "offer-price": 449.44,
            "rating-count": 0,
            "cat1": "Women",
            "cat2": "Ethnic Wear",
            "cat3": "Kurta-Bottom Set",
            "brand": "avaasa-set"
        },
        {
            "product-id": "441124588",
            "avg-rating": "",
            "img-url": "https://assets.ajio.com/medias/sys_master/root/20211123/XhOf/619c1678f997ddf8f1145971/-78Wx98H-441124588-ltblue-MODEL.jpg",
            "price": 510,
            "was-price": 1699,
            "name": "Men Mid-Wash Slim Fit Jeans",
            "url": "/dnmx-men-mid-wash-slim-fit-jeans/p/441124588_ltblue",
            "offer-price": 509.36,
            "rating-count": 0,
            "cat1": "Men",
            "cat2": "Western Wear",
            "cat3": "Jeans",
            "brand": "dnmx"
        },
        {
            "product-id": "441135029",
            "avg-rating": "",
            "img-url": "https://assets.ajio.com/medias/sys_master/root/20211123/u7fF/619bf2a7f997ddf8f11297b8/-78Wx98H-441135029-rust-MODEL.jpg",
            "price": 1299,
            "was-price": 1299,
            "name": "Floral Print Tiered Dress",
            "url": "/fig-floral-print-tiered-dress/p/441135029_rust",
            "offer-price": 389.51,
            "rating-count": 0,
            "cat1": "Women",
            "cat2": "Western Wear",
            "cat3": "Dresses",
            "brand": "fig"
        },
        {
            "product-id": "441218926",
            "avg-rating": "",
            "img-url": "https://assets.ajio.com/medias/sys_master/root/20211123/qGqI/619bf395f997ddf8f1129b98/-78Wx98H-441218926-red-MODEL.jpg",
            "price": 238,
            "was-price": 699,
            "name": "Graphic Print Round-Neck T-shirt",
            "url": "/lee-cooper-graphic-print-round-neck-t-shirt/p/441218926_red",
            "offer-price": 237.52,
            "rating-count": 0,
            "cat1": "Women",
            "cat2": "Western Wear",
            "cat3": "Tshirts",
            "brand": "lee-cooper"
        },
        {
            "product-id": "441127706",
            "avg-rating": "",
            "img-url": "https://assets.ajio.com/medias/sys_master/root/20220120/8VUe/61e98284f997dd66232f59a5/-78Wx98H-441127706-coral-MODEL.jpg",
            "price": 2999,
            "was-price": 2999,
            "name": "Quilted Hooded Puffer Jacket",
            "url": "/performax-quilted-hooded-puffer-jacket/p/441127706_coral",
            "offer-price": 672.73,
            "rating-count": 0,
            "cat1": "Women",
            "cat2": "Western Wear",
            "cat3": "Jackets & Coats",
            "brand": "performax"
        },
        {
            "product-id": "441134707",
            "avg-rating": "",
            "img-url": "https://assets.ajio.com/medias/sys_master/root/20211123/Kj6Q/619c161baeb2690110d26869/-78Wx98H-441134707-fuchsia-MODEL.jpg",
            "price": 1299,
            "was-price": 1299,
            "name": "Printed Flared Dress",
            "url": "/fusion-printed-flared-dress/p/441134707_fuchsia",
            "offer-price": 389.51,
            "rating-count": 0,
            "cat1": "Women",
            "cat2": "Fusion Wear",
            "cat3": "Dresses & Gowns",
            "brand": "fusion"
        },
        {
            "product-id": "441130290",
            "avg-rating": "",
            "img-url": "https://assets.ajio.com/medias/sys_master/root/20211123/jjZ1/619c13d3aeb2690110d24757/-78Wx98H-441130290-white-MODEL.jpg",
            "price": 600,
            "was-price": 1499,
            "name": "Men Printed Slim Fit Shirt with Patch Pocket",
            "url": "/john-players-men-printed-slim-fit-shirt-with-patch-pocket/p/441130290_white",
            "offer-price": 509.66,
            "rating-count": 0,
            "cat1": "Men",
            "cat2": "Western Wear",
            "cat3": "Shirts",
            "brand": "john-players"
        },
        {
            "product-id": "441124918",
            "avg-rating": "",
            "img-url": "https://assets.ajio.com/medias/sys_master/root/20211123/XwlU/619be8ddf997ddf8f1126add/-78Wx98H-441124918-orange-MODEL.jpg",
            "price": 390,
            "was-price": 1299,
            "name": "Checked Shirt with Patch Pocket",
            "url": "/dnmx-checked-shirt-with-patch-pocket/p/441124918_orange",
            "offer-price": 389.51,
            "rating-count": 0,
            "cat1": "Men",
            "cat2": "Western Wear",
            "cat3": "Shirts",
            "brand": "dnmx"
        },
        {
            "product-id": "440976867",
            "avg-rating": "",
            "img-url": "https://assets.ajio.com/medias/sys_master/root/20211122/2apz/619bb095f997ddf8f1112752/-78Wx98H-440976867-denimblue-MODEL.jpg",
            "price": 1999,
            "was-price": 1999,
            "name": "Heavily Washed Skinny Jeans",
            "url": "/recap-heavily-washed-skinny-jeans/p/440976867_denimblue",
            "offer-price": 1498,
            "rating-count": 0,
            "cat1": "Women",
            "cat2": "Western Wear",
            "cat3": "Jeans & Jeggings",
            "brand": "recap"
        },
        {
            "product-id": "441207650",
            "avg-rating": "",
            "img-url": "https://assets.ajio.com/medias/sys_master/root/20211122/ryVM/619bb7faaeb2690110cf809c/-78Wx98H-441207650-maroon-MODEL.jpg",
            "price": 1399,
            "was-price": 1399,
            "name": "Striped Top with Vented Mandarin Collar",
            "url": "/recap-striped-top-with-vented-mandarin-collar/p/441207650_maroon",
            "offer-price": 1047.49,
            "rating-count": 0,
            "cat1": "Women",
            "cat2": "Western Wear",
            "cat3": "Tops",
            "brand": "recap"
        },
        {
            "product-id": "441228364",
            "avg-rating": "",
            "img-url": "https://assets.ajio.com/medias/sys_master/root/20211119/4euR/6197c0a4f997ddf8f10f170e/-78Wx98H-441228364-seagreen-MODEL.jpg",
            "price": 1899,
            "was-price": 1899,
            "name": "Striped Round-Neck Sweater",
            "url": "/species-striped-round-neck-sweater/p/441228364_seagreen",
            "offer-price": 1421.86,
            "rating-count": 0,
            "cat1": "Women",
            "cat2": "Western Wear",
            "cat3": "Sweaters & Cardigans",
            "brand": "species"
        },
        {
            "product-id": "441207569",
            "avg-rating": "",
            "img-url": "https://assets.ajio.com/medias/sys_master/root/20211122/KHxt/619bb095f997ddf8f1112761/-78Wx98H-441207569-olive-MODEL.jpg",
            "price": 1999,
            "was-price": 1999,
            "name": "Lightly Washed High-Waist Distressed Jeans",
            "url": "/recap-lightly-washed-high-waist-distressed-jeans/p/441207569_olive",
            "offer-price": 1498,
            "rating-count": 0,
            "cat1": "Women",
            "cat2": "Western Wear",
            "cat3": "Jeans & Jeggings",
            "brand": "recap"
        },
        {
            "product-id": "441125524",
            "avg-rating": "",
            "img-url": "https://assets.ajio.com/medias/sys_master/root/20211123/C96j/619c08c7f997ddf8f1138683/-78Wx98H-441125524-navy-MODEL.jpg",
            "price": 705,
            "was-price": 1499,
            "name": "Typographic Print Hoodie with Sleeve Taping",
            "url": "/altheory-sport-typographic-print-hoodie-with-sleeve-taping/p/441125524_navy",
            "offer-price": 674.55,
            "rating-count": 0,
            "cat1": "Women",
            "cat2": "Western Wear",
            "cat3": "Sweatshirt & Hoodies",
            "brand": "altheory-sport"
        },
        {
            "product-id": "441120388",
            "avg-rating": "",
            "img-url": "https://assets.ajio.com/medias/sys_master/root/20211123/drl2/619bee8af997ddf8f11284bc/-78Wx98H-441120388-grey-MODEL.jpg",
            "price": 510,
            "was-price": 1699,
            "name": "Men Mid-Wash Skinny Fit Jeans",
            "url": "/dnmx-men-mid-wash-skinny-fit-jeans/p/441120388_grey",
            "offer-price": 509.36,
            "rating-count": 0,
            "cat1": "Men",
            "cat2": "Western Wear",
            "cat3": "Jeans",
            "brand": "dnmx"
        },
        {
            "product-id": "441125842",
            "avg-rating": "",
            "img-url": "https://assets.ajio.com/medias/sys_master/root/20211123/ZWEQ/619c0eecaeb2690110d1f953/-78Wx98H-441125842-white-MODEL.jpg",
            "price": 999,
            "was-price": 999,
            "name": "Striped Shirt with Band Collar",
            "url": "/netplay-striped-shirt-with-band-collar/p/441125842_white",
            "offer-price": 299.62,
            "rating-count": 0,
            "cat1": "Men",
            "cat2": "Western Wear",
            "cat3": "Shirts",
            "brand": "netplay"
        },
        {
            "product-id": "450144667",
            "avg-rating": "",
            "img-url": "https://assets.ajio.com/medias/sys_master/root/20211122/fE63/619bb350aeb2690110cf699f/-78Wx98H-450144667-yellow-MODEL.jpg",
            "price": 699,
            "was-price": 2795,
            "name": "Boat Shoes with Knot Accent",
            "url": "/catwalk-boat-shoes-with-knot-accent/p/450144667_yellow",
            "offer-price": 698.13,
            "rating-count": 0,
            "cat1": "Women",
            "cat2": "Footwear",
            "cat3": "Casual Shoes",
            "brand": "catwalk"
        },
        {
            "product-id": "450145202",
            "avg-rating": "",
            "img-url": "https://assets.ajio.com/medias/sys_master/root/20220926/F7rV/6331befaaeb269dbb3a82dc1/-78Wx98H-450145202-brown-MODEL.jpg",
            "price": 2495,
            "was-price": 2495,
            "name": "Women Embellished T-strap Wedges",
            "url": "/catwalk-women-embellished-t-strap-wedges/p/450145202_brown",
            "offer-price": 997,
            "rating-count": 0,
            "cat1": "Women",
            "cat2": "Footwear",
            "cat3": "Heeled Sandals",
            "brand": "catwalk"
        },
        {
            "product-id": "450144668",
            "avg-rating": "",
            "img-url": "https://assets.ajio.com/medias/sys_master/root/20211122/EJ3e/619bb889f997ddf8f111523d/-78Wx98H-450144668-pink-MODEL.jpg",
            "price": 695,
            "was-price": 2895,
            "name": "Slip-On Shoes with Metal Accent",
            "url": "/catwalk-slip-on-shoes-with-metal-accent/p/450144668_pink",
            "offer-price": 694.13,
            "rating-count": 0,
            "cat1": "Women",
            "cat2": "Footwear",
            "cat3": "Casual Shoes",
            "brand": "catwalk"
        },
        {
            "product-id": "441134606",
            "avg-rating": "",
            "img-url": "https://assets.ajio.com/medias/sys_master/root/20211123/xkZn/619bf84af997ddf8f112b11f/-78Wx98H-441134606-coral-MODEL.jpg",
            "price": 1499,
            "was-price": 1499,
            "name": "Printed Straight Kurta Set",
            "url": "/avaasa-set-printed-straight-kurta-set/p/441134606_coral",
            "offer-price": 449.44,
            "rating-count": 0,
            "cat1": "Women",
            "cat2": "Ethnic Wear",
            "cat3": "Kurta-Bottom Set",
            "brand": "avaasa-set"
        },
        {
            "product-id": "441134709",
            "avg-rating": "",
            "img-url": "https://assets.ajio.com/medias/sys_master/root/20211123/oNvR/619be1c8aeb2690110d07aae/-78Wx98H-441134709-navy-MODEL.jpg",
            "price": 999,
            "was-price": 999,
            "name": "Embroidered A-line Dress with Tie-Up",
            "url": "/fusion-embroidered-a-line-dress-with-tie-up/p/441134709_navy",
            "offer-price": 299.62,
            "rating-count": 0,
            "cat1": "Women",
            "cat2": "Fusion Wear",
            "cat3": "Dresses & Gowns",
            "brand": "fusion"
        },
        {
            "product-id": "450145556",
            "avg-rating": "",
            "img-url": "https://assets.ajio.com/medias/sys_master/root/20211122/t4rH/619bb6a8f997ddf8f1114744/-78Wx98H-450145556-brown-MODEL.jpg",
            "price": 758,
            "was-price": 1895,
            "name": "Textured Toe-Ring Sandals",
            "url": "/catwalk-textured-toe-ring-sandals/p/450145556_brown",
            "offer-price": 757,
            "rating-count": 0,
            "cat1": "Women",
            "cat2": "Footwear",
            "cat3": "Flip Flop & Slippers",
            "brand": "catwalk"
        },
        {
            "product-id": "440976813",
            "avg-rating": "",
            "img-url": "https://assets.ajio.com/medias/sys_master/root/20211122/oB2J/619bb4e5f997ddf8f1113dd5/-78Wx98H-440976813-black-MODEL.jpg",
            "price": 1599,
            "was-price": 1599,
            "name": "Floral Print Shirt Dress with Drawstring",
            "url": "/recap-floral-print-shirt-dress-with-drawstring/p/440976813_black",
            "offer-price": 1197.24,
            "rating-count": 0,
            "cat1": "Women",
            "cat2": "Western Wear",
            "cat3": "Dresses",
            "brand": "recap"
        },
        {
            "product-id": "441131542",
            "avg-rating": "",
            "img-url": "https://assets.ajio.com/medias/sys_master/root/20211123/KOZN/619c034aaeb2690110d15096/-78Wx98H-441131542-white-MODEL.jpg",
            "price": 1299,
            "was-price": 1299,
            "name": "Cropped Slim Chinos with Slip Pockets",
            "url": "/netplay-cropped-slim-chinos-with-slip-pockets/p/441131542_white",
            "offer-price": 389.51,
            "rating-count": 0,
            "cat1": "Men",
            "cat2": "Western Wear",
            "cat3": "Trousers & Pants",
            "brand": "netplay"
        },
        {
            "product-id": "441131542",
            "avg-rating": "",
            "img-url": "https://assets.ajio.com/medias/sys_master/root/20211123/YGQc/619be7ceaeb2690110d08ecd/-78Wx98H-441131542-blue-MODEL.jpg",
            "price": 1299,
            "was-price": 1299,
            "name": "Cropped Slim Chinos with Slip Pockets",
            "url": "/netplay-cropped-slim-chinos-with-slip-pockets/p/441131542_blue",
            "offer-price": 389.51,
            "rating-count": 0,
            "cat1": "Men",
            "cat2": "Western Wear",
            "cat3": "Trousers & Pants",
            "brand": "netplay"
        }
    ]
}