{
    "": [],
    "ajio": [],
    "luxe.ajio": [
        {
            "product-id": "410240672",
            "avg-rating": "",
            "img-url": "https://assets.ajio.com/medias/sys_master/root/20210721/DyAa/60f8449ef997ddb312302893/-78Wx98H-410240672-002-MODEL.jpg",
            "price": 2000,
            "was-price": 2000,
            "name": "Cotton High Density Queen Size Fitted Sheet",
            "url": "/muji-cotton-high-density-queen-size-fitted-sheet/p/410240672_002",
            "offer-price": 1498.75,
            "rating-count": 0,
            "cat1": "Home & Kitchen",
            "cat2": "Furnishings",
            "cat3": "Bedsheets",
            "brand": "muji"
        },
        {
            "product-id": "410240743",
            "avg-rating": "",
            "img-url": "https://assets.ajio.com/medias/sys_master/root/20210724/5UEj/60fb4181aeb269a9e352358d/-78Wx98H-410240743-068-MODEL.jpg",
            "price": 590,
            "was-price": 590,
            "name": "Indian Cotton Blend Chenille Medium Bath Mat",
            "url": "/muji-indian-cotton-blend-chenille-medium-bath-mat/p/410240743_068",
            "offer-price": 441.01,
            "rating-count": 0,
            "cat1": "Home & Kitchen",
            "cat2": "Bath & Laundry",
            "cat3": "Bath Mats",
            "brand": "muji"
        },
        {
            "product-id": "410240698",
            "avg-rating": "",
            "img-url": "https://assets.ajio.com/medias/sys_master/root/20210724/gjLp/60fb1b1daeb269a9e351abec/-78Wx98H-410240698-085-MODEL.jpg",
            "price": 2490,
            "was-price": 2490,
            "name": "Cotton Handwoven Mat",
            "url": "/muji-cotton-handwoven-mat/p/410240698_085",
            "offer-price": 1865.94,
            "rating-count": 0,
            "cat1": "Home & Kitchen",
            "cat2": "Furnishings",
            "cat3": "Rugs, Carpets & Dhurries",
            "brand": "muji"
        },
        {
            "product-id": "410301349",
            "avg-rating": "",
            "img-url": "https://assets.ajio.com/medias/sys_master/root/20211230/tWIK/61ccb9acaeb2690110231fa3/-78Wx98H-410301349-tdb-MODEL.jpg",
            "price": 26500,
            "was-price": 26500,
            "name": "Buddie Medium Shoulder Bag",
            "url": "/kate-spade-buddie-medium-shoulder-bag/p/410301349_tdb",
            "offer-price": 16695,
            "rating-count": 0,
            "cat1": "Women",
            "cat2": "Bags, Belts & Wallets",
            "cat3": "Handbags",
            "brand": "kate-spade"
        },
        {
            "product-id": "410301330",
            "avg-rating": "",
            "img-url": "https://assets.ajio.com/medias/sys_master/root/20211230/D7PM/61ccb2b8f997ddf8f1687a15/-78Wx98H-410301330-tdl-MODEL.jpg",
            "price": 14990,
            "was-price": 14990,
            "name": "Spencer Double-Zip Dome Crossbody Bag",
            "url": "/kate-spade-spencer-double-zip-dome-crossbody-bag/p/410301330_tdl",
            "offer-price": 9443.7,
            "rating-count": 0,
            "cat1": "Women",
            "cat2": "Bags, Belts & Wallets",
            "cat3": "Handbags",
            "brand": "kate-spade"
        },
        {
            "product-id": "463583894",
            "avg-rating": "",
            "img-url": "https://assets.ajio.com/medias/sys_master/root/20230914/2hkM/6502c483afa4cf41f5e3abc3/-78Wx98H-463583894-grey-MODEL.jpg",
            "price": 13240,
            "was-price": 13240,
            "name": "UV Protected Club Masters Sunglasses",
            "url": "/timberland-uv-protected-club-masters-sunglasses/p/463583894_grey",
            "offer-price": 5620,
            "rating-count": 0,
            "cat1": "Men",
            "cat2": "Eyewear",
            "cat3": "Sunglasses",
            "brand": "timberland"
        },
        {
            "product-id": "463595139",
            "avg-rating": "",
            "img-url": "https://assets.ajio.com/medias/sys_master/root/20230327/Cx3Q/642175bd907deb497ab1b156/-78Wx98H-463595139-grey-MODEL.jpg",
            "price": 16240,
            "was-price": 16240,
            "name": "Full-rim  UV Protected Sunglasses",
            "url": "/diesel-full-rim-uv-protected-sunglasses/p/463595139_grey",
            "offer-price": 15428,
            "rating-count": 0,
            "cat1": "Men",
            "cat2": "Eyewear",
            "cat3": "Sunglasses",
            "brand": "diesel"
        },
        {
            "product-id": "463558241",
            "avg-rating": "",
            "img-url": "https://assets.ajio.com/medias/sys_master/root/20230407/3TSg/642ffba9907deb497ad1430f/-78Wx98H-463558241-blue-MODEL.jpg",
            "price": 11930,
            "was-price": 11930,
            "name": "Solid Rectangular Sunglasses",
            "url": "/timberland-solid-rectangular-sunglasses/p/463558241_blue",
            "offer-price": 4965,
            "rating-count": 0,
            "cat1": "Men",
            "cat2": "Eyewear",
            "cat3": "Sunglasses",
            "brand": "timberland"
        },
        {
            "product-id": "463589670",
            "avg-rating": "",
            "img-url": "https://assets.ajio.com/medias/sys_master/root/20230310/lUeI/640b3a9baeb26924e3b67869/-78Wx98H-463589670-black-MODEL.jpg",
            "price": 23000,
            "was-price": 23000,
            "name": "Textured Trolley Bag",
            "url": "/calvin-klein-textured-trolley-bag/p/463589670_black",
            "offer-price": 9350,
            "rating-count": 0,
            "cat1": "Men",
            "cat2": "Bags, Belts & Wallets",
            "cat3": "Travel Bags",
            "brand": "calvin-klein"
        },
        {
            "product-id": "463592809",
            "avg-rating": "",
            "img-url": "https://assets.ajio.com/medias/sys_master/root/20230621/bogH/64925fb542f9e729d76372a4/-78Wx98H-463592809-green-MODEL.jpg",
            "price": 12499,
            "was-price": 12499,
            "name": " Solid Full-rim Frame Sunglasses",
            "url": "/numi-paris-solid-full-rim-frame-sunglasses/p/463592809_green",
            "offer-price": 11874.05,
            "rating-count": 0,
            "cat1": "Men",
            "cat2": "Eyewear",
            "cat3": "Sunglasses",
            "brand": "numi-paris"
        },
        {
            "product-id": "463583350",
            "avg-rating": "",
            "img-url": "https://assets.ajio.com/medias/sys_master/root/20211231/BQJK/61cec64ef997dd66230ba6eb/-78Wx98H-463583350-red-MODEL.jpg",
            "price": 7800,
            "was-price": 7800,
            "name": "Gold-plated Ethnic Jhumkas",
            "url": "/queen-be-gold-plated-ethnic-jhumkas/p/463583350_red",
            "offer-price": 1578.18,
            "rating-count": 0,
            "cat1": "Women",
            "cat2": "Fashion Jewellery",
            "cat3": "Earrings",
            "brand": "queen-be"
        },
        {
            "product-id": "463591164",
            "avg-rating": "",
            "img-url": "https://assets.ajio.com/medias/sys_master/root/20211231/ZnSs/61cf4652f997dd66230ca808/-78Wx98H-463591164-orange-MODEL.jpg",
            "price": 7999,
            "was-price": 7999,
            "name": "Solid Full-rim Frame Sunglasses",
            "url": "/numi-paris-solid-full-rim-frame-sunglasses/p/463591164_orange",
            "offer-price": 7599.05,
            "rating-count": 0,
            "cat1": "Men",
            "cat2": "Eyewear",
            "cat3": "Sunglasses",
            "brand": "numi-paris"
        },
        {
            "product-id": "463594195",
            "avg-rating": "",
            "img-url": "https://assets.ajio.com/medias/sys_master/root/20221118/AvC5/63774c4ff997ddfdbd83479f/-78Wx98H-463594195-grey-MODEL.jpg",
            "price": 14700,
            "was-price": 14700,
            "name": "Solid  Briefcase Travel Bag",
            "url": "/swiss-brand-solid-briefcase-travel-bag/p/463594195_grey",
            "offer-price": 5615,
            "rating-count": 0,
            "cat1": "Men",
            "cat2": "Bags, Belts & Wallets",
            "cat3": "Travel Bags",
            "brand": "swiss-brand"
        },
        {
            "product-id": "463593118",
            "avg-rating": "",
            "img-url": "https://assets.ajio.com/medias/sys_master/root/20211231/KOm0/61cf456ef997dd66230c9b57/-78Wx98H-463593118-grey-MODEL.jpg",
            "price": 7999,
            "was-price": 7999,
            "name": " Solid Full-rim Frame Sunglasses",
            "url": "/numi-paris-solid-full-rim-frame-sunglasses/p/463593118_grey",
            "offer-price": 7599.05,
            "rating-count": 0,
            "cat1": "Men",
            "cat2": "Eyewear",
            "cat3": "Sunglasses",
            "brand": "numi-paris"
        },
        {
            "product-id": "463584976",
            "avg-rating": "",
            "img-url": "https://assets.ajio.com/medias/sys_master/root/20221118/uQQu/63774c5baeb269659c9b7274/-78Wx98H-463584976-grey-MODEL.jpg",
            "price": 28700,
            "was-price": 28700,
            "name": "Colourblock Aluminum Trolley Bag ",
            "url": "/swiss-brand-colourblock-aluminum-trolley-bag/p/463584976_grey",
            "offer-price": 11915,
            "rating-count": 0,
            "cat1": "Men",
            "cat2": "Bags, Belts & Wallets",
            "cat3": "Travel Bags",
            "brand": "swiss-brand"
        },
        {
            "product-id": "463584969",
            "avg-rating": "",
            "img-url": "https://assets.ajio.com/medias/sys_master/root/20221118/7kgj/63774d01aeb269659c9b85ad/-78Wx98H-463584969-grey-MODEL.jpg",
            "price": 33000,
            "was-price": 33000,
            "name": "Striped Aluminum Trolley Bag",
            "url": "/swiss-brand-striped-aluminum-trolley-bag/p/463584969_grey",
            "offer-price": 13850,
            "rating-count": 0,
            "cat1": "Men",
            "cat2": "Bags, Belts & Wallets",
            "cat3": "Travel Bags",
            "brand": "swiss-brand"
        },
        {
            "product-id": "463598786",
            "avg-rating": "",
            "img-url": "https://assets.ajio.com/medias/sys_master/root/20220103/bjra/61d33adcaeb2695cdd034ac6/-78Wx98H-463598786-grey-MODEL.jpg",
            "price": 10499,
            "was-price": 10499,
            "name": "Full-Rim Circular Sunglasses",
            "url": "/numi-paris-full-rim-circular-sunglasses/p/463598786_grey",
            "offer-price": 9974.05,
            "rating-count": 0,
            "cat1": "Women",
            "cat2": "Eyewear",
            "cat3": "Sunglasses",
            "brand": "numi-paris"
        },
        {
            "product-id": "463593204",
            "avg-rating": "",
            "img-url": "https://assets.ajio.com/medias/sys_master/root/20230621/zaJ8/64924c2b42f9e729d760fa75/-78Wx98H-463593204-blue-MODEL.jpg",
            "price": 7999,
            "was-price": 7999,
            "name": " Solid Full-rim Frame Sunglasses",
            "url": "/numi-paris-solid-full-rim-frame-sunglasses/p/463593204_blue",
            "offer-price": 7599.05,
            "rating-count": 0,
            "cat1": "Men",
            "cat2": "Eyewear",
            "cat3": "Sunglasses",
            "brand": "numi-paris"
        },
        {
            "product-id": "463585050",
            "avg-rating": "",
            "img-url": "https://assets.ajio.com/medias/sys_master/root/20221118/eADD/63774ce5f997ddfdbd835965/-78Wx98H-463585050-green-MODEL.jpg",
            "price": 9990,
            "was-price": 22200,
            "name": "Striped Trolley Bag",
            "url": "/swiss-brand-striped-trolley-bag/p/463585050_green",
            "offer-price": 8990,
            "rating-count": 0,
            "cat1": "Men",
            "cat2": "Bags, Belts & Wallets",
            "cat3": "Travel Bags",
            "brand": "swiss-brand"
        },
        {
            "product-id": "463592723",
            "avg-rating": "",
            "img-url": "https://assets.ajio.com/medias/sys_master/root/20230621/yr9R/64925ae7d55b7d0c638ab441/-78Wx98H-463592723-green-MODEL.jpg",
            "price": 8499,
            "was-price": 8499,
            "name": "Solid Full-rim Frame Sunglasses",
            "url": "/numi-paris-solid-full-rim-frame-sunglasses/p/463592723_green",
            "offer-price": 8074.05,
            "rating-count": 0,
            "cat1": "Men",
            "cat2": "Eyewear",
            "cat3": "Sunglasses",
            "brand": "numi-paris"
        },
        {
            "product-id": "463592773",
            "avg-rating": "",
            "img-url": "https://assets.ajio.com/medias/sys_master/root/20211231/20Rc/61cf4670aeb2695cdd016622/-78Wx98H-463592773-grey-MODEL.jpg",
            "price": 9799,
            "was-price": 9799,
            "name": "Solid Full-rim Frame Sunglasses ",
            "url": "/numi-paris-solid-full-rim-frame-sunglasses/p/463592773_grey",
            "offer-price": 9309.05,
            "rating-count": 0,
            "cat1": "Men",
            "cat2": "Eyewear",
            "cat3": "Sunglasses",
            "brand": "numi-paris"
        },
        {
            "product-id": "463585003",
            "avg-rating": "",
            "img-url": "https://assets.ajio.com/medias/sys_master/root/20221118/H4Rv/63774c8daeb269659c9b7848/-78Wx98H-463585003-grey-MODEL.jpg",
            "price": 33000,
            "was-price": 33000,
            "name": "Colourblock Aluminum Trolley Bag ",
            "url": "/swiss-brand-colourblock-aluminum-trolley-bag/p/463585003_grey",
            "offer-price": 13850,
            "rating-count": 0,
            "cat1": "Men",
            "cat2": "Bags, Belts & Wallets",
            "cat3": "Travel Bags",
            "brand": "swiss-brand"
        },
        {
            "product-id": "463593395",
            "avg-rating": "",
            "img-url": "https://assets.ajio.com/medias/sys_master/root/20211231/yAy6/61cf492eaeb2695cdd018de8/-78Wx98H-463593395-grey-MODEL.jpg",
            "price": 8499,
            "was-price": 8499,
            "name": "Full-Rim Cat-Eye Sunglasses",
            "url": "/numi-paris-full-rim-cat-eye-sunglasses/p/463593395_grey",
            "offer-price": 8074.05,
            "rating-count": 0,
            "cat1": "Women",
            "cat2": "Eyewear",
            "cat3": "Sunglasses",
            "brand": "numi-paris"
        },
        {
            "product-id": "463592771",
            "avg-rating": "",
            "img-url": "https://assets.ajio.com/medias/sys_master/root/20211231/gmWn/61cf4703aeb2695cdd016e74/-78Wx98H-463592771-grey-MODEL.jpg",
            "price": 12999,
            "was-price": 12999,
            "name": " Solid Full-rim Frame Sunglasses",
            "url": "/numi-paris-solid-full-rim-frame-sunglasses/p/463592771_grey",
            "offer-price": 12349.05,
            "rating-count": 0,
            "cat1": "Men",
            "cat2": "Eyewear",
            "cat3": "Sunglasses",
            "brand": "numi-paris"
        },
        {
            "product-id": "463589374",
            "avg-rating": "",
            "img-url": "https://assets.ajio.com/medias/sys_master/root/20221118/Iytt/63774b0af997ddfdbd83206a/-78Wx98H-463589374-grey-MODEL.jpg",
            "price": 22200,
            "was-price": 22200,
            "name": "Striped Aluminum Trolley Bag ",
            "url": "/swiss-brand-striped-aluminum-trolley-bag/p/463589374_grey",
            "offer-price": 8990,
            "rating-count": 0,
            "cat1": "Men",
            "cat2": "Bags, Belts & Wallets",
            "cat3": "Travel Bags",
            "brand": "swiss-brand"
        },
        {
            "product-id": "463584993",
            "avg-rating": "",
            "img-url": "https://assets.ajio.com/medias/sys_master/root/20230621/HaXs/6492340ad55b7d0c63852f40/-78Wx98H-463584993-blue-MODEL.jpg",
            "price": 9990,
            "was-price": 22200,
            "name": "Striped Aluminum Trolley Bag ",
            "url": "/swiss-brand-striped-aluminum-trolley-bag/p/463584993_blue",
            "offer-price": 8990,
            "rating-count": 0,
            "cat1": "Men",
            "cat2": "Bags, Belts & Wallets",
            "cat3": "Travel Bags",
            "brand": "swiss-brand"
        },
        {
            "product-id": "463583409",
            "avg-rating": "",
            "img-url": "https://assets.ajio.com/medias/sys_master/root/20230125/DGAn/63d0d04cf997dd708e1fcfef/-78Wx98H-463583409-multi-MODEL.jpg",
            "price": 8500,
            "was-price": 8500,
            "name": "Necklace & Earings Set",
            "url": "/queen-be-necklace-earings-set/p/463583409_multi",
            "offer-price": 1656.12,
            "rating-count": 0,
            "cat1": "Women",
            "cat2": "Fashion Jewellery",
            "cat3": "FashionJewellerySets",
            "brand": "queen-be"
        },
        {
            "product-id": "463583375",
            "avg-rating": "",
            "img-url": "https://assets.ajio.com/medias/sys_master/root/20211231/fuLD/61cec441aeb2695cdd004e5f/-78Wx98H-463583375-white-MODEL.jpg",
            "price": 6500,
            "was-price": 6500,
            "name": "Gold Plated Danglers ",
            "url": "/queen-be-gold-plated-danglers/p/463583375_white",
            "offer-price": 1558.7,
            "rating-count": 0,
            "cat1": "Women",
            "cat2": "Fashion Jewellery",
            "cat3": "Earrings",
            "brand": "queen-be"
        },
        {
            "product-id": "463592818",
            "avg-rating": "",
            "img-url": "https://assets.ajio.com/medias/sys_master/root/20211231/LcHO/61cf46e8aeb2695cdd016cdf/-78Wx98H-463592818-green-MODEL.jpg",
            "price": 14999,
            "was-price": 14999,
            "name": " Solid Full-rim Frame Sunglasses",
            "url": "/numi-paris-solid-full-rim-frame-sunglasses/p/463592818_green",
            "offer-price": 12999,
            "rating-count": 0,
            "cat1": "Men",
            "cat2": "Eyewear",
            "cat3": "Sunglasses",
            "brand": "numi-paris"
        },
        {
            "product-id": "463585069",
            "avg-rating": "",
            "img-url": "https://assets.ajio.com/medias/sys_master/root/20230728/Ojz8/64c3b30ceebac147fc91dffe/-78Wx98H-463585069-blue-MODEL.jpg",
            "price": 9225,
            "was-price": 20500,
            "name": "Striped Aluminum Trolley Bag ",
            "url": "/swiss-brand-striped-aluminum-trolley-bag/p/463585069_blue",
            "offer-price": 8225,
            "rating-count": 0,
            "cat1": "Men",
            "cat2": "Bags, Belts & Wallets",
            "cat3": "Travel Bags",
            "brand": "swiss-brand"
        },
        {
            "product-id": "463592706",
            "avg-rating": "",
            "img-url": "https://assets.ajio.com/medias/sys_master/root/20211231/JlaB/61cf46e8aeb2695cdd016cf1/-78Wx98H-463592706-brown-MODEL.jpg",
            "price": 6499,
            "was-price": 6499,
            "name": " Solid Full-rim Frame Sunglasses",
            "url": "/numi-paris-solid-full-rim-frame-sunglasses/p/463592706_brown",
            "offer-price": 6174.05,
            "rating-count": 0,
            "cat1": "Men",
            "cat2": "Eyewear",
            "cat3": "Sunglasses",
            "brand": "numi-paris"
        },
        {
            "product-id": "463592762",
            "avg-rating": "",
            "img-url": "https://assets.ajio.com/medias/sys_master/root/20211231/fBM9/61cf46f6aeb2695cdd016da8/-78Wx98H-463592762-brown-MODEL.jpg",
            "price": 9799,
            "was-price": 9799,
            "name": " Solid Full-rim Frame Sunglasses",
            "url": "/numi-paris-solid-full-rim-frame-sunglasses/p/463592762_brown",
            "offer-price": 9309.05,
            "rating-count": 0,
            "cat1": "Men",
            "cat2": "Eyewear",
            "cat3": "Sunglasses",
            "brand": "numi-paris"
        },
        {
            "product-id": "463589617",
            "avg-rating": "",
            "img-url": "https://assets.ajio.com/medias/sys_master/root/20230310/O3VJ/640b3abdaeb26924e3b67d17/-78Wx98H-463589617-grey-MODEL.jpg",
            "price": 18700,
            "was-price": 18700,
            "name": "Textured Trolley Bag",
            "url": "/calvin-klein-textured-trolley-bag/p/463589617_grey",
            "offer-price": 7415,
            "rating-count": 0,
            "cat1": "Men",
            "cat2": "Bags, Belts & Wallets",
            "cat3": "Travel Bags",
            "brand": "calvin-klein"
        },
        {
            "product-id": "463581497",
            "avg-rating": "",
            "img-url": "https://assets.ajio.com/medias/sys_master/root/20230621/jrFt/6492638442f9e729d763e720/-78Wx98H-463581497-black-MODEL.jpg",
            "price": 12400,
            "was-price": 12400,
            "name": "Backpack with Adjustable Straps",
            "url": "/swiss-brand-backpack-with-adjustable-straps/p/463581497_black",
            "offer-price": 4580,
            "rating-count": 0,
            "cat1": "Men",
            "cat2": "Bags, Belts & Wallets",
            "cat3": "Backpacks",
            "brand": "swiss-brand"
        },
        {
            "product-id": "463592848",
            "avg-rating": "",
            "img-url": "https://assets.ajio.com/medias/sys_master/root/20211231/2nkg/61cf4708f997dd66230cb28c/-78Wx98H-463592848-pink-MODEL.jpg",
            "price": 5499,
            "was-price": 5499,
            "name": " Solid Full-rim Frame Sunglasses",
            "url": "/numi-paris-solid-full-rim-frame-sunglasses/p/463592848_pink",
            "offer-price": 5224.05,
            "rating-count": 0,
            "cat1": "Men",
            "cat2": "Eyewear",
            "cat3": "Sunglasses",
            "brand": "numi-paris"
        },
        {
            "product-id": "463592710",
            "avg-rating": "",
            "img-url": "https://assets.ajio.com/medias/sys_master/root/20211231/CCN2/61cf47e1aeb2695cdd017aba/-78Wx98H-463592710-orange-MODEL.jpg",
            "price": 7999,
            "was-price": 7999,
            "name": " Solid Full-rim Frame Sunglasses",
            "url": "/numi-paris-solid-full-rim-frame-sunglasses/p/463592710_orange",
            "offer-price": 7599.05,
            "rating-count": 0,
            "cat1": "Men",
            "cat2": "Eyewear",
            "cat3": "Sunglasses",
            "brand": "numi-paris"
        },
        {
            "product-id": "463592866",
            "avg-rating": "",
            "img-url": "https://assets.ajio.com/medias/sys_master/root/20211231/BXgY/61cf482faeb2695cdd017f49/-78Wx98H-463592866-brown-MODEL.jpg",
            "price": 12499,
            "was-price": 12499,
            "name": " Solid Full-rim Frame Sunglasses",
            "url": "/numi-paris-solid-full-rim-frame-sunglasses/p/463592866_brown",
            "offer-price": 11874.05,
            "rating-count": 0,
            "cat1": "Men",
            "cat2": "Eyewear",
            "cat3": "Sunglasses",
            "brand": "numi-paris"
        },
        {
            "product-id": "463593056",
            "avg-rating": "",
            "img-url": "https://assets.ajio.com/medias/sys_master/root/20211231/VsQm/61cf45e3f997dd66230ca20e/-78Wx98H-463593056-grey-MODEL.jpg",
            "price": 7999,
            "was-price": 7999,
            "name": "   Solid Full-rim Frame Sunglasses",
            "url": "/numi-paris-solid-full-rim-frame-sunglasses/p/463593056_grey",
            "offer-price": 6799.15,
            "rating-count": 0,
            "cat1": "Men",
            "cat2": "Eyewear",
            "cat3": "Sunglasses",
            "brand": "numi-paris"
        },
        {
            "product-id": "463589589",
            "avg-rating": "",
            "img-url": "https://assets.ajio.com/medias/sys_master/root/20230310/H7Tc/640b3af7f997dde6f4efc857/-78Wx98H-463589589-grey-MODEL.jpg",
            "price": 24800,
            "was-price": 24800,
            "name": "Colourblock Trolley Bag ",
            "url": "/calvin-klein-colourblock-trolley-bag/p/463589589_grey",
            "offer-price": 11400,
            "rating-count": 0,
            "cat1": "Men",
            "cat2": "Bags, Belts & Wallets",
            "cat3": "Travel Bags",
            "brand": "calvin-klein"
        },
        {
            "product-id": "463583854",
            "avg-rating": "",
            "img-url": "https://assets.ajio.com/medias/sys_master/root/20230407/gDwk/642ffba9907deb497ad1430e/-78Wx98H-463583854-grey-MODEL.jpg",
            "price": 9460,
            "was-price": 9460,
            "name": "UV Protected Full-rim Frame Sunglasses",
            "url": "/timberland-uv-protected-full-rim-frame-sunglasses/p/463583854_grey",
            "offer-price": 3730,
            "rating-count": 0,
            "cat1": "Men",
            "cat2": "Eyewear",
            "cat3": "Sunglasses",
            "brand": "timberland"
        },
        {
            "product-id": "463596006",
            "avg-rating": "",
            "img-url": "https://assets.ajio.com/medias/sys_master/root/20230327/UiqN/64217568907deb497ab1a7de/-78Wx98H-463596006-blue-MODEL.jpg",
            "price": 12700,
            "was-price": 12700,
            "name": "Full -rim UV Protected Sunglasses",
            "url": "/guess-full-rim-uv-protected-sunglasses/p/463596006_blue",
            "offer-price": 11700,
            "rating-count": 0,
            "cat1": "Men",
            "cat2": "Eyewear",
            "cat3": "Sunglasses",
            "brand": "guess"
        },
        {
            "product-id": "463590421",
            "avg-rating": "",
            "img-url": "https://assets.ajio.com/medias/sys_master/root/20220310/fNSo/6229c133f997dd03e20b3afe/-78Wx98H-463590421-white-MODEL.jpg",
            "price": 26400,
            "was-price": 26400,
            "name": "Verona Lace-Up Casual Shoes with Butterfly Applique",
            "url": "/stanley-personal-verona-lace-up-casual-shoes-with-butterfly-applique/p/463590421_white",
            "offer-price": 23760,
            "rating-count": 0,
            "cat1": "Women",
            "cat2": "Footwear",
            "cat3": "Casual Shoes",
            "brand": "stanley-personal"
        },
        {
            "product-id": "463583830",
            "avg-rating": "",
            "img-url": "https://assets.ajio.com/medias/sys_master/root/20230914/XxC2/6502c47bafa4cf41f5e3aa87/-78Wx98H-463583830-brown-MODEL.jpg",
            "price": 5385,
            "was-price": 10770,
            "name": "UV Protected Oversized Sunglasses",
            "url": "/timberland-uv-protected-oversized-sunglasses/p/463583830_brown",
            "offer-price": 4385,
            "rating-count": 0,
            "cat1": "Men",
            "cat2": "Eyewear",
            "cat3": "Sunglasses",
            "brand": "timberland"
        },
        {
            "product-id": "463589547",
            "avg-rating": "",
            "img-url": "https://assets.ajio.com/medias/sys_master/root/20221118/845P/63774bbdaeb269659c9b60b4/-78Wx98H-463589547-black-MODEL.jpg",
            "price": 23700,
            "was-price": 23700,
            "name": "Textured Aluminum Travel Bag",
            "url": "/swiss-brand-textured-aluminum-travel-bag/p/463589547_black",
            "offer-price": 9665,
            "rating-count": 0,
            "cat1": "Men",
            "cat2": "Bags, Belts & Wallets",
            "cat3": "Travel Bags",
            "brand": "swiss-brand"
        },
        {
            "product-id": "463590408",
            "avg-rating": "",
            "img-url": "https://assets.ajio.com/medias/sys_master/root/20220310/u6nS/6229c0c4aeb26921afd10706/-78Wx98H-463590408-brown-MODEL.jpg",
            "price": 20900,
            "was-price": 20900,
            "name": "Carmella Bolognia Panelled Lace-Up Casual Shoes ",
            "url": "/stanley-personal-carmella-bolognia-panelled-lace-up-casual-shoes/p/463590408_brown",
            "offer-price": 18810,
            "rating-count": 0,
            "cat1": "Women",
            "cat2": "Footwear",
            "cat3": "Casual Shoes",
            "brand": "stanley-personal"
        },
        {
            "product-id": "460846946",
            "avg-rating": "",
            "img-url": "https://assets.ajio.com/medias/sys_master/root/20211123/EsaP/619d1174aeb2690110d33a77/-78Wx98H-460846946-orange-MODEL.jpg",
            "price": 10999,
            "was-price": 10999,
            "name": "Velocity Nitro Training Shoes",
            "url": "/puma-velocity-nitro-training-shoes/p/460846946_orange",
            "offer-price": 6809,
            "rating-count": 0,
            "cat1": "Women",
            "cat2": "Footwear",
            "cat3": "Sports Shoes",
            "brand": "puma"
        },
        {
            "product-id": "463592718",
            "avg-rating": "",
            "img-url": "https://assets.ajio.com/medias/sys_master/root/20211231/jBZv/61cf42dff997dd66230c7648/-78Wx98H-463592718-brown-MODEL.jpg",
            "price": 8999,
            "was-price": 8999,
            "name": " Solid Full-rim Frame Sunglasses",
            "url": "/numi-paris-solid-full-rim-frame-sunglasses/p/463592718_brown",
            "offer-price": 8549.05,
            "rating-count": 0,
            "cat1": "Men",
            "cat2": "Eyewear",
            "cat3": "Sunglasses",
            "brand": "numi-paris"
        },
        {
            "product-id": "463593169",
            "avg-rating": "",
            "img-url": "https://assets.ajio.com/medias/sys_master/root/20211231/Hw1W/61cf45d6f997dd66230ca145/-78Wx98H-463593169-brown-MODEL.jpg",
            "price": 11499,
            "was-price": 11499,
            "name": " Solid Full-rim Frame Sunglasses",
            "url": "/numi-paris-solid-full-rim-frame-sunglasses/p/463593169_brown",
            "offer-price": 10924.05,
            "rating-count": 0,
            "cat1": "Men",
            "cat2": "Eyewear",
            "cat3": "Sunglasses",
            "brand": "numi-paris"
        },
        {
            "product-id": "460848134",
            "avg-rating": "",
            "img-url": "https://assets.ajio.com/medias/sys_master/root/20220504/kfnY/62728b41aeb26921af54b025/-78Wx98H-460848134-orange-MODEL.jpg",
            "price": 9999,
            "was-price": 9999,
            "name": "Liberate Nitro Lace-Up Sport Shoes",
            "url": "/puma-liberate-nitro-lace-up-sport-shoes/p/460848134_orange",
            "offer-price": 6499,
            "rating-count": 0,
            "cat1": "Men",
            "cat2": "Footwear",
            "cat3": "Sports Shoes",
            "brand": "puma"
        },
        {
            "product-id": "463590686",
            "avg-rating": "",
            "img-url": "https://assets.ajio.com/medias/sys_master/root/20240301/TjVp/65e19e8405ac7d77bb8c71e8/-78Wx98H-463590686-black-MODEL.jpg",
            "price": 3299,
            "was-price": 3299,
            "name": "Lace Non-Padded Bra",
            "url": "/wacoal-lace-non-padded-bra/p/463590686_black",
            "offer-price": 3002.09,
            "rating-count": 0,
            "cat1": "Women",
            "cat2": "Lingerie & Innerwear",
            "cat3": "Bras",
            "brand": "wacoal"
        },
        {
            "product-id": "463584989",
            "avg-rating": "",
            "img-url": "https://assets.ajio.com/medias/sys_master/root/20221118/rucr/63774c2af997ddfdbd83432e/-78Wx98H-463584989-blue-MODEL.jpg",
            "price": 17400,
            "was-price": 17400,
            "name": "Striped Trolley Bag",
            "url": "/swiss-brand-striped-trolley-bag/p/463584989_blue",
            "offer-price": 6830,
            "rating-count": 0,
            "cat1": "Men",
            "cat2": "Bags, Belts & Wallets",
            "cat3": "Travel Bags",
            "brand": "swiss-brand"
        },
        {
            "product-id": "463583368",
            "avg-rating": "",
            "img-url": "https://assets.ajio.com/medias/sys_master/root/20211231/Ki9u/61cec641f997dd66230ba61b/-78Wx98H-463583368-white-MODEL.jpg",
            "price": 9200,
            "was-price": 9200,
            "name": "Stone Studded Danglers with Pearls",
            "url": "/queen-be-stone-studded-danglers-with-pearls/p/463583368_white",
            "offer-price": 1861.44,
            "rating-count": 0,
            "cat1": "Women",
            "cat2": "Fashion Jewellery",
            "cat3": "Earrings",
            "brand": "queen-be"
        },
        {
            "product-id": "463589579",
            "avg-rating": "",
            "img-url": "https://assets.ajio.com/medias/sys_master/root/20221118/nJyZ/63774ba3f997ddfdbd833381/-78Wx98H-463589579-black-MODEL.jpg",
            "price": 28700,
            "was-price": 28700,
            "name": "Textured Aluminum Travel Bag",
            "url": "/swiss-brand-textured-aluminum-travel-bag/p/463589579_black",
            "offer-price": 11915,
            "rating-count": 0,
            "cat1": "Men",
            "cat2": "Bags, Belts & Wallets",
            "cat3": "Travel Bags",
            "brand": "swiss-brand"
        },
        {
            "product-id": "463584984",
            "avg-rating": "",
            "img-url": "https://assets.ajio.com/medias/sys_master/root/20221118/LEF5/63774b32f997ddfdbd8325c4/-78Wx98H-463584984-blue-MODEL.jpg",
            "price": 34000,
            "was-price": 34000,
            "name": "Striped Trolley Bag",
            "url": "/swiss-brand-striped-trolley-bag/p/463584984_blue",
            "offer-price": 14300,
            "rating-count": 0,
            "cat1": "Men",
            "cat2": "Bags, Belts & Wallets",
            "cat3": "Travel Bags",
            "brand": "swiss-brand"
        },
        {
            "product-id": "463592854",
            "avg-rating": "",
            "img-url": "https://assets.ajio.com/medias/sys_master/root/20211231/HZQd/61cf46c4f997dd66230caec4/-78Wx98H-463592854-grey-MODEL.jpg",
            "price": 8990,
            "was-price": 8990,
            "name": " Solid Full-rim Frame Sunglasses",
            "url": "/numi-paris-solid-full-rim-frame-sunglasses/p/463592854_grey",
            "offer-price": 8540.5,
            "rating-count": 0,
            "cat1": "Men",
            "cat2": "Eyewear",
            "cat3": "Sunglasses",
            "brand": "numi-paris"
        },
        {
            "product-id": "463592746",
            "avg-rating": "",
            "img-url": "https://assets.ajio.com/medias/sys_master/root/20211231/LKzX/61cf46c4f997dd66230caeb5/-78Wx98H-463592746-green-MODEL.jpg",
            "price": 6999,
            "was-price": 6999,
            "name": " Solid Full-rim Frame Sunglasses",
            "url": "/numi-paris-solid-full-rim-frame-sunglasses/p/463592746_green",
            "offer-price": 5949.15,
            "rating-count": 0,
            "cat1": "Men",
            "cat2": "Eyewear",
            "cat3": "Sunglasses",
            "brand": "numi-paris"
        },
        {
            "product-id": "463590777",
            "avg-rating": "",
            "img-url": "https://assets.ajio.com/medias/sys_master/root/20240301/4Epg/65e19ef616fd2c6e6a30daa6/-78Wx98H-463590777-beige-MODEL.jpg",
            "price": 2299,
            "was-price": 2299,
            "name": "Solid Bra",
            "url": "/wacoal-solid-bra/p/463590777_beige",
            "offer-price": 1722.81,
            "rating-count": 0,
            "cat1": "Women",
            "cat2": "Lingerie & Innerwear",
            "cat3": "Bras",
            "brand": "wacoal"
        },
        {
            "product-id": "463593074",
            "avg-rating": "",
            "img-url": "https://assets.ajio.com/medias/sys_master/root/20211231/IXFf/61cf449ef997dd66230c8fd7/-78Wx98H-463593074-green-MODEL.jpg",
            "price": 7499,
            "was-price": 7499,
            "name": " Solid Full-rim Frame Sunglasses",
            "url": "/numi-paris-solid-full-rim-frame-sunglasses/p/463593074_green",
            "offer-price": 6374.15,
            "rating-count": 0,
            "cat1": "Men",
            "cat2": "Eyewear",
            "cat3": "Sunglasses",
            "brand": "numi-paris"
        },
        {
            "product-id": "463592882",
            "avg-rating": "",
            "img-url": "https://assets.ajio.com/medias/sys_master/root/20211231/PX54/61cf424bf997dd66230c6df5/-78Wx98H-463592882-grey-MODEL.jpg",
            "price": 9799,
            "was-price": 9799,
            "name": " Solid Full-rim Frame Sunglasses",
            "url": "/numi-paris-solid-full-rim-frame-sunglasses/p/463592882_grey",
            "offer-price": 8329.15,
            "rating-count": 0,
            "cat1": "Men",
            "cat2": "Eyewear",
            "cat3": "Sunglasses",
            "brand": "numi-paris"
        },
        {
            "product-id": "463592959",
            "avg-rating": "",
            "img-url": "https://assets.ajio.com/medias/sys_master/root/20211231/0F5G/61cf43b4aeb2695cdd013faf/-78Wx98H-463592959-brown-MODEL.jpg",
            "price": 9799,
            "was-price": 9799,
            "name": " Solid Full-rim Frame Sunglasses",
            "url": "/numi-paris-solid-full-rim-frame-sunglasses/p/463592959_brown",
            "offer-price": 8329.15,
            "rating-count": 0,
            "cat1": "Men",
            "cat2": "Eyewear",
            "cat3": "Sunglasses",
            "brand": "numi-paris"
        },
        {
            "product-id": "463592751",
            "avg-rating": "",
            "img-url": "https://assets.ajio.com/medias/sys_master/root/20211231/r5Lo/61cf44d4aeb2695cdd014fa9/-78Wx98H-463592751-green-MODEL.jpg",
            "price": 5999,
            "was-price": 5999,
            "name": " Solid Full-rim Frame Sunglasses",
            "url": "/numi-paris-solid-full-rim-frame-sunglasses/p/463592751_green",
            "offer-price": 4999,
            "rating-count": 0,
            "cat1": "Men",
            "cat2": "Eyewear",
            "cat3": "Sunglasses",
            "brand": "numi-paris"
        },
        {
            "product-id": "463589262",
            "avg-rating": "",
            "img-url": "https://assets.ajio.com/medias/sys_master/root/20221118/Jsim/63774d61f997ddfdbd836788/-78Wx98H-463589262-black-MODEL.jpg",
            "price": 8010,
            "was-price": 17800,
            "name": "Lightweight Trolley Bag",
            "url": "/swiss-brand-lightweight-trolley-bag/p/463589262_black",
            "offer-price": 7010,
            "rating-count": 0,
            "cat1": "Men",
            "cat2": "Bags, Belts & Wallets",
            "cat3": "Travel Bags",
            "brand": "swiss-brand"
        },
        {
            "product-id": "463592920",
            "avg-rating": "",
            "img-url": "https://assets.ajio.com/medias/sys_master/root/20211231/Fwqs/61cf4477f997dd66230c8d9e/-78Wx98H-463592920-grey-MODEL.jpg",
            "price": 7999,
            "was-price": 7999,
            "name": " Solid Full-rim Frame Sunglasses",
            "url": "/numi-paris-solid-full-rim-frame-sunglasses/p/463592920_grey",
            "offer-price": 7599.05,
            "rating-count": 0,
            "cat1": "Men",
            "cat2": "Eyewear",
            "cat3": "Sunglasses",
            "brand": "numi-paris"
        },
        {
            "product-id": "463592715",
            "avg-rating": "",
            "img-url": "https://assets.ajio.com/medias/sys_master/root/20211231/pOhF/61cf4553f997dd66230c99b1/-78Wx98H-463592715-brown-MODEL.jpg",
            "price": 7599,
            "was-price": 7599,
            "name": " Solid Full-rim Frame Sunglasses",
            "url": "/numi-paris-solid-full-rim-frame-sunglasses/p/463592715_brown",
            "offer-price": 7219.05,
            "rating-count": 0,
            "cat1": "Men",
            "cat2": "Eyewear",
            "cat3": "Sunglasses",
            "brand": "numi-paris"
        },
        {
            "product-id": "463590731",
            "avg-rating": "",
            "img-url": "https://assets.ajio.com/medias/sys_master/root/20230621/8bBp/6492574ed55b7d0c638a4541/-78Wx98H-463590731-pink-MODEL.jpg",
            "price": 2095,
            "was-price": 2095,
            "name": "Checks Lightly-Padded Bra",
            "url": "/wacoal-checks-lightly-padded-bra/p/463590731_pink",
            "offer-price": 900.85,
            "rating-count": 0,
            "cat1": "Women",
            "cat2": "Lingerie & Innerwear",
            "cat3": "Bras",
            "brand": "wacoal"
        },
        {
            "product-id": "463584959",
            "avg-rating": "",
            "img-url": "https://assets.ajio.com/medias/sys_master/root/20221118/5kST/63774c4daeb269659c9b70f3/-78Wx98H-463584959-maroon-MODEL.jpg",
            "price": 17000,
            "was-price": 17000,
            "name": "Checked Aluminum Trolley Bag ",
            "url": "/swiss-brand-checked-aluminum-trolley-bag/p/463584959_maroon",
            "offer-price": 6650,
            "rating-count": 0,
            "cat1": "Men",
            "cat2": "Bags, Belts & Wallets",
            "cat3": "Travel Bags",
            "brand": "swiss-brand"
        },
        {
            "product-id": "463589563",
            "avg-rating": "",
            "img-url": "https://assets.ajio.com/medias/sys_master/root/20221118/PRsX/63774d1daeb269659c9b88a5/-78Wx98H-463589563-grey-MODEL.jpg",
            "price": 12915,
            "was-price": 28700,
            "name": "Colourblock Aluminum Trolley Bag ",
            "url": "/swiss-brand-colourblock-aluminum-trolley-bag/p/463589563_grey",
            "offer-price": 11915,
            "rating-count": 0,
            "cat1": "Men",
            "cat2": "Bags, Belts & Wallets",
            "cat3": "Travel Bags",
            "brand": "swiss-brand"
        },
        {
            "product-id": "463592846",
            "avg-rating": "",
            "img-url": "https://assets.ajio.com/medias/sys_master/root/20211231/8vLD/61cf45fef997dd66230ca3a8/-78Wx98H-463592846-grey-MODEL.jpg",
            "price": 8990,
            "was-price": 8990,
            "name": " Solid Full-rim Frame Sunglasses",
            "url": "/numi-paris-solid-full-rim-frame-sunglasses/p/463592846_grey",
            "offer-price": 8540.5,
            "rating-count": 0,
            "cat1": "Men",
            "cat2": "Eyewear",
            "cat3": "Sunglasses",
            "brand": "numi-paris"
        },
        {
            "product-id": "463592753",
            "avg-rating": "",
            "img-url": "https://assets.ajio.com/medias/sys_master/root/20211231/6hma/61cf4410f997dd66230c8798/-78Wx98H-463592753-blue-MODEL.jpg",
            "price": 6999,
            "was-price": 6999,
            "name": " Solid Full-rim Frame Sunglasses",
            "url": "/numi-paris-solid-full-rim-frame-sunglasses/p/463592753_blue",
            "offer-price": 6649.05,
            "rating-count": 0,
            "cat1": "Men",
            "cat2": "Eyewear",
            "cat3": "Sunglasses",
            "brand": "numi-paris"
        },
        {
            "product-id": "463596001",
            "avg-rating": "",
            "img-url": "https://assets.ajio.com/medias/sys_master/root/20230327/2OVi/6421756f907deb497ab1a8a3/-78Wx98H-463596001-multi-MODEL.jpg",
            "price": 12700,
            "was-price": 12700,
            "name": "Full -rim UV Protected Sunglasses",
            "url": "/guess-full-rim-uv-protected-sunglasses/p/463596001_multi",
            "offer-price": 11700,
            "rating-count": 0,
            "cat1": "Men",
            "cat2": "Eyewear",
            "cat3": "Sunglasses",
            "brand": "guess"
        },
        {
            "product-id": "463590418",
            "avg-rating": "",
            "img-url": "https://assets.ajio.com/medias/sys_master/root/20220310/8PyC/6229c0acaeb26921afd10520/-78Wx98H-463590418-white-MODEL.jpg",
            "price": 23800,
            "was-price": 23800,
            "name": "Alison Panelled Lace-Up Casual Shoes with Butterfly Applique",
            "url": "/stanley-personal-alison-panelled-lace-up-casual-shoes-with-butterfly-applique/p/463590418_white",
            "offer-price": 21420,
            "rating-count": 0,
            "cat1": "Women",
            "cat2": "Footwear",
            "cat3": "Casual Shoes",
            "brand": "stanley-personal"
        },
        {
            "product-id": "410301326",
            "avg-rating": "",
            "img-url": "https://assets.ajio.com/medias/sys_master/root/20211230/fvy3/61ccaf15f997ddf8f16866b7/-78Wx98H-410301326-td6-MODEL.jpg",
            "price": 27500,
            "was-price": 27500,
            "name": "Knott Colourblock Shoulder Bag",
            "url": "/kate-spade-knott-colourblock-shoulder-bag/p/410301326_td6",
            "offer-price": 17325,
            "rating-count": 0,
            "cat1": "Women",
            "cat2": "Bags, Belts & Wallets",
            "cat3": "Handbags",
            "brand": "kate-spade"
        },
        {
            "product-id": "410301325",
            "avg-rating": "",
            "img-url": "https://assets.ajio.com/medias/sys_master/root/20211230/WeNs/61ccb7ccf997ddf8f16891b3/-78Wx98H-410301325-td6-MODEL.jpg",
            "price": 32500,
            "was-price": 32500,
            "name": "Knott Medium Satchel Bag with Adjustable Strap",
            "url": "/kate-spade-knott-medium-satchel-bag-with-adjustable-strap/p/410301325_td6",
            "offer-price": 23400,
            "rating-count": 0,
            "cat1": "Women",
            "cat2": "Bags, Belts & Wallets",
            "cat3": "Handbags",
            "brand": "kate-spade"
        },
        {
            "product-id": "463589619",
            "avg-rating": "",
            "img-url": "https://assets.ajio.com/medias/sys_master/root/20230310/bnby/640b3ac4aeb26924e3b67de0/-78Wx98H-463589619-cream-MODEL.jpg",
            "price": 29400,
            "was-price": 29400,
            "name": "Textured Trolley Bag",
            "url": "/calvin-klein-textured-trolley-bag/p/463589619_cream",
            "offer-price": 12230,
            "rating-count": 0,
            "cat1": "Men",
            "cat2": "Bags, Belts & Wallets",
            "cat3": "Travel Bags",
            "brand": "calvin-klein"
        },
        {
            "product-id": "463583913",
            "avg-rating": "",
            "img-url": "https://assets.ajio.com/medias/sys_master/root/20230407/i8kv/642ffbaf711cf97ba7120bc5/-78Wx98H-463583913-grey-MODEL.jpg",
            "price": 11930,
            "was-price": 11930,
            "name": "UV Protected Plastic Lens Sunglasses",
            "url": "/timberland-uv-protected-plastic-lens-sunglasses/p/463583913_grey",
            "offer-price": 4965,
            "rating-count": 0,
            "cat1": "Men",
            "cat2": "Eyewear",
            "cat3": "Sunglasses",
            "brand": "timberland"
        },
        {
            "product-id": "410299944",
            "avg-rating": "",
            "img-url": "https://assets.ajio.com/medias/sys_master/root/20211230/uFt6/61ccb1b6aeb269011022fe19/-78Wx98H-410299944-001-MODEL.jpg",
            "price": 34500,
            "was-price": 34500,
            "name": "Essential Large Work Tote Bag",
            "url": "/kate-spade-essential-large-work-tote-bag/p/410299944_001",
            "offer-price": 21735,
            "rating-count": 0,
            "cat1": "Women",
            "cat2": "Bags, Belts & Wallets",
            "cat3": "Handbags",
            "brand": "kate-spade"
        },
        {
            "product-id": "410252293",
            "avg-rating": "",
            "img-url": "https://assets.ajio.com/medias/sys_master/root/20210526/KRJm/60ae64b7f997ddb312aae908/-78Wx98H-410252293-430-MODEL.jpg",
            "price": 19000,
            "was-price": 19000,
            "name": "Mid-Rise Washed Slim Fit Jeans with Whiskers",
            "url": "/boss-mid-rise-washed-slim-fit-jeans-with-whiskers/p/410252293_430",
            "offer-price": 11115,
            "rating-count": 0,
            "cat1": "Men",
            "cat2": "Western Wear",
            "cat3": "Jeans",
            "brand": "boss"
        },
        {
            "product-id": "410252302",
            "avg-rating": "",
            "img-url": "https://assets.ajio.com/medias/sys_master/root/20210526/UI9X/60ae63c5f997ddb312aae53c/-78Wx98H-410252302-433-MODEL.jpg",
            "price": 21000,
            "was-price": 21000,
            "name": "Mid-Rise Washed Slim Fit Jeans with Whiskers",
            "url": "/boss-mid-rise-washed-slim-fit-jeans-with-whiskers/p/410252302_433",
            "offer-price": 12285,
            "rating-count": 0,
            "cat1": "Men",
            "cat2": "Western Wear",
            "cat3": "Jeans",
            "brand": "boss"
        },
        {
            "product-id": "410299842",
            "avg-rating": "",
            "img-url": "https://assets.ajio.com/medias/sys_master/root/20211229/NYua/61cb5edfaeb26901102071d9/-78Wx98H-410299842-tmo-MODEL.jpg",
            "price": 17500,
            "was-price": 17500,
            "name": "Devi Loafers with Bow Accent",
            "url": "/kate-spade-devi-loafers-with-bow-accent/p/410299842_tmo",
            "offer-price": 9450,
            "rating-count": 0,
            "cat1": "Women",
            "cat2": "Footwear",
            "cat3": "Flat Shoes",
            "brand": "kate-spade"
        },
        {
            "product-id": "410299915",
            "avg-rating": "",
            "img-url": "https://assets.ajio.com/medias/sys_master/root/20211229/9MY0/61cb63c2f997ddf8f1660893/-78Wx98H-410299915-sio-MODEL.jpg",
            "price": 21500,
            "was-price": 21500,
            "name": "Gogo Taxi Ballerinas",
            "url": "/kate-spade-gogo-taxi-ballerinas/p/410299915_sio",
            "offer-price": 11610,
            "rating-count": 0,
            "cat1": "Women",
            "cat2": "Footwear",
            "cat3": "Flat Shoes",
            "brand": "kate-spade"
        },
        {
            "product-id": "410299922",
            "avg-rating": "",
            "img-url": "https://assets.ajio.com/medias/sys_master/root/20211229/pYyv/61cb5b4caeb2690110204e23/-78Wx98H-410299922-blc-MODEL.jpg",
            "price": 24500,
            "was-price": 24500,
            "name": "Knott Floral Print Crossbody Sling Bag with Adjustable Strap",
            "url": "/kate-spade-knott-floral-print-crossbody-sling-bag-with-adjustable-strap/p/410299922_blc",
            "offer-price": 17640,
            "rating-count": 0,
            "cat1": "Women",
            "cat2": "Bags, Belts & Wallets",
            "cat3": "Handbags",
            "brand": "kate-spade"
        },
        {
            "product-id": "410299889",
            "avg-rating": "",
            "img-url": "https://assets.ajio.com/medias/sys_master/root/20211229/S3w9/61cb6837f997ddf8f1663ae8/-78Wx98H-410299889-l38-MODEL.jpg",
            "price": 12500,
            "was-price": 12500,
            "name": "New York Minute NYC Charm Link Bracelet",
            "url": "/kate-spade-new-york-minute-nyc-charm-link-bracelet/p/410299889_l38",
            "offer-price": 9000,
            "rating-count": 0,
            "cat1": "Women",
            "cat2": "Fashion Jewellery",
            "cat3": "Bracelets & Bangles",
            "brand": "kate-spade"
        },
        {
            "product-id": "410048331",
            "avg-rating": "",
            "img-url": "https://assets.ajio.com/medias/sys_master/root/20201126/6zu0/5fbf8cacf997dd8c83abb16e/-78Wx98H-410048331-blk-MODEL.jpg",
            "price": 1397,
            "was-price": 1995,
            "name": "Maya Padded Underwired Push-Up Bra ",
            "url": "/hunkemoller-maya-padded-underwired-push-up-bra/p/410048331_blk",
            "offer-price": 1045.99,
            "rating-count": 0,
            "cat1": "Women",
            "cat2": "Lingerie & Innerwear",
            "cat3": "Bras",
            "brand": "hunkemoller"
        },
        {
            "product-id": "463494118",
            "avg-rating": "",
            "img-url": "https://assets.ajio.com/medias/sys_master/root/20211231/ZWvC/61cebe51f997dd66230b1a21/-78Wx98H-463494118-pink-MODEL.jpg",
            "price": 1190,
            "was-price": 1190,
            "name": "Papaya & Yoghurt Facial Cleanser",
            "url": "/ohria-ayurveda-papaya-yoghurt-facial-cleanser/p/463494118_pink",
            "offer-price": 891.01,
            "rating-count": 0,
            "cat1": "Women",
            "cat2": "Personal Care",
            "cat3": "Face Care",
            "brand": "ohria-ayurveda"
        },
        {
            "product-id": "463493930",
            "avg-rating": "",
            "img-url": "https://assets.ajio.com/medias/sys_master/root/20211231/LD3l/61cebe37f997dd66230b1796/-78Wx98H-463493930-grey-MODEL.jpg",
            "price": 1390,
            "was-price": 1390,
            "name": "Himalayan Clay Masque",
            "url": "/ohria-ayurveda-himalayan-clay-masque/p/463493930_grey",
            "offer-price": 1040.75,
            "rating-count": 0,
            "cat1": "Women",
            "cat2": "Personal Care",
            "cat3": "Face Care",
            "brand": "ohria-ayurveda"
        },
        {
            "product-id": "463583982",
            "avg-rating": "",
            "img-url": "https://assets.ajio.com/medias/sys_master/root/20230407/1jbL/642ffb92711cf97ba7120779/-78Wx98H-463583982-grey-MODEL.jpg",
            "price": 7850,
            "was-price": 7850,
            "name": "UV Protected Plastic Frame Sunglasses",
            "url": "/timberland-uv-protected-plastic-frame-sunglasses/p/463583982_grey",
            "offer-price": 2941.29,
            "rating-count": 0,
            "cat1": "Men",
            "cat2": "Eyewear",
            "cat3": "Sunglasses",
            "brand": "timberland"
        },
        {
            "product-id": "463494146",
            "avg-rating": "",
            "img-url": "https://assets.ajio.com/medias/sys_master/root/20211231/Ex6o/61cebe37aeb2695cddffe16b/-78Wx98H-463494146-cream-MODEL.jpg",
            "price": 2250,
            "was-price": 2250,
            "name": "Brmhana Night Repair Serum",
            "url": "/ohria-ayurveda-brmhana-night-repair-serum/p/463494146_cream",
            "offer-price": 1686.09,
            "rating-count": 0,
            "cat1": "Women",
            "cat2": "Personal Care",
            "cat3": "Face Care",
            "brand": "ohria-ayurveda"
        },
        {
            "product-id": "410299919",
            "avg-rating": "",
            "img-url": "https://assets.ajio.com/medias/sys_master/root/20211229/jeho/61cb6582aeb269011020c2a8/-78Wx98H-410299919-l38-MODEL.jpg",
            "price": 21500,
            "was-price": 21500,
            "name": "Poppy Ballerinas",
            "url": "/kate-spade-poppy-ballerinas/p/410299919_l38",
            "offer-price": 11610,
            "rating-count": 0,
            "cat1": "Women",
            "cat2": "Footwear",
            "cat3": "Flat Shoes",
            "brand": "kate-spade"
        },
        {
            "product-id": "410299883",
            "avg-rating": "",
            "img-url": "https://assets.ajio.com/medias/sys_master/root/20211229/9X4m/61cb5eaaaeb2690110206fca/-78Wx98H-410299883-q2f-MODEL.jpg",
            "price": 5500,
            "was-price": 5500,
            "name": "Love Game Arrow Double Huggie Earrings",
            "url": "/kate-spade-love-game-arrow-double-huggie-earrings/p/410299883_q2f",
            "offer-price": 3960,
            "rating-count": 0,
            "cat1": "Women",
            "cat2": "Fashion Jewellery",
            "cat3": "Earrings",
            "brand": "kate-spade"
        },
        {
            "product-id": "410299911",
            "avg-rating": "",
            "img-url": "https://assets.ajio.com/medias/sys_master/root/20211229/INjY/61cb58bcf997ddf8f1658f0a/-78Wx98H-410299911-blk-MODEL.jpg",
            "price": 24500,
            "was-price": 24500,
            "name": "Marisol Pearl Heeled Pumps",
            "url": "/kate-spade-marisol-pearl-heeled-pumps/p/410299911_blk",
            "offer-price": 13230,
            "rating-count": 0,
            "cat1": "Women",
            "cat2": "Footwear",
            "cat3": "Heeled Shoes",
            "brand": "kate-spade"
        },
        {
            "product-id": "410299912",
            "avg-rating": "",
            "img-url": "https://assets.ajio.com/medias/sys_master/root/20211229/kPij/61cb5835f997ddf8f1658bef/-78Wx98H-410299912-tga-MODEL.jpg",
            "price": 21500,
            "was-price": 21500,
            "name": "Poppy Ballerinas",
            "url": "/kate-spade-poppy-ballerinas/p/410299912_tga",
            "offer-price": 11610,
            "rating-count": 0,
            "cat1": "Women",
            "cat2": "Footwear",
            "cat3": "Flat Shoes",
            "brand": "kate-spade"
        },
        {
            "product-id": "410299884",
            "avg-rating": "",
            "img-url": "https://assets.ajio.com/medias/sys_master/root/20211229/L6a1/61cb5c3ef997ddf8f165a3f9/-78Wx98H-410299884-red-MODEL.jpg",
            "price": 9500,
            "was-price": 9500,
            "name": "Pizza My Heart Hoops",
            "url": "/kate-spade-pizza-my-heart-hoops/p/410299884_red",
            "offer-price": 6840,
            "rating-count": 0,
            "cat1": "Women",
            "cat2": "Fashion Jewellery",
            "cat3": "Earrings",
            "brand": "kate-spade"
        },
        {
            "product-id": "410299913",
            "avg-rating": "",
            "img-url": "https://assets.ajio.com/medias/sys_master/root/20211229/5u2g/61cb6131f997ddf8f165e679/-78Wx98H-410299913-tdk-MODEL.jpg",
            "price": 9500,
            "was-price": 9500,
            "name": "Dove Bunny Slides",
            "url": "/kate-spade-dove-bunny-slides/p/410299913_tdk",
            "offer-price": 5130,
            "rating-count": 0,
            "cat1": "Women",
            "cat2": "Footwear",
            "cat3": "Flip Flop & Slippers",
            "brand": "kate-spade"
        },
        {
            "product-id": "410299886",
            "avg-rating": "",
            "img-url": "https://assets.ajio.com/medias/sys_master/root/20211229/MpLA/61cb57b6f997ddf8f1658987/-78Wx98H-410299886-l38-MODEL.jpg",
            "price": 4500,
            "was-price": 4500,
            "name": "Starring Bunny Asymmetrical Studs",
            "url": "/kate-spade-starring-bunny-asymmetrical-studs/p/410299886_l38",
            "offer-price": 3240,
            "rating-count": 0,
            "cat1": "Women",
            "cat2": "Fashion Jewellery",
            "cat3": "Earrings",
            "brand": "kate-spade"
        },
        {
            "product-id": "410299891",
            "avg-rating": "",
            "img-url": "https://assets.ajio.com/medias/sys_master/root/20211229/nftK/61cb6008f997ddf8f165d54c/-78Wx98H-410299891-red-MODEL.jpg",
            "price": 5500,
            "was-price": 5500,
            "name": "Pizza My Heart Studs",
            "url": "/kate-spade-pizza-my-heart-studs/p/410299891_red",
            "offer-price": 3960,
            "rating-count": 0,
            "cat1": "Women",
            "cat2": "Fashion Jewellery",
            "cat3": "Earrings",
            "brand": "kate-spade"
        },
        {
            "product-id": "410299914",
            "avg-rating": "",
            "img-url": "https://assets.ajio.com/medias/sys_master/root/20211229/JJt9/61cb699daeb269011020f1e7/-78Wx98H-410299914-blk-MODEL.jpg",
            "price": 17500,
            "was-price": 17500,
            "name": "Honey Pearls Ballerinas",
            "url": "/kate-spade-honey-pearls-ballerinas/p/410299914_blk",
            "offer-price": 9450,
            "rating-count": 0,
            "cat1": "Women",
            "cat2": "Footwear",
            "cat3": "Flat Shoes",
            "brand": "kate-spade"
        },
        {
            "product-id": "410299917",
            "avg-rating": "",
            "img-url": "https://assets.ajio.com/medias/sys_master/root/20211229/hGPz/61cb685faeb269011020e159/-78Wx98H-410299917-l38-MODEL.jpg",
            "price": 14500,
            "was-price": 14500,
            "name": "Honey Ballerinas",
            "url": "/kate-spade-honey-ballerinas/p/410299917_l38",
            "offer-price": 7830,
            "rating-count": 0,
            "cat1": "Women",
            "cat2": "Footwear",
            "cat3": "Flat Shoes",
            "brand": "kate-spade"
        }
    ]
}