{
    "": [],
    "ajio": [],
    "trends.ajio": [
        {
            "product-id": "440944889",
            "avg-rating": "",
            "img-url": "https://assets.ajio.com/medias/sys_master/root/20220107/3M9Z/61d83261f997dd662314f12c/-78Wx98H-440944889-black-MODEL.jpg",
            "price": 1699,
            "was-price": 1699,
            "name": "Printed Round-Neck Flared Kurta",
            "url": "/aurelia-printed-round-neck-flared-kurta/p/440944889_black",
            "offer-price": 635.35,
            "rating-count": 0,
            "cat1": "Women",
            "cat2": "Ethnic Wear",
            "cat3": "Kurtas",
            "brand": "aurelia"
        },
        {
            "product-id": "441134515",
            "avg-rating": "",
            "img-url": "https://assets.ajio.com/medias/sys_master/root/20220107/2Zus/61d73b63aeb2695cdd077512/-78Wx98H-441134515-ltblue-MODEL.jpg",
            "price": 999,
            "was-price": 999,
            "name": "Denim Shirt with Flap-Button Pockets",
            "url": "/dnmx-denim-shirt-with-flap-button-pockets/p/441134515_ltblue",
            "offer-price": 299.62,
            "rating-count": 0,
            "cat1": "Women",
            "cat2": "Western Wear",
            "cat3": "Shirts",
            "brand": "dnmx"
        },
        {
            "product-id": "441130814",
            "avg-rating": "",
            "img-url": "https://assets.ajio.com/medias/sys_master/root/20220106/Cknw/61d7067baeb2695cdd074d60/-78Wx98H-441130814-black-MODEL.jpg",
            "price": 400,
            "was-price": 999,
            "name": "Brand Print Slim Fit Crew-Neck T-shirt",
            "url": "/john-players-jeans-brand-print-slim-fit-crew-neck-t-shirt/p/441130814_black",
            "offer-price": 339.66,
            "rating-count": 0,
            "cat1": "Men",
            "cat2": "Western Wear",
            "cat3": "Tshirts",
            "brand": "john-players-jeans"
        },
        {
            "product-id": "441129625",
            "avg-rating": "",
            "img-url": "https://assets.ajio.com/medias/sys_master/root/20220107/2v8K/61d834abaeb2695cdd09723e/-78Wx98H-441129625-peach-MODEL.jpg",
            "price": 300,
            "was-price": 1199,
            "name": "Sports Leggings with Elasticated Waistband",
            "url": "/performax-sports-leggings-with-elasticated-waistband/p/441129625_peach",
            "offer-price": 224.24,
            "rating-count": 0,
            "cat1": "Women",
            "cat2": "Western Wear",
            "cat3": "Leggings",
            "brand": "performax"
        },
        {
            "product-id": "441134666",
            "avg-rating": "",
            "img-url": "https://assets.ajio.com/medias/sys_master/root/20220108/EB1l/61d894def997dd6623159f97/-78Wx98H-441134666-blue-MODEL.jpg",
            "price": 1299,
            "was-price": 1299,
            "name": "Checked Shirt with Patch Pocket",
            "url": "/dnmx-checked-shirt-with-patch-pocket/p/441134666_blue",
            "offer-price": 389.51,
            "rating-count": 0,
            "cat1": "Men",
            "cat2": "Western Wear",
            "cat3": "Shirts",
            "brand": "dnmx"
        },
        {
            "product-id": "441120838",
            "avg-rating": "",
            "img-url": "https://assets.ajio.com/medias/sys_master/root/20220107/k2XI/61d85771aeb2695cdd098377/-78Wx98H-441120838-charcoal-MODEL.jpg",
            "price": 300,
            "was-price": 999,
            "name": "Fitted Trackpants with Insert Pockets",
            "url": "/teamspirit-fitted-trackpants-with-insert-pockets/p/441120838_charcoal",
            "offer-price": 299.62,
            "rating-count": 0,
            "cat1": "Men",
            "cat2": "Western Wear",
            "cat3": "Track Pants",
            "brand": "teamspirit"
        },
        {
            "product-id": "441129625",
            "avg-rating": "",
            "img-url": "https://assets.ajio.com/medias/sys_master/root/20220107/vgHN/61d83259aeb2695cdd0967c1/-78Wx98H-441129625-jetblack-MODEL.jpg",
            "price": 1199,
            "was-price": 1199,
            "name": "Sports Leggings with Elasticated Waistband",
            "url": "/performax-sports-leggings-with-elasticated-waistband/p/441129625_jetblack",
            "offer-price": 224.24,
            "rating-count": 0,
            "cat1": "Women",
            "cat2": "Western Wear",
            "cat3": "Leggings",
            "brand": "performax"
        },
        {
            "product-id": "450143747",
            "avg-rating": "",
            "img-url": "https://assets.ajio.com/medias/sys_master/root/20211104/97ww/6183178aaeb2690110b96dcc/-78Wx98H-450143747-navy-MODEL.jpg",
            "price": 280,
            "was-price": 699,
            "name": "Textured Slip-On Casual Shoes",
            "url": "/cristofano-textured-slip-on-casual-shoes/p/450143747_navy",
            "offer-price": 279.44,
            "rating-count": 0,
            "cat1": "Men",
            "cat2": "Footwear",
            "cat3": "Casual Shoes",
            "brand": "cristofano"
        },
        {
            "product-id": "441134386",
            "avg-rating": "",
            "img-url": "https://assets.ajio.com/medias/sys_master/root/20220107/sVHS/61d83446aeb2695cdd09702a/-78Wx98H-441134386-offwhite-MODEL.jpg",
            "price": 999,
            "was-price": 999,
            "name": "Floral Print V-neck Flared Kurta",
            "url": "/avaasa-mix-n-match-floral-print-v-neck-flared-kurta/p/441134386_offwhite",
            "offer-price": 299.62,
            "rating-count": 0,
            "cat1": "Women",
            "cat2": "Ethnic Wear",
            "cat3": "Kurtas",
            "brand": "avaasa-mix-n-match"
        },
        {
            "product-id": "441131888",
            "avg-rating": "",
            "img-url": "https://assets.ajio.com/medias/sys_master/root/20220107/PKJs/61d735aef997dd662312fedb/-78Wx98H-441131888-white-MODEL.jpg",
            "price": 300,
            "was-price": 999,
            "name": "Cotton Schiffli Top with Ruffles",
            "url": "/dnmx-cotton-schiffli-top-with-ruffles/p/441131888_white",
            "offer-price": 299.62,
            "rating-count": 0,
            "cat1": "Women",
            "cat2": "Western Wear",
            "cat3": "Tops",
            "brand": "dnmx"
        },
        {
            "product-id": "450149286",
            "avg-rating": "",
            "img-url": "https://assets.ajio.com/medias/sys_master/root/20220108/ZIvG/61d886c9aeb2695cdd09c78f/-78Wx98H-450149286-olive-MODEL.jpg",
            "price": 2499,
            "was-price": 2499,
            "name": "Brand Print Lace-Up Running Sports Shoes",
            "url": "/fila-brand-print-lace-up-running-sports-shoes/p/450149286_olive",
            "offer-price": 504.55,
            "rating-count": 0,
            "cat1": "Men",
            "cat2": "Footwear",
            "cat3": "Sports Shoes",
            "brand": "fila"
        },
        {
            "product-id": "441133903",
            "avg-rating": "",
            "img-url": "https://assets.ajio.com/medias/sys_master/root/20220107/MagM/61d8342ef997dd662314f7f3/-78Wx98H-441133903-offwhite-MODEL.jpg",
            "price": 390,
            "was-price": 1299,
            "name": "Printed Round-Neck Flared Kurta",
            "url": "/avaasa-mix-n-match-printed-round-neck-flared-kurta/p/441133903_offwhite",
            "offer-price": 389.51,
            "rating-count": 0,
            "cat1": "Women",
            "cat2": "Ethnic Wear",
            "cat3": "Kurtas",
            "brand": "avaasa-mix-n-match"
        },
        {
            "product-id": "441120387",
            "avg-rating": "",
            "img-url": "https://assets.ajio.com/medias/sys_master/root/20220106/EA2m/61d7075df997dd662312ee44/-78Wx98H-441120387-jetblack-MODEL.jpg",
            "price": 510,
            "was-price": 1699,
            "name": "Men Lightly Washed Skinny Fit Jeans",
            "url": "/dnmx-men-lightly-washed-skinny-fit-jeans/p/441120387_jetblack",
            "offer-price": 509.36,
            "rating-count": 0,
            "cat1": "Men",
            "cat2": "Western Wear",
            "cat3": "Jeans",
            "brand": "dnmx"
        },
        {
            "product-id": "441135341",
            "avg-rating": "",
            "img-url": "https://assets.ajio.com/medias/sys_master/root/20220108/JbtZ/61d886bcaeb2695cdd09c6d3/-78Wx98H-441135341-darkblue-MODEL.jpg",
            "price": 1499,
            "was-price": 1499,
            "name": "Men Mid-Wash Slim Fit Jeans",
            "url": "/dnmx-men-mid-wash-slim-fit-jeans/p/441135341_darkblue",
            "offer-price": 449.44,
            "rating-count": 0,
            "cat1": "Men",
            "cat2": "Western Wear",
            "cat3": "Jeans",
            "brand": "dnmx"
        },
        {
            "product-id": "441135637",
            "avg-rating": "",
            "img-url": "https://assets.ajio.com/medias/sys_master/root/20220415/cWGK/6258793af997dd03e25f890d/-78Wx98H-441135637-beige-MODEL.jpg",
            "price": 419,
            "was-price": 599,
            "name": "Padded Non Wired Cotton T-Shirt Bra TS02",
            "url": "/fig-padded-non-wired-cotton-t-shirt-bra-ts02/p/441135637_beige",
            "offer-price": 299.5,
            "rating-count": 0,
            "cat1": "Women",
            "cat2": "Lingerie & Innerwear",
            "cat3": "Bras",
            "brand": "fig"
        },
        {
            "product-id": "441134714",
            "avg-rating": "",
            "img-url": "https://assets.ajio.com/medias/sys_master/root/20220107/9xVr/61d83452aeb2695cdd0970f5/-78Wx98H-441134714-pink-MODEL.jpg",
            "price": 1499,
            "was-price": 1499,
            "name": "Floral Print Round-Neck A-line Dress",
            "url": "/avaasa-set-floral-print-round-neck-a-line-dress/p/441134714_pink",
            "offer-price": 449.44,
            "rating-count": 0,
            "cat1": "Women",
            "cat2": "Fusion Wear",
            "cat3": "Dresses & Gowns",
            "brand": "avaasa-set"
        },
        {
            "product-id": "441035411",
            "avg-rating": "",
            "img-url": "https://assets.ajio.com/medias/sys_master/root/20210827/aI7i/6128fe3a7cdb8cb8240a42b7/-78Wx98H-441035411-darkblack-MODEL.jpg",
            "price": 2495,
            "was-price": 2495,
            "name": "Geometric Knit V-neck Cardigan",
            "url": "/duke-women-s-geometric-knit-v-neck-cardigan/p/441035411_darkblack",
            "offer-price": 1869.69,
            "rating-count": 0,
            "cat1": "Women",
            "cat2": "Western Wear",
            "cat3": "Sweaters & Cardigans",
            "brand": "duke-women-s"
        },
        {
            "product-id": "441133639",
            "avg-rating": "",
            "img-url": "https://assets.ajio.com/medias/sys_master/root/20220107/PlEs/61d83357f997dd662314f556/-78Wx98H-441133639-navy-MODEL.jpg",
            "price": 390,
            "was-price": 1299,
            "name": "Floral Embroidered Flared Kurta",
            "url": "/avaasa-mix-n-match-floral-embroidered-flared-kurta/p/441133639_navy",
            "offer-price": 389.51,
            "rating-count": 0,
            "cat1": "Women",
            "cat2": "Ethnic Wear",
            "cat3": "Kurtas",
            "brand": "avaasa-mix-n-match"
        },
        {
            "product-id": "441135862",
            "avg-rating": "",
            "img-url": "https://assets.ajio.com/medias/sys_master/root/20220107/t2ql/61d856e6f997dd6623150c06/-78Wx98H-441135862-white-MODEL.jpg",
            "price": 299,
            "was-price": 299,
            "name": "Graphic Print Round-Neck T-shirt",
            "url": "/kg-frendz-graphic-print-round-neck-t-shirt/p/441135862_white",
            "offer-price": 223.49,
            "rating-count": 0,
            "cat1": "Girls",
            "cat2": "Western Wear",
            "cat3": "Tshirts",
            "brand": "kg-frendz"
        },
        {
            "product-id": "441134978",
            "avg-rating": "",
            "img-url": "https://assets.ajio.com/medias/sys_master/root/20220107/4yRX/61d8359faeb2695cdd097705/-78Wx98H-441134978-grey-MODEL.jpg",
            "price": 450,
            "was-price": 1499,
            "name": "Flared Midi Dress with Embroidered Yoke",
            "url": "/fusion-flared-midi-dress-with-embroidered-yoke/p/441134978_grey",
            "offer-price": 449.44,
            "rating-count": 0,
            "cat1": "Women",
            "cat2": "Fusion Wear",
            "cat3": "Dresses & Gowns",
            "brand": "fusion"
        },
        {
            "product-id": "441132218",
            "avg-rating": "",
            "img-url": "https://assets.ajio.com/medias/sys_master/root/20220106/NZYD/61d70845aeb2695cdd07552e/-78Wx98H-441132218-mediumblue-MODEL.jpg",
            "price": 999,
            "was-price": 999,
            "name": "Checked Slim Fit Shirt with Patch Pocket",
            "url": "/netplay-checked-slim-fit-shirt-with-patch-pocket/p/441132218_mediumblue",
            "offer-price": 299.62,
            "rating-count": 0,
            "cat1": "Men",
            "cat2": "Western Wear",
            "cat3": "Shirts",
            "brand": "netplay"
        },
        {
            "product-id": "441129812",
            "avg-rating": "",
            "img-url": "https://assets.ajio.com/medias/sys_master/root/20220107/GV5s/61d8621ef997dd6623155123/-78Wx98H-441129812-jetblack-MODEL.jpg",
            "price": 999,
            "was-price": 999,
            "name": "Heathered Quick-dry Thumb-Hole Polo T-shirt",
            "url": "/performax-heathered-quick-dry-thumb-hole-polo-t-shirt/p/441129812_jetblack",
            "offer-price": 186.87,
            "rating-count": 0,
            "cat1": "Men",
            "cat2": "Night & Lounge Wear",
            "cat3": "Tshirts",
            "brand": "performax"
        },
        {
            "product-id": "441226697",
            "avg-rating": "",
            "img-url": "https://assets.ajio.com/medias/sys_master/root/20220113/hqQQ/61df2244aeb2695cdd11bb1d/-78Wx98H-441226697-indigo-MODEL.jpg",
            "price": 1899,
            "was-price": 1899,
            "name": "Checked Slim Fit Shirt with Patch Pocket",
            "url": "/sin-checked-slim-fit-shirt-with-patch-pocket/p/441226697_indigo",
            "offer-price": 1421.86,
            "rating-count": 0,
            "cat1": "Men",
            "cat2": "Western Wear",
            "cat3": "Shirts",
            "brand": "sin"
        },
        {
            "product-id": "441226797",
            "avg-rating": "",
            "img-url": "https://assets.ajio.com/medias/sys_master/root/20220113/kFWj/61df2382aeb2695cdd11bf11/-78Wx98H-441226797-white-MODEL.jpg",
            "price": 490,
            "was-price": 1399,
            "name": "Men Printed Slim Fit Shirt with Patch Pocket",
            "url": "/sin-men-printed-slim-fit-shirt-with-patch-pocket/p/441226797_white",
            "offer-price": 366.26,
            "rating-count": 0,
            "cat1": "Men",
            "cat2": "Western Wear",
            "cat3": "Shirts",
            "brand": "sin"
        },
        {
            "product-id": "441130176",
            "avg-rating": "",
            "img-url": "https://assets.ajio.com/medias/sys_master/root/20220106/jry5/61d708b5f997dd662312f5af/-78Wx98H-441130176-stone-MODEL.jpg",
            "price": 1499,
            "was-price": 1499,
            "name": "Tapered Fit Chinos",
            "url": "/netplay-tapered-fit-chinos/p/441130176_stone",
            "offer-price": 449.44,
            "rating-count": 0,
            "cat1": "Men",
            "cat2": "Western Wear",
            "cat3": "Trousers & Pants",
            "brand": "netplay"
        },
        {
            "product-id": "441136213",
            "avg-rating": "",
            "img-url": "https://assets.ajio.com/medias/sys_master/root/20220113/s4uo/61e04788f997dd6623204591/-78Wx98H-441136213-offwhite-MODEL.jpg",
            "price": 1699,
            "was-price": 1699,
            "name": "Floral Print A-line Dress with Waist Tie-Up",
            "url": "/fig-floral-print-a-line-dress-with-waist-tie-up/p/441136213_offwhite",
            "offer-price": 509.36,
            "rating-count": 0,
            "cat1": "Women",
            "cat2": "Western Wear",
            "cat3": "Dresses",
            "brand": "fig"
        },
        {
            "product-id": "441135181",
            "avg-rating": "",
            "img-url": "https://assets.ajio.com/medias/sys_master/root/20220114/BWjD/61e075e3f997dd6623206922/-78Wx98H-441135181-ltgrey-MODEL.jpg",
            "price": 1399,
            "was-price": 1399,
            "name": "Men Mid-Wash Skinny Fit Jeans",
            "url": "/dnmx-men-mid-wash-skinny-fit-jeans/p/441135181_ltgrey",
            "offer-price": 419.47,
            "rating-count": 0,
            "cat1": "Men",
            "cat2": "Western Wear",
            "cat3": "Jeans",
            "brand": "dnmx"
        },
        {
            "product-id": "440959850",
            "avg-rating": "",
            "img-url": "https://assets.ajio.com/medias/sys_master/root/20220111/RUAC/61dcb38cf997dd66231a6431/-78Wx98H-440959850-darkblue-MODEL.jpg",
            "price": 1999,
            "was-price": 1999,
            "name": "Mid-Wash Distressed Jacket",
            "url": "/ecko-mid-wash-distressed-jacket/p/440959850_darkblue",
            "offer-price": 1498,
            "rating-count": 0,
            "cat1": "Men",
            "cat2": "Western Wear",
            "cat3": "Jackets & Coats",
            "brand": "ecko"
        },
        {
            "product-id": "441127243",
            "avg-rating": "",
            "img-url": "https://assets.ajio.com/medias/sys_master/root/20220114/bHGi/61e0747caeb2695cdd13fbf6/-78Wx98H-441127243-white-MODEL.jpg",
            "price": 999,
            "was-price": 999,
            "name": "Slim Fit Kurta with Band Collar",
            "url": "/netplay-slim-fit-kurta-with-band-collar/p/441127243_white",
            "offer-price": 299.62,
            "rating-count": 0,
            "cat1": "Men",
            "cat2": "Ethnic Wear",
            "cat3": "Kurtas",
            "brand": "netplay"
        },
        {
            "product-id": "441184011",
            "avg-rating": "",
            "img-url": "https://assets.ajio.com/medias/sys_master/root/20220111/4U2z/61dc91b7aeb2695cdd0c9640/-78Wx98H-441184011-black-MODEL.jpg",
            "price": 2199,
            "was-price": 2199,
            "name": "Men Mid-Rise Skinny Fit Jeans",
            "url": "/sin-men-mid-rise-skinny-fit-jeans/p/441184011_black",
            "offer-price": 444,
            "rating-count": 0,
            "cat1": "Men",
            "cat2": "Western Wear",
            "cat3": "Jeans",
            "brand": "sin"
        },
        {
            "product-id": "441192133",
            "avg-rating": "",
            "img-url": "https://assets.ajio.com/medias/sys_master/root/20220113/9yVX/61df22a9f997dd66231df8c5/-78Wx98H-441192133-navy-MODEL.jpg",
            "price": 699,
            "was-price": 699,
            "name": "Brand Print V-neck T-shirt",
            "url": "/lee-cooper-brand-print-v-neck-t-shirt/p/441192133_navy",
            "offer-price": 237.52,
            "rating-count": 0,
            "cat1": "Men",
            "cat2": "Western Wear",
            "cat3": "Tshirts",
            "brand": "lee-cooper"
        },
        {
            "product-id": "441130176",
            "avg-rating": "",
            "img-url": "https://assets.ajio.com/medias/sys_master/root/20220114/ji5Z/61e075abaeb2695cdd13ffe0/-78Wx98H-441130176-olive-MODEL.jpg",
            "price": 1499,
            "was-price": 1499,
            "name": "Mid-Rise Tapered Fit Chinos",
            "url": "/netplay-mid-rise-tapered-fit-chinos/p/441130176_olive",
            "offer-price": 449.44,
            "rating-count": 0,
            "cat1": "Men",
            "cat2": "Western Wear",
            "cat3": "Trousers & Pants",
            "brand": "netplay"
        },
        {
            "product-id": "450144243",
            "avg-rating": "",
            "img-url": "https://assets.ajio.com/medias/sys_master/root/20220113/c0FG/61e04327f997dd6623202b5b/-78Wx98H-450144243-white-MODEL.jpg",
            "price": 160,
            "was-price": 399,
            "name": "Kids Printed Slip-On Casual Shoes",
            "url": "/pitter-patter-kids-printed-slip-on-casual-shoes/p/450144243_white",
            "offer-price": 159.68,
            "rating-count": 0,
            "cat1": "Girls",
            "cat2": "Footwear",
            "cat3": "Casual Shoes",
            "brand": "pitter-patter"
        },
        {
            "product-id": "441207247",
            "avg-rating": "",
            "img-url": "https://assets.ajio.com/medias/sys_master/root/20220111/582m/61dcaa72f997dd662319de5a/-78Wx98H-441207247-indigo-MODEL.jpg",
            "price": 2499,
            "was-price": 2499,
            "name": "Men Mid-Wash Skinny Fit Jeans",
            "url": "/sin-men-mid-wash-skinny-fit-jeans/p/441207247_indigo",
            "offer-price": 355.05,
            "rating-count": 0,
            "cat1": "Men",
            "cat2": "Western Wear",
            "cat3": "Jeans",
            "brand": "sin"
        },
        {
            "product-id": "441132067",
            "avg-rating": "",
            "img-url": "https://assets.ajio.com/medias/sys_master/root/20220113/7MWN/61e044acaeb2695cdd13d844/-78Wx98H-441132067-grey-MODEL.jpg",
            "price": 450,
            "was-price": 1499,
            "name": "Shirt Dress with Waist Tie-Up",
            "url": "/fig-shirt-dress-with-waist-tie-up/p/441132067_grey",
            "offer-price": 449.44,
            "rating-count": 0,
            "cat1": "Women",
            "cat2": "Western Wear",
            "cat3": "Dresses",
            "brand": "fig"
        },
        {
            "product-id": "441132067",
            "avg-rating": "",
            "img-url": "https://assets.ajio.com/medias/sys_master/root/20220113/wceQ/61e03f07f997dd66232015ee/-78Wx98H-441132067-peach-MODEL.jpg",
            "price": 450,
            "was-price": 1499,
            "name": "Shirt Dress with Waist Tie-Up",
            "url": "/fig-shirt-dress-with-waist-tie-up/p/441132067_peach",
            "offer-price": 449.44,
            "rating-count": 0,
            "cat1": "Women",
            "cat2": "Western Wear",
            "cat3": "Dresses",
            "brand": "fig"
        },
        {
            "product-id": "441207269",
            "avg-rating": "",
            "img-url": "https://assets.ajio.com/medias/sys_master/root/20220111/EdqR/61dc7dbef997dd662318084d/-78Wx98H-441207269-brown-MODEL.jpg",
            "price": 1499,
            "was-price": 1499,
            "name": "Men Checked Slim Fit Shirt with Patch Pocket",
            "url": "/sin-men-checked-slim-fit-shirt-with-patch-pocket/p/441207269_brown",
            "offer-price": 325.15,
            "rating-count": 0,
            "cat1": "Men",
            "cat2": "Western Wear",
            "cat3": "Shirts",
            "brand": "sin"
        },
        {
            "product-id": "441207291",
            "avg-rating": "",
            "img-url": "https://assets.ajio.com/medias/sys_master/root/20220111/RgFZ/61dcb2d5f997dd66231a5971/-78Wx98H-441207291-navy-MODEL.jpg",
            "price": 525,
            "was-price": 1499,
            "name": "Men Checked Slim Fit Shirt with Patch Pocket",
            "url": "/sin-men-checked-slim-fit-shirt-with-patch-pocket/p/441207291_navy",
            "offer-price": 392.42,
            "rating-count": 0,
            "cat1": "Men",
            "cat2": "Western Wear",
            "cat3": "Shirts",
            "brand": "sin"
        },
        {
            "product-id": "441127970",
            "avg-rating": "",
            "img-url": "https://assets.ajio.com/medias/sys_master/root/20220113/IUcw/61e04687f997dd6623203fc3/-78Wx98H-441127970-darkblue-MODEL.jpg",
            "price": 499,
            "was-price": 499,
            "name": "Fastdry Active T-shirt with Raglan Sleeves",
            "url": "/performax-fastdry-active-t-shirt-with-raglan-sleeves/p/441127970_darkblue",
            "offer-price": 220.5,
            "rating-count": 0,
            "cat1": "Women",
            "cat2": "Western Wear",
            "cat3": "Tshirts",
            "brand": "performax"
        },
        {
            "product-id": "441127970",
            "avg-rating": "",
            "img-url": "https://assets.ajio.com/medias/sys_master/root/20220113/3Xad/61e0414ff997dd6623202187/-78Wx98H-441127970-ltblue-MODEL.jpg",
            "price": 499,
            "was-price": 499,
            "name": "Fastdry Active T-shirt with Raglan Sleeves",
            "url": "/performax-fastdry-active-t-shirt-with-raglan-sleeves/p/441127970_ltblue",
            "offer-price": 220.5,
            "rating-count": 0,
            "cat1": "Women",
            "cat2": "Western Wear",
            "cat3": "Tshirts",
            "brand": "performax"
        },
        {
            "product-id": "441133263",
            "avg-rating": "",
            "img-url": "https://assets.ajio.com/medias/sys_master/root/20220106/rZH6/61d708a8f997dd662312f4d8/-78Wx98H-441133263-grey-MODEL.jpg",
            "price": 799,
            "was-price": 799,
            "name": "Slim Fit Crew-Neck T-Shirt with Placement Typography",
            "url": "/john-players-jeans-slim-fit-crew-neck-t-shirt-with-placement-typography/p/441133263_grey",
            "offer-price": 319.36,
            "rating-count": 0,
            "cat1": "Men",
            "cat2": "Western Wear",
            "cat3": "Tshirts",
            "brand": "john-players-jeans"
        },
        {
            "product-id": "441135057",
            "avg-rating": "",
            "img-url": "https://assets.ajio.com/medias/sys_master/root/20220113/8XIb/61e04329aeb2695cdd13cff1/-78Wx98H-441135057-ltpink-MODEL.jpg",
            "price": 390,
            "was-price": 1299,
            "name": "Ribbed Sleeveless A-line Dress",
            "url": "/fig-ribbed-sleeveless-a-line-dress/p/441135057_ltpink",
            "offer-price": 389.51,
            "rating-count": 0,
            "cat1": "Women",
            "cat2": "Western Wear",
            "cat3": "Dresses",
            "brand": "fig"
        },
        {
            "product-id": "441134544",
            "avg-rating": "",
            "img-url": "https://assets.ajio.com/medias/sys_master/root/20220107/7IJd/61d85edaf997dd6623153d69/-78Wx98H-441134544-grey-MODEL.jpg",
            "price": 999,
            "was-price": 999,
            "name": "Micro Print Flat-Front City Shorts",
            "url": "/dnmx-micro-print-flat-front-city-shorts/p/441134544_grey",
            "offer-price": 299.62,
            "rating-count": 0,
            "cat1": "Men",
            "cat2": "Western Wear",
            "cat3": "Shorts & 3/4ths",
            "brand": "dnmx"
        },
        {
            "product-id": "441131456",
            "avg-rating": "",
            "img-url": "https://assets.ajio.com/medias/sys_master/root/20220113/1fBs/61e047e0f997dd6623204797/-78Wx98H-441131456-olive-MODEL.jpg",
            "price": 999,
            "was-price": 999,
            "name": "Utility Tunic with Waist Belt",
            "url": "/dnmx-utility-tunic-with-waist-belt/p/441131456_olive",
            "offer-price": 299.62,
            "rating-count": 0,
            "cat1": "Women",
            "cat2": "Western Wear",
            "cat3": "Tops",
            "brand": "dnmx"
        },
        {
            "product-id": "441207268",
            "avg-rating": "",
            "img-url": "https://assets.ajio.com/medias/sys_master/root/20220111/dksM/61dc83ebaeb2695cdd0c5dc8/-78Wx98H-441207268-green-MODEL.jpg",
            "price": 1599,
            "was-price": 1599,
            "name": "Men Checked Slim Fit Shirt with Patch Pocket",
            "url": "/sin-men-checked-slim-fit-shirt-with-patch-pocket/p/441207268_green",
            "offer-price": 322.91,
            "rating-count": 0,
            "cat1": "Men",
            "cat2": "Western Wear",
            "cat3": "Shirts",
            "brand": "sin"
        },
        {
            "product-id": "441130588",
            "avg-rating": "",
            "img-url": "https://assets.ajio.com/medias/sys_master/root/20220114/e00U/61e07558aeb2695cdd13fec4/-78Wx98H-441130588-white-MODEL.jpg",
            "price": 1049,
            "was-price": 1049,
            "name": "Slim Fit Polo T-shirt with Contrast Panels",
            "url": "/john-players-slim-fit-polo-t-shirt-with-contrast-panels/p/441130588_white",
            "offer-price": 356.66,
            "rating-count": 0,
            "cat1": "Men",
            "cat2": "Western Wear",
            "cat3": "Tshirts",
            "brand": "john-players"
        },
        {
            "product-id": "441059491",
            "avg-rating": "",
            "img-url": "https://assets.ajio.com/medias/sys_master/root/20220113/VvFN/61e0467cf997dd6623203f54/-78Wx98H-441059491-peach-MODEL.jpg",
            "price": 199,
            "was-price": 199,
            "name": "Scarf with Fringes",
            "url": "/fig-scarf-with-fringes/p/441059491_peach",
            "offer-price": 148.75,
            "rating-count": 0,
            "cat1": "Women",
            "cat2": "Clothing Accessories",
            "cat3": "Stoles & Scarves",
            "brand": "fig"
        },
        {
            "product-id": "441123925",
            "avg-rating": "",
            "img-url": "https://assets.ajio.com/medias/sys_master/root/20220106/ZLbm/61d704ffaeb2695cdd074707/-78Wx98H-441123925-blue-MODEL.jpg",
            "price": 999,
            "was-price": 999,
            "name": "Geometric Print Shirt with Patch Pocket",
            "url": "/netplay-geometric-print-shirt-with-patch-pocket/p/441123925_blue",
            "offer-price": 299.62,
            "rating-count": 0,
            "cat1": "Men",
            "cat2": "Western Wear",
            "cat3": "Shirts",
            "brand": "netplay"
        },
        {
            "product-id": "441129805",
            "avg-rating": "",
            "img-url": "https://assets.ajio.com/medias/sys_master/root/20230517/oSuh/6464cb3442f9e729d790c6f0/-78Wx98H-441129805-jetblack-MODEL.jpg",
            "price": 375,
            "was-price": 1499,
            "name": "Men Micro Print Cuffed Joggers with Insert Pockets",
            "url": "/performax-men-micro-print-cuffed-joggers-with-insert-pockets/p/441129805_jetblack",
            "offer-price": 280.3,
            "rating-count": 0,
            "cat1": "Men",
            "cat2": "Western Wear",
            "cat3": "Track Pants",
            "brand": "performax"
        },
        {
            "product-id": "441209075",
            "avg-rating": "",
            "img-url": "https://assets.ajio.com/medias/sys_master/root/20220107/L1Cz/61d832e3aeb2695cdd096a7e/-78Wx98H-441209075-blue-MODEL.jpg",
            "price": 1699,
            "was-price": 1699,
            "name": "Slim Jeans with 5-pocket Styling",
            "url": "/lee-cooper-slim-jeans-with-5-pocket-styling/p/441209075_blue",
            "offer-price": 577,
            "rating-count": 0,
            "cat1": "Women",
            "cat2": "Western Wear",
            "cat3": "Jeans & Jeggings",
            "brand": "lee-cooper"
        },
        {
            "product-id": "450149284",
            "avg-rating": "",
            "img-url": "https://assets.ajio.com/medias/sys_master/root/20211231/dAOJ/61ce5974aeb2695cddffc690/-78Wx98H-450149284-black-MODEL.jpg",
            "price": 975,
            "was-price": 2499,
            "name": "Logo Print Lace-Up Running Sports Shoes",
            "url": "/fila-logo-print-lace-up-running-sports-shoes/p/450149284_black",
            "offer-price": 728.79,
            "rating-count": 0,
            "cat1": "Men",
            "cat2": "Footwear",
            "cat3": "Sports Shoes",
            "brand": "fila"
        },
        {
            "product-id": "441129822",
            "avg-rating": "",
            "img-url": "https://assets.ajio.com/medias/sys_master/root/20220107/f7Mh/61d85e70f997dd662315397c/-78Wx98H-441129822-darkgrey-MODEL.jpg",
            "price": 1299,
            "was-price": 1299,
            "name": "Heathered Trackpants with Elasticated Waist",
            "url": "/performax-heathered-trackpants-with-elasticated-waist/p/441129822_darkgrey",
            "offer-price": 242.93,
            "rating-count": 0,
            "cat1": "Men",
            "cat2": "Western Wear",
            "cat3": "Track Pants",
            "brand": "performax"
        },
        {
            "product-id": "441129589",
            "avg-rating": "",
            "img-url": "https://assets.ajio.com/medias/sys_master/root/20220107/sG0O/61d83259aeb2695cdd0967d3/-78Wx98H-441129589-jetblack-MODEL.jpg",
            "price": 1299,
            "was-price": 1299,
            "name": "Zip-Front Hoodie with Insert Pockets",
            "url": "/performax-zip-front-hoodie-with-insert-pockets/p/441129589_jetblack",
            "offer-price": 291.52,
            "rating-count": 0,
            "cat1": "Women",
            "cat2": "Western Wear",
            "cat3": "Jackets & Coats",
            "brand": "performax"
        },
        {
            "product-id": "441132734",
            "avg-rating": "",
            "img-url": "https://assets.ajio.com/medias/sys_master/root/20220106/yvUX/61d705eaf997dd662312e6a9/-78Wx98H-441132734-white-MODEL.jpg",
            "price": 1049,
            "was-price": 1049,
            "name": "Checked Slim Fit Shirt with Patch Pocket",
            "url": "/netplay-checked-slim-fit-shirt-with-patch-pocket/p/441132734_white",
            "offer-price": 314.61,
            "rating-count": 0,
            "cat1": "Men",
            "cat2": "Western Wear",
            "cat3": "Shirts",
            "brand": "netplay"
        },
        {
            "product-id": "441082751",
            "avg-rating": "",
            "img-url": "https://assets.ajio.com/medias/sys_master/root/20220108/Qa6w/61d8873ff997dd6623155eff/-78Wx98H-441082751-white-MODEL.jpg",
            "price": 1599,
            "was-price": 1599,
            "name": "Printed Slim Fit Shirt",
            "url": "/crimsoune-club-printed-slim-fit-shirt/p/441082751_white",
            "offer-price": 1197.24,
            "rating-count": 0,
            "cat1": "Men",
            "cat2": "Western Wear",
            "cat3": "Shirts",
            "brand": "crimsoune-club"
        },
        {
            "product-id": "441135261",
            "avg-rating": "",
            "img-url": "https://assets.ajio.com/medias/sys_master/root/20220108/JNDi/61d894ecaeb2695cdd09fe2c/-78Wx98H-441135261-darkblue-MODEL.jpg",
            "price": 540,
            "was-price": 1799,
            "name": "Men Mid-Wash Slim Fit Jeans",
            "url": "/dnmx-men-mid-wash-slim-fit-jeans/p/441135261_darkblue",
            "offer-price": 539.32,
            "rating-count": 0,
            "cat1": "Men",
            "cat2": "Western Wear",
            "cat3": "Jeans",
            "brand": "dnmx"
        },
        {
            "product-id": "441135260",
            "avg-rating": "",
            "img-url": "https://assets.ajio.com/medias/sys_master/root/20220108/kAaK/61d894ecaeb2695cdd09fe28/-78Wx98H-441135260-blue-MODEL.jpg",
            "price": 540,
            "was-price": 1799,
            "name": "Men Mid-Wash Slim Fit Jeans",
            "url": "/dnmx-men-mid-wash-slim-fit-jeans/p/441135260_blue",
            "offer-price": 539.32,
            "rating-count": 0,
            "cat1": "Men",
            "cat2": "Western Wear",
            "cat3": "Jeans",
            "brand": "dnmx"
        },
        {
            "product-id": "441130299",
            "avg-rating": "",
            "img-url": "https://assets.ajio.com/medias/sys_master/root/20220106/iFBo/61d7075baeb2695cdd0750c2/-78Wx98H-441130299-offwhite-MODEL.jpg",
            "price": 799,
            "was-price": 799,
            "name": "Colourblock Slim Fit Crew-Neck T-shirt",
            "url": "/john-players-colourblock-slim-fit-crew-neck-t-shirt/p/441130299_offwhite",
            "offer-price": 319.36,
            "rating-count": 0,
            "cat1": "Men",
            "cat2": "Western Wear",
            "cat3": "Tshirts",
            "brand": "john-players"
        },
        {
            "product-id": "441120386",
            "avg-rating": "",
            "img-url": "https://assets.ajio.com/medias/sys_master/root/20220106/Lgev/61d707c1f997dd662312ef68/-78Wx98H-441120386-black-MODEL.jpg",
            "price": 510,
            "was-price": 1699,
            "name": "Men Mid-Wash Skinny Fit Jeans",
            "url": "/dnmx-men-mid-wash-skinny-fit-jeans/p/441120386_black",
            "offer-price": 509.36,
            "rating-count": 0,
            "cat1": "Men",
            "cat2": "Western Wear",
            "cat3": "Jeans",
            "brand": "dnmx"
        },
        {
            "product-id": "441226652",
            "avg-rating": "",
            "img-url": "https://assets.ajio.com/medias/sys_master/root/20220111/y9Ho/61dc91b3f997dd662318695f/-78Wx98H-441226652-black-MODEL.jpg",
            "price": 1152,
            "was-price": 2399,
            "name": "Men Lightly Washed Skinny Fit Jeans",
            "url": "/sin-men-lightly-washed-skinny-fit-jeans/p/441226652_black",
            "offer-price": 862.55,
            "rating-count": 0,
            "cat1": "Men",
            "cat2": "Western Wear",
            "cat3": "Jeans",
            "brand": "sin"
        },
        {
            "product-id": "440969445",
            "avg-rating": "",
            "img-url": "https://assets.ajio.com/medias/sys_master/root/20220111/Ieel/61dda045f997dd66231b5b93/-78Wx98H-440969445-offwhite-MODEL.jpg",
            "price": 1999,
            "was-price": 1999,
            "name": "Printed Straight Kurta with Floral Embroidery",
            "url": "/w-printed-straight-kurta-with-floral-embroidery/p/440969445_offwhite",
            "offer-price": 328.89,
            "rating-count": 0,
            "cat1": "Women",
            "cat2": "Ethnic Wear",
            "cat3": "Kurtas",
            "brand": "w"
        },
        {
            "product-id": "440922278",
            "avg-rating": "",
            "img-url": "https://assets.ajio.com/medias/sys_master/root/20220111/3MQX/61dcae48aeb2695cdd0e2be2/-78Wx98H-440922278-black-MODEL.jpg",
            "price": 1599,
            "was-price": 1599,
            "name": "Slim Fit Shirt with Patch Pocket",
            "url": "/crimsoune-club-slim-fit-shirt-with-patch-pocket/p/440922278_black",
            "offer-price": 1197.24,
            "rating-count": 0,
            "cat1": "Men",
            "cat2": "Western Wear",
            "cat3": "Shirts",
            "brand": "crimsoune-club"
        },
        {
            "product-id": "440953144",
            "avg-rating": "",
            "img-url": "https://assets.ajio.com/medias/sys_master/root/20220111/6lGm/61dc9245aeb2695cdd0c9972/-78Wx98H-440953144-red-MODEL.jpg",
            "price": 1599,
            "was-price": 1599,
            "name": "Checked Slim Fit Shirt with Patch Pocket",
            "url": "/crimsoune-club-checked-slim-fit-shirt-with-patch-pocket/p/440953144_red",
            "offer-price": 1197.24,
            "rating-count": 0,
            "cat1": "Men",
            "cat2": "Western Wear",
            "cat3": "Shirts",
            "brand": "crimsoune-club"
        },
        {
            "product-id": "441137183",
            "avg-rating": "",
            "img-url": "https://assets.ajio.com/medias/sys_master/root/20220106/1Ft3/61d705def997dd662312e628/-78Wx98H-441137183-khaki-MODEL.jpg",
            "price": 1049,
            "was-price": 1049,
            "name": "Checked Shirt with Patch Pocket",
            "url": "/netplay-checked-shirt-with-patch-pocket/p/441137183_khaki",
            "offer-price": 314.61,
            "rating-count": 0,
            "cat1": "Men",
            "cat2": "Western Wear",
            "cat3": "Shirts",
            "brand": "netplay"
        },
        {
            "product-id": "441099343",
            "avg-rating": "",
            "img-url": "https://assets.ajio.com/medias/sys_master/root/20220111/p5QI/61dca74ef997dd662319aee4/-78Wx98H-441099343-beige-MODEL.jpg",
            "price": 1799,
            "was-price": 1799,
            "name": "Novelty Print Slim Fit Shirt with Patch Pocket",
            "url": "/crimsoune-club-novelty-print-slim-fit-shirt-with-patch-pocket/p/441099343_beige",
            "offer-price": 1346.99,
            "rating-count": 0,
            "cat1": "Men",
            "cat2": "Western Wear",
            "cat3": "Shirts",
            "brand": "crimsoune-club"
        },
        {
            "product-id": "441129621",
            "avg-rating": "",
            "img-url": "https://assets.ajio.com/medias/sys_master/root/20220107/x7Ja/61d83261f997dd662314f129/-78Wx98H-441129621-magntafusha-MODEL.jpg",
            "price": 300,
            "was-price": 1199,
            "name": "Fast-Dry Seamless Sports Leggings",
            "url": "/performax-fast-dry-seamless-sports-leggings/p/441129621_magntafusha",
            "offer-price": 224.24,
            "rating-count": 0,
            "cat1": "Women",
            "cat2": "Western Wear",
            "cat3": "Leggings",
            "brand": "performax"
        },
        {
            "product-id": "441129621",
            "avg-rating": "",
            "img-url": "https://assets.ajio.com/medias/sys_master/root/20221117/uj2y/63760eb0f997ddfdbd801737/-78Wx98H-441129621-jetblack-MODEL.jpg",
            "price": 1199,
            "was-price": 1199,
            "name": "Sports Leggings with Elasticated Waistband",
            "url": "/performax-sports-leggings-with-elasticated-waistband/p/441129621_jetblack",
            "offer-price": 224.24,
            "rating-count": 0,
            "cat1": "Women",
            "cat2": "Western Wear",
            "cat3": "Leggings",
            "brand": "performax"
        },
        {
            "product-id": "441243586",
            "avg-rating": "",
            "img-url": "https://assets.ajio.com/medias/sys_master/root/20211230/ePnn/61ccaf11aeb269011022f3b7/-78Wx98H-441243586-red-MODEL.jpg",
            "price": 599,
            "was-price": 599,
            "name": "Regular Fit Brand Print V-neck T-Shirt",
            "url": "/lee-cooper-regular-fit-brand-print-v-neck-t-shirt/p/441243586_red",
            "offer-price": 203.59,
            "rating-count": 0,
            "cat1": "Men",
            "cat2": "Western Wear",
            "cat3": "Tshirts",
            "brand": "lee-cooper"
        },
        {
            "product-id": "441226798",
            "avg-rating": "",
            "img-url": "https://assets.ajio.com/medias/sys_master/root/20220111/TMWL/61dc9063f997dd66231863a4/-78Wx98H-441226798-white-MODEL.jpg",
            "price": 574,
            "was-price": 1399,
            "name": "Micro Print Slim Shirt with Patch Pocket",
            "url": "/sin-micro-print-slim-shirt-with-patch-pocket/p/441226798_white",
            "offer-price": 429.05,
            "rating-count": 0,
            "cat1": "Men",
            "cat2": "Western Wear",
            "cat3": "Shirts",
            "brand": "sin"
        },
        {
            "product-id": "441129812",
            "avg-rating": "",
            "img-url": "https://assets.ajio.com/medias/sys_master/root/20220107/NqEL/61d86040f997dd662315456e/-78Wx98H-441129812-ltgrey-MODEL.jpg",
            "price": 999,
            "was-price": 999,
            "name": "Quick-dry Thumb-Hole Polo T-shirt",
            "url": "/performax-quick-dry-thumb-hole-polo-t-shirt/p/441129812_ltgrey",
            "offer-price": 186.87,
            "rating-count": 0,
            "cat1": "Men",
            "cat2": "Night & Lounge Wear",
            "cat3": "Tshirts",
            "brand": "performax"
        },
        {
            "product-id": "441130920",
            "avg-rating": "",
            "img-url": "https://assets.ajio.com/medias/sys_master/root/20220106/CK44/61d70845aeb2695cdd07554e/-78Wx98H-441130920-olive-MODEL.jpg",
            "price": 1499,
            "was-price": 1499,
            "name": "Men Slim Fit Kurta Shirt",
            "url": "/john-players-jeans-men-slim-fit-kurta-shirt/p/441130920_olive",
            "offer-price": 509.66,
            "rating-count": 0,
            "cat1": "Men",
            "cat2": "Western Wear",
            "cat3": "Shirts",
            "brand": "john-players-jeans"
        }
    ]
}