{
    "luxe.ajio": [
        {
            "product-id": "463511847",
            "avg-rating": "",
            "img-url": "https://assets.ajio.com/medias/sys_master/root/20230621/abgc/649257ccd55b7d0c638a547d/-78Wx98H-463511847-brown-MODEL.jpg",
            "price": 1290,
            "was-price": 1290,
            "name": "Banyan Root Hair  Oil",
            "url": "/ohria-ayurveda-banyan-root-hair-oil/p/463511847_brown",
            "offer-price": 965.88,
            "rating-count": 0,
            "cat1": "Women",
            "cat2": "Hair Care",
            "cat3": "Oils & Spa",
            "brand": "ohria-ayurveda"
        },
        {
            "product-id": "463519012",
            "avg-rating": "",
            "img-url": "https://assets.ajio.com/medias/sys_master/root/20211218/rNtR/61bd05f0f997ddf8f157095a/-78Wx98H-463519012-multi-MODEL.jpg",
            "price": 1470,
            "was-price": 1470,
            "name": "Pack of 3 Car Air Fresheners",
            "url": "/yankee-candles-pack-of-3-car-air-fresheners/p/463519012_multi",
            "offer-price": 770.46,
            "rating-count": 0,
            "cat1": "Home & Kitchen",
            "cat2": "Decor & Gifting",
            "cat3": "Home Fragrances",
            "brand": "yankee-candles"
        },
        {
            "product-id": "410295533",
            "avg-rating": "",
            "img-url": "https://assets.ajio.com/medias/sys_master/root/20211217/G8Xw/61bb9bd9f997ddf8f154f3a2/-78Wx98H-410295533-510-MODEL.jpg",
            "price": 20990,
            "was-price": 20990,
            "name": "Cotton Oxford Shirt with Button-Down Collar",
            "url": "/paul-shark-cotton-oxford-shirt-with-button-down-collar/p/410295533_510",
            "offer-price": 11334.6,
            "rating-count": 0,
            "cat1": "Men",
            "cat2": "Western Wear",
            "cat3": "Shirts",
            "brand": "paul-shark"
        },
        {
            "product-id": "463518870",
            "avg-rating": "",
            "img-url": "https://assets.ajio.com/medias/sys_master/root/20211218/Cplf/61bd066ff997ddf8f1571083/-78Wx98H-463518870-multi-MODEL.jpg",
            "price": 2340,
            "was-price": 2340,
            "name": "Pack of 2 Car Air Freshener with Refill ",
            "url": "/yankee-candles-pack-of-2-car-air-freshener-with-refill/p/463518870_multi",
            "offer-price": 1226.44,
            "rating-count": 0,
            "cat1": "Home & Kitchen",
            "cat2": "Decor & Gifting",
            "cat3": "Home Fragrances",
            "brand": "yankee-candles"
        },
        {
            "product-id": "463518958",
            "avg-rating": "",
            "img-url": "https://assets.ajio.com/medias/sys_master/root/20211218/Elvi/61bd06d8f997ddf8f1571645/-78Wx98H-463518958-multi-MODEL.jpg",
            "price": 1470,
            "was-price": 1470,
            "name": "Pack of 3 Car Air Fresheners",
            "url": "/yankee-candles-pack-of-3-car-air-fresheners/p/463518958_multi",
            "offer-price": 770.46,
            "rating-count": 0,
            "cat1": "Home & Kitchen",
            "cat2": "Decor & Gifting",
            "cat3": "Home Fragrances",
            "brand": "yankee-candles"
        },
        {
            "product-id": "463519022",
            "avg-rating": "",
            "img-url": "https://assets.ajio.com/medias/sys_master/root/20211218/jrm6/61bd042daeb2690110127d88/-78Wx98H-463519022-multi-MODEL.jpg",
            "price": 1960,
            "was-price": 1960,
            "name": "Pack of 2 Clip Air Fresheners",
            "url": "/yankee-candles-pack-of-2-clip-air-fresheners/p/463519022_multi",
            "offer-price": 1027.28,
            "rating-count": 0,
            "cat1": "Home & Kitchen",
            "cat2": "Decor & Gifting",
            "cat3": "Home Fragrances",
            "brand": "yankee-candles"
        },
        {
            "product-id": "463519520",
            "avg-rating": "",
            "img-url": "https://assets.ajio.com/medias/sys_master/root/20220310/zVuR/6229c0a2aeb26921afd1043c/-78Wx98H-463519520-black-MODEL.jpg",
            "price": 15600,
            "was-price": 15600,
            "name": "Strappy Slingback Sandals",
            "url": "/stanley-personal-strappy-slingback-sandals/p/463519520_black",
            "offer-price": 14040,
            "rating-count": 0,
            "cat1": "Women",
            "cat2": "Footwear",
            "cat3": "Flat Sandals",
            "brand": "stanley-personal"
        },
        {
            "product-id": "463518881",
            "avg-rating": "",
            "img-url": "https://assets.ajio.com/medias/sys_master/root/20211218/vjM3/61bd0002aeb2690110124207/-78Wx98H-463518881-multi-MODEL.jpg",
            "price": 1470,
            "was-price": 1470,
            "name": "Pack of 3 Car Air Fresheners",
            "url": "/yankee-candles-pack-of-3-car-air-fresheners/p/463518881_multi",
            "offer-price": 770.46,
            "rating-count": 0,
            "cat1": "Home & Kitchen",
            "cat2": "Decor & Gifting",
            "cat3": "Home Fragrances",
            "brand": "yankee-candles"
        },
        {
            "product-id": "463511712",
            "avg-rating": "",
            "img-url": "https://assets.ajio.com/medias/sys_master/root/20220310/p1FP/6229c0f8f997dd03e20b3584/-78Wx98H-463511712-burgundy-MODEL.jpg",
            "price": 20100,
            "was-price": 20100,
            "name": "Reptilian Printed Slip-On Shoes ",
            "url": "/stanley-personal-reptilian-printed-slip-on-shoes/p/463511712_burgundy",
            "offer-price": 18090,
            "rating-count": 0,
            "cat1": "Men",
            "cat2": "Footwear",
            "cat3": "Casual Shoes",
            "brand": "stanley-personal"
        },
        {
            "product-id": "463511770",
            "avg-rating": "",
            "img-url": "https://assets.ajio.com/medias/sys_master/root/20220310/Hj3g/6229c0ddf997dd03e20b32dd/-78Wx98H-463511770-brown-MODEL.jpg",
            "price": 27100,
            "was-price": 27100,
            "name": "Basket-Weave Panelled Genuine Leather Lace-Up Formal Shoes",
            "url": "/stanley-personal-basket-weave-panelled-genuine-leather-lace-up-formal-shoes/p/463511770_brown",
            "offer-price": 24390,
            "rating-count": 0,
            "cat1": "Men",
            "cat2": "Footwear",
            "cat3": "Formal Shoes",
            "brand": "stanley-personal"
        },
        {
            "product-id": "410295464",
            "avg-rating": "",
            "img-url": "https://assets.ajio.com/medias/sys_master/root/20211217/mfoP/61bba004aeb269011010a1c7/-78Wx98H-410295464-931-MODEL.jpg",
            "price": 20990,
            "was-price": 20990,
            "name": "Knitted Typographic Print Polo T-Shirt",
            "url": "/paul-shark-knitted-typographic-print-polo-t-shirt/p/410295464_931",
            "offer-price": 11334.6,
            "rating-count": 0,
            "cat1": "Men",
            "cat2": "Western Wear",
            "cat3": "Tshirts",
            "brand": "paul-shark"
        },
        {
            "product-id": "463514517",
            "avg-rating": "",
            "img-url": "https://assets.ajio.com/medias/sys_master/root/20220322/OBEB/62399ebdaeb26921afe9e319/-78Wx98H-463514517-pink-MODEL.jpg",
            "price": 7500,
            "was-price": 7500,
            "name": "Striped Crop Top with Surplice Neckline",
            "url": "/nikasha-striped-crop-top-with-surplice-neckline/p/463514517_pink",
            "offer-price": 6500,
            "rating-count": 0,
            "cat1": "Women",
            "cat2": "Western Wear",
            "cat3": "Tops",
            "brand": "nikasha"
        },
        {
            "product-id": "463513237",
            "avg-rating": "",
            "img-url": "https://assets.ajio.com/medias/sys_master/root/20220310/yRak/6229c0b1f997dd03e20b2f4d/-78Wx98H-463513237-brown-MODEL.jpg",
            "price": 18900,
            "was-price": 18900,
            "name": "Solid Regular Heeled Sandals",
            "url": "/stanley-personal-solid-regular-heeled-sandals/p/463513237_brown",
            "offer-price": 17010,
            "rating-count": 0,
            "cat1": "Women",
            "cat2": "Footwear",
            "cat3": "Heeled Sandals",
            "brand": "stanley-personal"
        },
        {
            "product-id": "410295524",
            "avg-rating": "",
            "img-url": "https://assets.ajio.com/medias/sys_master/root/20211217/VlZB/61bb9a67f997ddf8f154ed17/-78Wx98H-410295524-101-MODEL.jpg",
            "price": 14394,
            "was-price": 23990,
            "name": "Printed Cotton Tailored Fit Shirt",
            "url": "/paul-shark-printed-cotton-tailored-fit-shirt/p/410295524_101",
            "offer-price": 12954.6,
            "rating-count": 0,
            "cat1": "Men",
            "cat2": "Western Wear",
            "cat3": "Shirts",
            "brand": "paul-shark"
        },
        {
            "product-id": "410295528",
            "avg-rating": "",
            "img-url": "https://assets.ajio.com/medias/sys_master/root/20211217/cGBW/61bb911aaeb2690110106ab8/-78Wx98H-410295528-50-MODEL.jpg",
            "price": 14394,
            "was-price": 23990,
            "name": "Logo Print Cotton Shirt",
            "url": "/paul-shark-logo-print-cotton-shirt/p/410295528_50",
            "offer-price": 12954.6,
            "rating-count": 0,
            "cat1": "Men",
            "cat2": "Western Wear",
            "cat3": "Shirts",
            "brand": "paul-shark"
        },
        {
            "product-id": "410295535",
            "avg-rating": "",
            "img-url": "https://assets.ajio.com/medias/sys_master/root/20211217/1mL9/61bb8e2af997ddf8f154b33d/-78Wx98H-410295535-404-MODEL.jpg",
            "price": 20990,
            "was-price": 20990,
            "name": "Striped Button-Down Cotton Shirt",
            "url": "/paul-shark-striped-button-down-cotton-shirt/p/410295535_404",
            "offer-price": 11334.6,
            "rating-count": 0,
            "cat1": "Men",
            "cat2": "Western Wear",
            "cat3": "Shirts",
            "brand": "paul-shark"
        },
        {
            "product-id": "410295915",
            "avg-rating": "",
            "img-url": "https://assets.ajio.com/medias/sys_master/root/20211217/HdFp/61bb9f02f997ddf8f155010d/-78Wx98H-410295915-6357-MODEL.jpg",
            "price": 45000,
            "was-price": 45000,
            "name": "Bi-Fold Wallet",
            "url": "/bottega-veneta-bi-fold-wallet/p/410295915_6357",
            "offer-price": 38250,
            "rating-count": 0,
            "cat1": "Men",
            "cat2": "Bags, Belts & Wallets",
            "cat3": "Wallets",
            "brand": "bottega-veneta"
        },
        {
            "product-id": "410295537",
            "avg-rating": "",
            "img-url": "https://assets.ajio.com/medias/sys_master/root/20211217/HezT/61bb9208f997ddf8f154c564/-78Wx98H-410295537-50-MODEL.jpg",
            "price": 23990,
            "was-price": 23990,
            "name": "Cotton Poplin Shirt with Logo Print",
            "url": "/paul-shark-cotton-poplin-shirt-with-logo-print/p/410295537_50",
            "offer-price": 12954.6,
            "rating-count": 0,
            "cat1": "Men",
            "cat2": "Western Wear",
            "cat3": "Shirts",
            "brand": "paul-shark"
        },
        {
            "product-id": "469046214",
            "avg-rating": "",
            "img-url": "https://assets.ajio.com/medias/sys_master/root/20211120/DKvY/6197fad4f997ddf8f110787e/-78Wx98H-469046214-olivegreen-MODEL.jpg",
            "price": 13999,
            "was-price": 13999,
            "name": "BERTHOLDT Regular Fit Check Print Shirt",
            "url": "/all-saints-bertholdt-regular-fit-check-print-shirt/p/469046214_olivegreen",
            "offer-price": 12599.1,
            "rating-count": 0,
            "cat1": "Men",
            "cat2": "Western Wear",
            "cat3": "Shirts",
            "brand": "all-saints"
        },
        {
            "product-id": "410295545",
            "avg-rating": "",
            "img-url": "https://assets.ajio.com/medias/sys_master/root/20211217/zb5G/61bba1e1aeb269011010a9c4/-78Wx98H-410295545-408-MODEL.jpg",
            "price": 13990,
            "was-price": 13990,
            "name": "Brand Print Crew-Neck T-Shirt",
            "url": "/paul-shark-brand-print-crew-neck-t-shirt/p/410295545_408",
            "offer-price": 7554.6,
            "rating-count": 0,
            "cat1": "Men",
            "cat2": "Western Wear",
            "cat3": "Tshirts",
            "brand": "paul-shark"
        },
        {
            "product-id": "410295545",
            "avg-rating": "",
            "img-url": "https://assets.ajio.com/medias/sys_master/root/20211217/2Sz4/61bb8949aeb2690110103f06/-78Wx98H-410295545-11-MODEL.jpg",
            "price": 13990,
            "was-price": 13990,
            "name": "Brand Print Crew-Neck T-Shirt",
            "url": "/paul-shark-brand-print-crew-neck-t-shirt/p/410295545_11",
            "offer-price": 7554.6,
            "rating-count": 0,
            "cat1": "Men",
            "cat2": "Western Wear",
            "cat3": "Tshirts",
            "brand": "paul-shark"
        },
        {
            "product-id": "463508667",
            "avg-rating": "",
            "img-url": "https://assets.ajio.com/medias/sys_master/root/20220322/lryv/62399ec4f997dd03e224ef8b/-78Wx98H-463508667-black-MODEL.jpg",
            "price": 17000,
            "was-price": 17000,
            "name": "Geometric Print Asymmetric Tunic & Skirt Set",
            "url": "/nikasha-geometric-print-asymmetric-tunic-skirt-set/p/463508667_black",
            "offer-price": 16000,
            "rating-count": 0,
            "cat1": "Women",
            "cat2": "Fusion Wear",
            "cat3": "Fusion Wear Sets",
            "brand": "nikasha"
        },
        {
            "product-id": "463519510",
            "avg-rating": "",
            "img-url": "https://assets.ajio.com/medias/sys_master/root/20220310/wdBJ/6229c0c4aeb26921afd106f0/-78Wx98H-463519510-nude-MODEL.jpg",
            "price": 17900,
            "was-price": 17900,
            "name": "T-strap Sandals with Ankle-Strap",
            "url": "/stanley-personal-t-strap-sandals-with-ankle-strap/p/463519510_nude",
            "offer-price": 16110,
            "rating-count": 0,
            "cat1": "Women",
            "cat2": "Footwear",
            "cat3": "Flat Sandals",
            "brand": "stanley-personal"
        },
        {
            "product-id": "463511107",
            "avg-rating": "",
            "img-url": "https://assets.ajio.com/medias/sys_master/root/20220310/ORhG/6229c099f997dd03e20b2dbe/-78Wx98H-463511107-brown-MODEL.jpg",
            "price": 26000,
            "was-price": 26000,
            "name": "Panelled Genuine Leather Monk Shoes with Broguing",
            "url": "/stanley-personal-panelled-genuine-leather-monk-shoes-with-broguing/p/463511107_brown",
            "offer-price": 23400,
            "rating-count": 0,
            "cat1": "Men",
            "cat2": "Footwear",
            "cat3": "Formal Shoes",
            "brand": "stanley-personal"
        },
        {
            "product-id": "463519498",
            "avg-rating": "",
            "img-url": "https://assets.ajio.com/medias/sys_master/root/20220310/0wPj/6229c0f4aeb26921afd10b73/-78Wx98H-463519498-pink-MODEL.jpg",
            "price": 18900,
            "was-price": 18900,
            "name": "Embellished T-strap Sandals",
            "url": "/stanley-personal-embellished-t-strap-sandals/p/463519498_pink",
            "offer-price": 17010,
            "rating-count": 0,
            "cat1": "Women",
            "cat2": "Footwear",
            "cat3": "Flat Sandals",
            "brand": "stanley-personal"
        },
        {
            "product-id": "463518986",
            "avg-rating": "",
            "img-url": "https://assets.ajio.com/medias/sys_master/root/20211218/5vwx/61bd060ef997ddf8f1570af7/-78Wx98H-463518986-multi-MODEL.jpg",
            "price": 1960,
            "was-price": 1960,
            "name": "Pack of 2 Candle Air Freshener",
            "url": "/yankee-candles-pack-of-2-candle-air-freshener/p/463518986_multi",
            "offer-price": 1027.28,
            "rating-count": 0,
            "cat1": "Home & Kitchen",
            "cat2": "Decor & Gifting",
            "cat3": "Home Fragrances",
            "brand": "yankee-candles"
        },
        {
            "product-id": "463518947",
            "avg-rating": "",
            "img-url": "https://assets.ajio.com/medias/sys_master/root/20211218/Adyg/61bd0702f997ddf8f15718d0/-78Wx98H-463518947-multi-MODEL.jpg",
            "price": 1470,
            "was-price": 1470,
            "name": "Pack of 3 Car Air Fresheners",
            "url": "/yankee-candles-pack-of-3-car-air-fresheners/p/463518947_multi",
            "offer-price": 770.46,
            "rating-count": 0,
            "cat1": "Home & Kitchen",
            "cat2": "Decor & Gifting",
            "cat3": "Home Fragrances",
            "brand": "yankee-candles"
        },
        {
            "product-id": "463508860",
            "avg-rating": "",
            "img-url": "https://assets.ajio.com/medias/sys_master/root/20220310/fqpc/6229c162f997dd03e20b3f47/-78Wx98H-463508860-multi-MODEL.jpg",
            "price": 3592,
            "was-price": 4490,
            "name": "Floral Printed Rectangular Rugs ",
            "url": "/art-avenue-floral-printed-rectangular-rugs/p/463508860_multi",
            "offer-price": 2691.75,
            "rating-count": 0,
            "cat1": "Home & Kitchen",
            "cat2": "Furnishings",
            "cat3": "Rugs, Carpets & Dhurries",
            "brand": "art-avenue"
        },
        {
            "product-id": "463518982",
            "avg-rating": "",
            "img-url": "https://assets.ajio.com/medias/sys_master/root/20211218/yiAk/61bd05c5f997ddf8f15706e0/-78Wx98H-463518982-multi-MODEL.jpg",
            "price": 1470,
            "was-price": 1470,
            "name": "Pack of 3 Car Air Fresheners",
            "url": "/yankee-candles-pack-of-3-car-air-fresheners/p/463518982_multi",
            "offer-price": 770.46,
            "rating-count": 0,
            "cat1": "Home & Kitchen",
            "cat2": "Decor & Gifting",
            "cat3": "Home Fragrances",
            "brand": "yankee-candles"
        },
        {
            "product-id": "463511477",
            "avg-rating": "",
            "img-url": "https://assets.ajio.com/medias/sys_master/root/20220322/mYzm/62399ed7f997dd03e224f136/-78Wx98H-463511477-pink-MODEL.jpg",
            "price": 15850,
            "was-price": 15850,
            "name": "Striped V-neck Tiered Dress",
            "url": "/nikasha-striped-v-neck-tiered-dress/p/463511477_pink",
            "offer-price": 14850,
            "rating-count": 0,
            "cat1": "Women",
            "cat2": "Western Wear",
            "cat3": "Dresses",
            "brand": "nikasha"
        },
        {
            "product-id": "463519117",
            "avg-rating": "",
            "img-url": "https://assets.ajio.com/medias/sys_master/root/20211218/YoDQ/61bd0802aeb269011012b489/-78Wx98H-463519117-multi-MODEL.jpg",
            "price": 2320,
            "was-price": 2320,
            "name": "Pack of 2  Air Fresheners",
            "url": "/yankee-candles-pack-of-2-air-fresheners/p/463519117_multi",
            "offer-price": 1215.96,
            "rating-count": 0,
            "cat1": "Home & Kitchen",
            "cat2": "Decor & Gifting",
            "cat3": "Home Fragrances",
            "brand": "yankee-candles"
        },
        {
            "product-id": "463508635",
            "avg-rating": "",
            "img-url": "https://assets.ajio.com/medias/sys_master/root/20211216/XxKO/61bb7ce1aeb26901100fa05f/-78Wx98H-463508635-multi-MODEL.jpg",
            "price": 25000,
            "was-price": 25000,
            "name": "Kamalan Ki Pichvai Wall Art Painting",
            "url": "/pichvai-tradition-beyond-kamalan-ki-pichvai-wall-art-painting/p/463508635_multi",
            "offer-price": 24000,
            "rating-count": 0,
            "cat1": "Home & Kitchen",
            "cat2": "Decor & Gifting",
            "cat3": "Wall & Table Decor",
            "brand": "pichvai-tradition-beyond"
        },
        {
            "product-id": "463518903",
            "avg-rating": "",
            "img-url": "https://assets.ajio.com/medias/sys_master/root/20230621/Y6uA/649259ed42f9e729d762c017/-78Wx98H-463518903-multi-MODEL.jpg",
            "price": 1470,
            "was-price": 1470,
            "name": "Pack of 3 Car Air Fresheners",
            "url": "/yankee-candles-pack-of-3-car-air-fresheners/p/463518903_multi",
            "offer-price": 770.46,
            "rating-count": 0,
            "cat1": "Home & Kitchen",
            "cat2": "Decor & Gifting",
            "cat3": "Home Fragrances",
            "brand": "yankee-candles"
        },
        {
            "product-id": "410295536",
            "avg-rating": "",
            "img-url": "https://assets.ajio.com/medias/sys_master/root/20211217/11tZ/61bb8ca9f997ddf8f154a840/-78Wx98H-410295536-11-MODEL.jpg",
            "price": 23990,
            "was-price": 23990,
            "name": "Cotton Poplin Shirt with Reflective Print",
            "url": "/paul-shark-cotton-poplin-shirt-with-reflective-print/p/410295536_11",
            "offer-price": 12954.6,
            "rating-count": 0,
            "cat1": "Men",
            "cat2": "Western Wear",
            "cat3": "Shirts",
            "brand": "paul-shark"
        },
        {
            "product-id": "410295454",
            "avg-rating": "",
            "img-url": "https://assets.ajio.com/medias/sys_master/root/20211217/EkNF/61bb89a9f997ddf8f1548f8e/-78Wx98H-410295454-472-MODEL.jpg",
            "price": 18990,
            "was-price": 18990,
            "name": "Knitted Colourblock Polo T-Shirt",
            "url": "/paul-shark-knitted-colourblock-polo-t-shirt/p/410295454_472",
            "offer-price": 10254.6,
            "rating-count": 0,
            "cat1": "Men",
            "cat2": "Western Wear",
            "cat3": "Tshirts",
            "brand": "paul-shark"
        },
        {
            "product-id": "410295545",
            "avg-rating": "",
            "img-url": "https://assets.ajio.com/medias/sys_master/root/20211217/GqLd/61bb8c52aeb269011010554e/-78Wx98H-410295545-13-MODEL.jpg",
            "price": 13990,
            "was-price": 13990,
            "name": "Brand Print Crew-Neck T-Shirt",
            "url": "/paul-shark-brand-print-crew-neck-t-shirt/p/410295545_13",
            "offer-price": 7554.6,
            "rating-count": 0,
            "cat1": "Men",
            "cat2": "Western Wear",
            "cat3": "Tshirts",
            "brand": "paul-shark"
        },
        {
            "product-id": "463530655",
            "avg-rating": "",
            "img-url": "https://assets.ajio.com/medias/sys_master/root/20220317/1Znt/62332210f997dd03e21baaf0/-78Wx98H-463530655-purple-MODEL.jpg",
            "price": 6000,
            "was-price": 6000,
            "name": "Check Print Gown Dress",
            "url": "/doodlage-check-print-gown-dress/p/463530655_purple",
            "offer-price": 5000,
            "rating-count": 0,
            "cat1": "Women",
            "cat2": "Western Wear",
            "cat3": "Dresses",
            "brand": "doodlage"
        },
        {
            "product-id": "463527516",
            "avg-rating": "",
            "img-url": "https://assets.ajio.com/medias/sys_master/root/20211221/rXGm/61c0f0a1f997ddf8f158da9a/-78Wx98H-463527516-multi-MODEL.jpg",
            "price": 1470,
            "was-price": 1470,
            "name": " Pack of 3 Car Jar Air Freshener",
            "url": "/yankee-candles-pack-of-3-car-jar-air-freshener/p/463527516_multi",
            "offer-price": 770.46,
            "rating-count": 0,
            "cat1": "Home & Kitchen",
            "cat2": "Decor & Gifting",
            "cat3": "Home Fragrances",
            "brand": "yankee-candles"
        },
        {
            "product-id": "410295466",
            "avg-rating": "",
            "img-url": "https://assets.ajio.com/medias/sys_master/root/20211217/AWOr/61bb9208aeb2690110106e3d/-78Wx98H-410295466-345-MODEL.jpg",
            "price": 18990,
            "was-price": 18990,
            "name": "Organic Cotton Polo T-Shirt",
            "url": "/paul-shark-organic-cotton-polo-t-shirt/p/410295466_345",
            "offer-price": 10254.6,
            "rating-count": 0,
            "cat1": "Men",
            "cat2": "Western Wear",
            "cat3": "Tshirts",
            "brand": "paul-shark"
        },
        {
            "product-id": "463508849",
            "avg-rating": "",
            "img-url": "https://assets.ajio.com/medias/sys_master/root/20220310/YcUa/6229c111aeb26921afd10e1a/-78Wx98H-463508849-beige-MODEL.jpg",
            "price": 1592,
            "was-price": 1990,
            "name": "Leaf Printed Rectangular Carpets",
            "url": "/art-avenue-leaf-printed-rectangular-carpets/p/463508849_beige",
            "offer-price": 1192,
            "rating-count": 0,
            "cat1": "Home & Kitchen",
            "cat2": "Furnishings",
            "cat3": "Rugs, Carpets & Dhurries",
            "brand": "art-avenue"
        },
        {
            "product-id": "410295507",
            "avg-rating": "",
            "img-url": "https://assets.ajio.com/medias/sys_master/root/20211217/DwiE/61bb9902aeb26901101086ed/-78Wx98H-410295507-10-MODEL.jpg",
            "price": 23990,
            "was-price": 23990,
            "name": "Graphic Print Knitted Polo T-Shirt with Logo",
            "url": "/paul-shark-graphic-print-knitted-polo-t-shirt-with-logo/p/410295507_10",
            "offer-price": 12954.6,
            "rating-count": 0,
            "cat1": "Men",
            "cat2": "Western Wear",
            "cat3": "Tshirts",
            "brand": "paul-shark"
        },
        {
            "product-id": "463519590",
            "avg-rating": "",
            "img-url": "https://assets.ajio.com/medias/sys_master/root/20220310/itB5/6229c111aeb26921afd10e25/-78Wx98H-463519590-white-MODEL.jpg",
            "price": 17900,
            "was-price": 17900,
            "name": "Strappy Platform Sandals",
            "url": "/stanley-personal-strappy-platform-sandals/p/463519590_white",
            "offer-price": 16110,
            "rating-count": 0,
            "cat1": "Women",
            "cat2": "Footwear",
            "cat3": "Flat Sandals",
            "brand": "stanley-personal"
        },
        {
            "product-id": "462505005",
            "avg-rating": "",
            "img-url": "https://assets.ajio.com/medias/sys_master/root/20210612/sZTh/60c419a4aeb269a9e3e61b2d/-78Wx98H-462505005-grey-MODEL.jpg",
            "price": 28490,
            "was-price": 28490,
            "name": "Full Rim Rectangular Sunglasses",
            "url": "/saint-laurent-full-rim-rectangular-sunglasses/p/462505005_grey",
            "offer-price": 13675.2,
            "rating-count": 0,
            "cat1": "Women",
            "cat2": "Eyewear",
            "cat3": "Sunglasses",
            "brand": "saint-laurent"
        },
        {
            "product-id": "410287555",
            "avg-rating": "",
            "img-url": "https://assets.ajio.com/medias/sys_master/root/20210415/37ad/60785e94aeb269a9e3928d63/-78Wx98H-410287555-9u-MODEL.jpg",
            "price": 65000,
            "was-price": 65000,
            "name": "Grained Cow Leather Sling Bag with Chain Strap",
            "url": "/lancel-grained-cow-leather-sling-bag-with-chain-strap/p/410287555_9u",
            "offer-price": 58500,
            "rating-count": 0,
            "cat1": "Women",
            "cat2": "Bags, Belts & Wallets",
            "cat3": "Handbags",
            "brand": "lancel"
        },
        {
            "product-id": "410271436",
            "avg-rating": "",
            "img-url": "https://assets.ajio.com/medias/sys_master/root/20210617/eU8u/60cb6f07aeb269a9e3ed3733/-78Wx98H-410271436-90-MODEL.jpg",
            "price": 13194,
            "was-price": 21990,
            "name": "French Placket Shirt with Spread Collar",
            "url": "/paul-shark-french-placket-shirt-with-spread-collar/p/410271436_90",
            "offer-price": 11874.6,
            "rating-count": 0,
            "cat1": "Men",
            "cat2": "Western Wear",
            "cat3": "Shirts",
            "brand": "paul-shark"
        },
        {
            "product-id": "463506796",
            "avg-rating": "",
            "img-url": "https://assets.ajio.com/medias/sys_master/root/20220322/bUfK/62399ec7aeb26921afe9e3cf/-78Wx98H-463506796-green-MODEL.jpg",
            "price": 12500,
            "was-price": 12500,
            "name": "Striped V-neck Shift Dress",
            "url": "/nikasha-striped-v-neck-shift-dress/p/463506796_green",
            "offer-price": 11500,
            "rating-count": 0,
            "cat1": "Women",
            "cat2": "Western Wear",
            "cat3": "Dresses",
            "brand": "nikasha"
        },
        {
            "product-id": "463507131",
            "avg-rating": "",
            "img-url": "https://assets.ajio.com/medias/sys_master/root/20220310/tyLW/6229c0feaeb26921afd10c6a/-78Wx98H-463507131-brown-MODEL.jpg",
            "price": 23400,
            "was-price": 23400,
            "name": "Solid Lace-up Formal Boots",
            "url": "/stanley-personal-solid-lace-up-formal-boots/p/463507131_brown",
            "offer-price": 21060,
            "rating-count": 0,
            "cat1": "Men",
            "cat2": "Footwear",
            "cat3": "Formal Shoes",
            "brand": "stanley-personal"
        },
        {
            "product-id": "463507024",
            "avg-rating": "",
            "img-url": "https://assets.ajio.com/medias/sys_master/root/20220310/rGUW/6229c0cfaeb26921afd107e8/-78Wx98H-463507024-black-MODEL.jpg",
            "price": 27600,
            "was-price": 27600,
            "name": "Textured Lace-up Formal Boots",
            "url": "/stanley-personal-textured-lace-up-formal-boots/p/463507024_black",
            "offer-price": 24840,
            "rating-count": 0,
            "cat1": "Men",
            "cat2": "Footwear",
            "cat3": "Formal Shoes",
            "brand": "stanley-personal"
        },
        {
            "product-id": "463507187",
            "avg-rating": "",
            "img-url": "https://assets.ajio.com/medias/sys_master/root/20230327/mlCX/64217532711cf97ba7f04142/-78Wx98H-463507187-brown-MODEL.jpg",
            "price": 3450,
            "was-price": 3450,
            "name": "UV Protected Square Sunglasses",
            "url": "/kenneth-cole-uv-protected-square-sunglasses/p/463507187_brown",
            "offer-price": 2585.34,
            "rating-count": 0,
            "cat1": "Men",
            "cat2": "Eyewear",
            "cat3": "Sunglasses",
            "brand": "kenneth-cole"
        },
        {
            "product-id": "463506993",
            "avg-rating": "",
            "img-url": "https://assets.ajio.com/medias/sys_master/root/20220310/9Fw9/6229c102f997dd03e20b3692/-78Wx98H-463506993-brown-MODEL.jpg",
            "price": 27600,
            "was-price": 27600,
            "name": "Textured Lace-up Formal Boots",
            "url": "/stanley-personal-textured-lace-up-formal-boots/p/463506993_brown",
            "offer-price": 24840,
            "rating-count": 0,
            "cat1": "Men",
            "cat2": "Footwear",
            "cat3": "Formal Shoes",
            "brand": "stanley-personal"
        },
        {
            "product-id": "463507381",
            "avg-rating": "",
            "img-url": "https://assets.ajio.com/medias/sys_master/root/20230914/umRL/6502c4a8afa4cf41f5e3b0ae/-78Wx98H-463507381-green-MODEL.jpg",
            "price": 7030,
            "was-price": 7030,
            "name": "UV-Protected Round Sunglasses with Top Bar",
            "url": "/timberland-uv-protected-round-sunglasses-with-top-bar/p/463507381_green",
            "offer-price": 2634.05,
            "rating-count": 0,
            "cat1": "Men",
            "cat2": "Eyewear",
            "cat3": "Sunglasses",
            "brand": "timberland"
        },
        {
            "product-id": "463506765",
            "avg-rating": "",
            "img-url": "https://assets.ajio.com/medias/sys_master/root/20220322/5pjd/62399ec4f997dd03e224ef96/-78Wx98H-463506765-green-MODEL.jpg",
            "price": 12500,
            "was-price": 12500,
            "name": "V-neck Shift Dress",
            "url": "/nikasha-v-neck-shift-dress/p/463506765_green",
            "offer-price": 11500,
            "rating-count": 0,
            "cat1": "Women",
            "cat2": "Western Wear",
            "cat3": "Dresses",
            "brand": "nikasha"
        },
        {
            "product-id": "463506843",
            "avg-rating": "",
            "img-url": "https://assets.ajio.com/medias/sys_master/root/20220322/eAJr/62399ecdf997dd03e224f06b/-78Wx98H-463506843-yellow-MODEL.jpg",
            "price": 12500,
            "was-price": 12500,
            "name": "Striped V-neck Shift Dress",
            "url": "/nikasha-striped-v-neck-shift-dress/p/463506843_yellow",
            "offer-price": 11500,
            "rating-count": 0,
            "cat1": "Women",
            "cat2": "Western Wear",
            "cat3": "Dresses",
            "brand": "nikasha"
        },
        {
            "product-id": "463506728",
            "avg-rating": "",
            "img-url": "https://assets.ajio.com/medias/sys_master/root/20220322/z9cc/62399ecdf997dd03e224f06c/-78Wx98H-463506728-pink-MODEL.jpg",
            "price": 8000,
            "was-price": 8000,
            "name": "Striped Blousons Top",
            "url": "/nikasha-striped-blousons-top/p/463506728_pink",
            "offer-price": 7000,
            "rating-count": 0,
            "cat1": "Women",
            "cat2": "Western Wear",
            "cat3": "Tops",
            "brand": "nikasha"
        },
        {
            "product-id": "463504117",
            "avg-rating": "",
            "img-url": "https://assets.ajio.com/medias/sys_master/root/20230310/vXA6/640b3a57aeb26924e3b66d04/-78Wx98H-463504117-multi-MODEL.jpg",
            "price": 17900,
            "was-price": 17900,
            "name": "Brand Logo Embossed Trolley",
            "url": "/calvin-klein-brand-logo-embossed-trolley/p/463504117_multi",
            "offer-price": 7055,
            "rating-count": 0,
            "cat1": "Men",
            "cat2": "Bags, Belts & Wallets",
            "cat3": "Travel Bags",
            "brand": "calvin-klein"
        },
        {
            "product-id": "463504047",
            "avg-rating": "",
            "img-url": "https://assets.ajio.com/medias/sys_master/root/20230310/T3M9/640b3afaaeb26924e3b68414/-78Wx98H-463504047-multi-MODEL.jpg",
            "price": 21800,
            "was-price": 21800,
            "name": "Trolley with Adjustable Valet Straps ",
            "url": "/calvin-klein-trolley-with-adjustable-valet-straps/p/463504047_multi",
            "offer-price": 9900,
            "rating-count": 0,
            "cat1": "Men",
            "cat2": "Bags, Belts & Wallets",
            "cat3": "Travel Bags",
            "brand": "calvin-klein"
        },
        {
            "product-id": "463507083",
            "avg-rating": "",
            "img-url": "https://assets.ajio.com/medias/sys_master/root/20220310/O86P/6229c102f997dd03e20b3690/-78Wx98H-463507083-grey-MODEL.jpg",
            "price": 26300,
            "was-price": 26300,
            "name": "Solid Lace-up Formal Boots",
            "url": "/stanley-personal-solid-lace-up-formal-boots/p/463507083_grey",
            "offer-price": 23670,
            "rating-count": 0,
            "cat1": "Men",
            "cat2": "Footwear",
            "cat3": "Formal Shoes",
            "brand": "stanley-personal"
        },
        {
            "product-id": "463507152",
            "avg-rating": "",
            "img-url": "https://assets.ajio.com/medias/sys_master/root/20220310/ARQF/6229c12af997dd03e20b3a40/-78Wx98H-463507152-brown-MODEL.jpg",
            "price": 26300,
            "was-price": 26300,
            "name": "Solid Lace-up Formal Shoes",
            "url": "/stanley-personal-solid-lace-up-formal-shoes/p/463507152_brown",
            "offer-price": 23670,
            "rating-count": 0,
            "cat1": "Men",
            "cat2": "Footwear",
            "cat3": "Formal Shoes",
            "brand": "stanley-personal"
        },
        {
            "product-id": "463507163",
            "avg-rating": "",
            "img-url": "https://assets.ajio.com/medias/sys_master/root/20220310/02Za/6229c0ebaeb26921afd10a9a/-78Wx98H-463507163-brown-MODEL.jpg",
            "price": 33200,
            "was-price": 33200,
            "name": "Textured Regular Formal Shoes",
            "url": "/stanley-personal-textured-regular-formal-shoes/p/463507163_brown",
            "offer-price": 29880,
            "rating-count": 0,
            "cat1": "Men",
            "cat2": "Footwear",
            "cat3": "Formal Shoes",
            "brand": "stanley-personal"
        },
        {
            "product-id": "463506658",
            "avg-rating": "",
            "img-url": "https://assets.ajio.com/medias/sys_master/root/20220322/tfL9/62399ec4f997dd03e224ef98/-78Wx98H-463506658-pink-MODEL.jpg",
            "price": 12000,
            "was-price": 12000,
            "name": "Colourblock Pleated A-line Dress",
            "url": "/nikasha-colourblock-pleated-a-line-dress/p/463506658_pink",
            "offer-price": 11000,
            "rating-count": 0,
            "cat1": "Women",
            "cat2": "Western Wear",
            "cat3": "Dresses",
            "brand": "nikasha"
        },
        {
            "product-id": "463507137",
            "avg-rating": "",
            "img-url": "https://assets.ajio.com/medias/sys_master/root/20220310/rNpl/6229c11baeb26921afd10f1e/-78Wx98H-463507137-brown-MODEL.jpg",
            "price": 27100,
            "was-price": 27100,
            "name": "Textured Lace-up Formal Shoes",
            "url": "/stanley-personal-textured-lace-up-formal-shoes/p/463507137_brown",
            "offer-price": 24390,
            "rating-count": 0,
            "cat1": "Men",
            "cat2": "Footwear",
            "cat3": "Formal Shoes",
            "brand": "stanley-personal"
        },
        {
            "product-id": "463505881",
            "avg-rating": "",
            "img-url": "https://assets.ajio.com/medias/sys_master/root/20220317/vmCa/62332225aeb26921afe0fced/-78Wx98H-463505881-multi-MODEL.jpg",
            "price": 6000,
            "was-price": 6000,
            "name": "Checked Round-Neck Kaftan Dress",
            "url": "/doodlage-checked-round-neck-kaftan-dress/p/463505881_multi",
            "offer-price": 5000,
            "rating-count": 0,
            "cat1": "Women",
            "cat2": "Western Wear",
            "cat3": "Dresses",
            "brand": "doodlage"
        },
        {
            "product-id": "463506644",
            "avg-rating": "",
            "img-url": "https://assets.ajio.com/medias/sys_master/root/20230310/8tTn/640b3a9af997dde6f4efbc90/-78Wx98H-463506644-multi-MODEL.jpg",
            "price": 27900,
            "was-price": 27900,
            "name": "Water-Resistant Floral Print Trolley Bag",
            "url": "/calvin-klein-water-resistant-floral-print-trolley-bag/p/463506644_multi",
            "offer-price": 11555,
            "rating-count": 0,
            "cat1": "Men",
            "cat2": "Bags, Belts & Wallets",
            "cat3": "Travel Bags",
            "brand": "calvin-klein"
        },
        {
            "product-id": "462515202",
            "avg-rating": "",
            "img-url": "https://assets.ajio.com/medias/sys_master/root/20230321/LIxf/6419c631f997dde6f423bfc0/-78Wx98H-462515202-white-MODEL.jpg",
            "price": 3300,
            "was-price": 3300,
            "name": "Apricity Petite Stoneware Quarter Plate",
            "url": "/ikai-asai-apricity-petite-stoneware-quarter-plate/p/462515202_white",
            "offer-price": 3003,
            "rating-count": 0,
            "cat1": "Home & Kitchen",
            "cat2": "Kitchen & Dining",
            "cat3": "Serveware & Drinkware",
            "brand": "ikai-asai"
        },
        {
            "product-id": "410231662",
            "avg-rating": "",
            "img-url": "https://assets.ajio.com/medias/sys_master/root/20210617/ehdU/60cb72c8f997ddb312cf23ec/-78Wx98H-410231662-434-MODEL.jpg",
            "price": 10194,
            "was-price": 16990,
            "name": "Striped Polo T-shirt",
            "url": "/paul-shark-striped-polo-t-shirt/p/410231662_434",
            "offer-price": 9174.6,
            "rating-count": 0,
            "cat1": "Men",
            "cat2": "Western Wear",
            "cat3": "Tshirts",
            "brand": "paul-shark"
        },
        {
            "product-id": "462505003",
            "avg-rating": "",
            "img-url": "https://assets.ajio.com/medias/sys_master/root/20210612/uCey/60c419f1aeb269a9e3e61fcd/-78Wx98H-462505003-pink-MODEL.jpg",
            "price": 28490,
            "was-price": 28490,
            "name": "Full Rim Rectangular Sunglasses",
            "url": "/saint-laurent-full-rim-rectangular-sunglasses/p/462505003_pink",
            "offer-price": 13675.2,
            "rating-count": 0,
            "cat1": "Women",
            "cat2": "Eyewear",
            "cat3": "Sunglasses",
            "brand": "saint-laurent"
        },
        {
            "product-id": "410287549",
            "avg-rating": "",
            "img-url": "https://assets.ajio.com/medias/sys_master/root/20210415/Zbpi/607858d9aeb269a9e3927170/-78Wx98H-410287549-4u-MODEL.jpg",
            "price": 15000,
            "was-price": 15000,
            "name": "Grained Cow Leather Wristlet",
            "url": "/lancel-grained-cow-leather-wristlet/p/410287549_4u",
            "offer-price": 13500,
            "rating-count": 0,
            "cat1": "Women",
            "cat2": "Bags, Belts & Wallets",
            "cat3": "Clutches & Wristlets",
            "brand": "lancel"
        },
        {
            "product-id": "462515190",
            "avg-rating": "",
            "img-url": "https://assets.ajio.com/medias/sys_master/root/20230321/HLH0/6419c561aeb26924e3e8eacc/-78Wx98H-462515190-white-MODEL.jpg",
            "price": 2280,
            "was-price": 2280,
            "name": "Stoneware Dinner Plates",
            "url": "/ikai-asai-stoneware-dinner-plates/p/462515190_white",
            "offer-price": 2074.8,
            "rating-count": 0,
            "cat1": "Home & Kitchen",
            "cat2": "Kitchen & Dining",
            "cat3": "Serveware & Drinkware",
            "brand": "ikai-asai"
        },
        {
            "product-id": "410287546",
            "avg-rating": "",
            "img-url": "https://assets.ajio.com/medias/sys_master/root/20210415/rhv1/60785c9df997dd7b64b3193e/-78Wx98H-410287546-88-MODEL.jpg",
            "price": 56000,
            "was-price": 56000,
            "name": "Shiny Crocodile-Style Cowhide Leather Sling Bag",
            "url": "/lancel-shiny-crocodile-style-cowhide-leather-sling-bag/p/410287546_88",
            "offer-price": 50400,
            "rating-count": 0,
            "cat1": "Women",
            "cat2": "Bags, Belts & Wallets",
            "cat3": "Handbags",
            "brand": "lancel"
        },
        {
            "product-id": "410287548",
            "avg-rating": "",
            "img-url": "https://assets.ajio.com/medias/sys_master/root/20210415/WKXC/60785d84aeb269a9e3928919/-78Wx98H-410287548-10-MODEL.jpg",
            "price": 15000,
            "was-price": 15000,
            "name": "Grained Cow Leather Wristlet",
            "url": "/lancel-grained-cow-leather-wristlet/p/410287548_10",
            "offer-price": 13500,
            "rating-count": 0,
            "cat1": "Women",
            "cat2": "Bags, Belts & Wallets",
            "cat3": "Clutches & Wristlets",
            "brand": "lancel"
        },
        {
            "product-id": "410287553",
            "avg-rating": "",
            "img-url": "https://assets.ajio.com/medias/sys_master/root/20210415/we7b/60785610aeb269a9e39267f6/-78Wx98H-410287553-5u-MODEL.jpg",
            "price": 85000,
            "was-price": 85000,
            "name": "Chain-Strap Sling Bag with Reptilian Panel",
            "url": "/lancel-chain-strap-sling-bag-with-reptilian-panel/p/410287553_5u",
            "offer-price": 76500,
            "rating-count": 0,
            "cat1": "Women",
            "cat2": "Bags, Belts & Wallets",
            "cat3": "Handbags",
            "brand": "lancel"
        },
        {
            "product-id": "410287587",
            "avg-rating": "",
            "img-url": "https://assets.ajio.com/medias/sys_master/root/20210415/riv8/60785ab8f997dd7b64b30a67/-78Wx98H-410287587-10-MODEL.jpg",
            "price": 25000,
            "was-price": 25000,
            "name": "Mia De Lancel Zip-Around Wallet",
            "url": "/lancel-mia-de-lancel-zip-around-wallet/p/410287587_10",
            "offer-price": 22500,
            "rating-count": 0,
            "cat1": "Women",
            "cat2": "Bags, Belts & Wallets",
            "cat3": "Wallets",
            "brand": "lancel"
        },
        {
            "product-id": "410287608",
            "avg-rating": "",
            "img-url": "https://assets.ajio.com/medias/sys_master/root/20210415/IRIa/60785709f997dd7b64b2fabb/-78Wx98H-410287608-b2-MODEL.jpg",
            "price": 39000,
            "was-price": 39000,
            "name": "Opera de Lancel Leather Tote Bag",
            "url": "/lancel-opera-de-lancel-leather-tote-bag/p/410287608_b2",
            "offer-price": 35100,
            "rating-count": 0,
            "cat1": "Women",
            "cat2": "Bags, Belts & Wallets",
            "cat3": "Handbags",
            "brand": "lancel"
        },
        {
            "product-id": "410287902",
            "avg-rating": "",
            "img-url": "https://assets.ajio.com/medias/sys_master/root/20210415/ZOWK/60785a3eaeb269a9e3927684/-78Wx98H-410287902-6k-MODEL.jpg",
            "price": 39000,
            "was-price": 39000,
            "name": "Premier Flirt de Lancel Foldover Wallet",
            "url": "/lancel-premier-flirt-de-lancel-foldover-wallet/p/410287902_6k",
            "offer-price": 35100,
            "rating-count": 0,
            "cat1": "Women",
            "cat2": "Bags, Belts & Wallets",
            "cat3": "Wallets",
            "brand": "lancel"
        },
        {
            "product-id": "410287594",
            "avg-rating": "",
            "img-url": "https://assets.ajio.com/medias/sys_master/root/20210415/3d1H/60785ab1aeb269a9e3927787/-78Wx98H-410287594-ir-MODEL.jpg",
            "price": 17000,
            "was-price": 17000,
            "name": "Ninon De Lancel Tri-Fold Wallet",
            "url": "/lancel-ninon-de-lancel-tri-fold-wallet/p/410287594_ir",
            "offer-price": 15300,
            "rating-count": 0,
            "cat1": "Women",
            "cat2": "Bags, Belts & Wallets",
            "cat3": "Wallets",
            "brand": "lancel"
        },
        {
            "product-id": "410287916",
            "avg-rating": "",
            "img-url": "https://assets.ajio.com/medias/sys_master/root/20210415/o25n/6078576baeb269a9e3926c88/-78Wx98H-410287916-a9-MODEL.jpg",
            "price": 15000,
            "was-price": 15000,
            "name": "Textured Cowhide Bi-Fold Leather Wallet",
            "url": "/lancel-textured-cowhide-bi-fold-leather-wallet/p/410287916_a9",
            "offer-price": 14000,
            "rating-count": 0,
            "cat1": "Men",
            "cat2": "Bags, Belts & Wallets",
            "cat3": "Wallets",
            "brand": "lancel"
        },
        {
            "product-id": "410287601",
            "avg-rating": "",
            "img-url": "https://assets.ajio.com/medias/sys_master/root/20210415/CjZy/60785fedaeb269a9e39291d4/-78Wx98H-410287601-gx-MODEL.jpg",
            "price": 59000,
            "was-price": 59000,
            "name": "Nomade De Lancel Backpack with Adjustable Straps",
            "url": "/lancel-nomade-de-lancel-backpack-with-adjustable-straps/p/410287601_gx",
            "offer-price": 58000,
            "rating-count": 0,
            "cat1": "Men",
            "cat2": "Bags, Belts & Wallets",
            "cat3": "Backpacks",
            "brand": "lancel"
        },
        {
            "product-id": "410287581",
            "avg-rating": "",
            "img-url": "https://assets.ajio.com/medias/sys_master/root/20210415/zVHg/60785ba3aeb269a9e3927bcb/-78Wx98H-410287581-4t-MODEL.jpg",
            "price": 20000,
            "was-price": 20000,
            "name": "Elsa Travel Wallet with Flap-Button Closure",
            "url": "/lancel-elsa-travel-wallet-with-flap-button-closure/p/410287581_4t",
            "offer-price": 18000,
            "rating-count": 0,
            "cat1": "Women",
            "cat2": "Bags, Belts & Wallets",
            "cat3": "Wallets",
            "brand": "lancel"
        },
        {
            "product-id": "410287579",
            "avg-rating": "",
            "img-url": "https://assets.ajio.com/medias/sys_master/root/20210415/Ig1i/60785eecaeb269a9e3928e24/-78Wx98H-410287579-4t-MODEL.jpg",
            "price": 49000,
            "was-price": 49000,
            "name": "Elsa Bucket Bag with Sling Strap",
            "url": "/lancel-elsa-bucket-bag-with-sling-strap/p/410287579_4t",
            "offer-price": 44100,
            "rating-count": 0,
            "cat1": "Women",
            "cat2": "Bags, Belts & Wallets",
            "cat3": "Handbags",
            "brand": "lancel"
        },
        {
            "product-id": "410287570",
            "avg-rating": "",
            "img-url": "https://assets.ajio.com/medias/sys_master/root/20210415/5gjk/60786060f997dd7b64b32bf9/-78Wx98H-410287570-10-MODEL.jpg",
            "price": 53000,
            "was-price": 53000,
            "name": "Adele Reptilian-Textured Slingbag with Metallic Strap",
            "url": "/lancel-adele-reptilian-textured-slingbag-with-metallic-strap/p/410287570_10",
            "offer-price": 47700,
            "rating-count": 0,
            "cat1": "Women",
            "cat2": "Bags, Belts & Wallets",
            "cat3": "Handbags",
            "brand": "lancel"
        },
        {
            "product-id": "410252271",
            "avg-rating": "",
            "img-url": "https://assets.ajio.com/medias/sys_master/root/20210609/s5z1/60bfb7a3aeb269a9e3dfb398/-78Wx98H-410252271-001-MODEL.jpg",
            "price": 68250,
            "was-price": 105000,
            "name": "Slim Fit Virgin Wool Single-Breasted Blazer",
            "url": "/boss-slim-fit-virgin-wool-single-breasted-blazer/p/410252271_001",
            "offer-price": 61425,
            "rating-count": 0,
            "cat1": "Men",
            "cat2": "Western Wear",
            "cat3": "Blazers & Waistcoats",
            "brand": "boss"
        },
        {
            "product-id": "410287598",
            "avg-rating": "",
            "img-url": "https://assets.ajio.com/medias/sys_master/root/20210415/1xKR/60785d88f997dd7b64b31e0a/-78Wx98H-410287598-42-MODEL.jpg",
            "price": 69000,
            "was-price": 69000,
            "name": "Ninon De Lancel Sling Bag with Logo Handle",
            "url": "/lancel-ninon-de-lancel-sling-bag-with-logo-handle/p/410287598_42",
            "offer-price": 62100,
            "rating-count": 0,
            "cat1": "Women",
            "cat2": "Bags, Belts & Wallets",
            "cat3": "Handbags",
            "brand": "lancel"
        },
        {
            "product-id": "410252268",
            "avg-rating": "",
            "img-url": "https://assets.ajio.com/medias/sys_master/root/20210609/FavJ/60bfb78df997ddb312c0c0da/-78Wx98H-410252268-450-MODEL.jpg",
            "price": 15000,
            "was-price": 15000,
            "name": "Slim Fit Business Shirt",
            "url": "/boss-slim-fit-business-shirt/p/410252268_450",
            "offer-price": 8750,
            "rating-count": 0,
            "cat1": "Men",
            "cat2": "Western Wear",
            "cat3": "Shirts",
            "brand": "boss"
        },
        {
            "product-id": "410287604",
            "avg-rating": "",
            "img-url": "https://assets.ajio.com/medias/sys_master/root/20210415/5nPQ/607857e5f997dd7b64b2fe17/-78Wx98H-410287604-10-MODEL.jpg",
            "price": 15000,
            "was-price": 15000,
            "name": "Nomade De Lancel Bi-Fold Wallet",
            "url": "/lancel-nomade-de-lancel-bi-fold-wallet/p/410287604_10",
            "offer-price": 14000,
            "rating-count": 0,
            "cat1": "Men",
            "cat2": "Bags, Belts & Wallets",
            "cat3": "Wallets",
            "brand": "lancel"
        }
    ],
    "ajio": [],
    "": []
}