{
    "": [],
    "ajio": [],
    "trends.ajio": [
        {
            "product-id": "441132730",
            "avg-rating": "",
            "img-url": "https://assets.ajio.com/medias/sys_master/root/20211201/8eaa/61a69ef1aeb2690110e8215e/-78Wx98H-441132730-white-MODEL.jpg",
            "price": 999,
            "was-price": 999,
            "name": "Checked Slim Fit Shirt with Patch Pocket",
            "url": "/netplay-checked-slim-fit-shirt-with-patch-pocket/p/441132730_white",
            "offer-price": 299.62,
            "rating-count": 0,
            "cat1": "Men",
            "cat2": "Western Wear",
            "cat3": "Shirts",
            "brand": "netplay"
        },
        {
            "product-id": "441129924",
            "avg-rating": "",
            "img-url": "https://assets.ajio.com/medias/sys_master/root/20211202/aXoR/61a7f871aeb2690110eafc03/-78Wx98H-441129924-red-MODEL.jpg",
            "price": 999,
            "was-price": 999,
            "name": "Printed Button-Down A-line Kurta",
            "url": "/siyahi-printed-button-down-a-line-kurta/p/441129924_red",
            "offer-price": 299.62,
            "rating-count": 0,
            "cat1": "Women",
            "cat2": "Ethnic Wear",
            "cat3": "Kurtas",
            "brand": "siyahi"
        },
        {
            "product-id": "441134417",
            "avg-rating": "",
            "img-url": "https://assets.ajio.com/medias/sys_master/root/20211202/o5Z3/61a8e3baaeb2690110eb523b/-78Wx98H-441134417-yellow-MODEL.jpg",
            "price": 999,
            "was-price": 999,
            "name": "Straight Kurta with Band Collar",
            "url": "/netplay-straight-kurta-with-band-collar/p/441134417_yellow",
            "offer-price": 299.62,
            "rating-count": 0,
            "cat1": "Men",
            "cat2": "Ethnic Wear",
            "cat3": "Kurtas",
            "brand": "netplay"
        },
        {
            "product-id": "441133894",
            "avg-rating": "",
            "img-url": "https://assets.ajio.com/medias/sys_master/root/20211202/s0vi/61a7c6c5f997ddf8f12c6387/-78Wx98H-441133894-grey-MODEL.jpg",
            "price": 999,
            "was-price": 999,
            "name": "Reflective Print Coordinate Slim Fit Joggers",
            "url": "/teamspirit-reflective-print-coordinate-slim-fit-joggers/p/441133894_grey",
            "offer-price": 299.62,
            "rating-count": 0,
            "cat1": "Men",
            "cat2": "Western Wear",
            "cat3": "Track Pants",
            "brand": "teamspirit"
        },
        {
            "product-id": "441129783",
            "avg-rating": "",
            "img-url": "https://assets.ajio.com/medias/sys_master/root/20211202/DGdh/61a7cc05f997ddf8f12c7c00/-78Wx98H-441129783-ltgrey-MODEL.jpg",
            "price": 1499,
            "was-price": 1499,
            "name": "Heathered Quickdry Track Pants with Zippered Insert Pockets",
            "url": "/performax-heathered-quickdry-track-pants-with-zippered-insert-pockets/p/441129783_ltgrey",
            "offer-price": 280.3,
            "rating-count": 0,
            "cat1": "Men",
            "cat2": "Western Wear",
            "cat3": "Track Pants",
            "brand": "performax"
        },
        {
            "product-id": "440977828",
            "avg-rating": "",
            "img-url": "https://assets.ajio.com/medias/sys_master/root/20211202/5ids/61a8dfebf997ddf8f12e132b/-78Wx98H-440977828-grey-MODEL.jpg",
            "price": 1099,
            "was-price": 1099,
            "name": "Checked Slim Fit Shirt with Patch Pocket",
            "url": "/ecko-checked-slim-fit-shirt-with-patch-pocket/p/440977828_grey",
            "offer-price": 373.66,
            "rating-count": 0,
            "cat1": "Men",
            "cat2": "Western Wear",
            "cat3": "Shirts",
            "brand": "ecko"
        },
        {
            "product-id": "441164376",
            "avg-rating": "",
            "img-url": "https://assets.ajio.com/medias/sys_master/root/20211203/aD3b/61a91589f997ddf8f12f4e5d/-78Wx98H-441164376-blue-MODEL.jpg",
            "price": 1999,
            "was-price": 1999,
            "name": "Floral Print Fit & Flare Dress",
            "url": "/rangriti-floral-print-fit-flare-dress/p/441164376_blue",
            "offer-price": 1498,
            "rating-count": 0,
            "cat1": "Women",
            "cat2": "Fusion Wear",
            "cat3": "Dresses & Gowns",
            "brand": "rangriti"
        },
        {
            "product-id": "441154362",
            "avg-rating": "",
            "img-url": "https://assets.ajio.com/medias/sys_master/root/20211203/GrgV/61a9213bf997ddf8f12f84c0/-78Wx98H-441154362-rust-MODEL.jpg",
            "price": 1799,
            "was-price": 1799,
            "name": "A-line Kurta with Contrast Yoke",
            "url": "/rangriti-a-line-kurta-with-contrast-yoke/p/441154362_rust",
            "offer-price": 449.75,
            "rating-count": 0,
            "cat1": "Women",
            "cat2": "Ethnic Wear",
            "cat3": "Kurtas",
            "brand": "rangriti"
        },
        {
            "product-id": "441123657",
            "avg-rating": "",
            "img-url": "https://assets.ajio.com/medias/sys_master/root/20211130/BCE2/61a63df6aeb2690110e5236a/-78Wx98H-441123657-red-MODEL.jpg",
            "price": 999,
            "was-price": 999,
            "name": "Printed Round-Neck A-line Kurta",
            "url": "/fusion-printed-round-neck-a-line-kurta/p/441123657_red",
            "offer-price": 299.62,
            "rating-count": 0,
            "cat1": "Women",
            "cat2": "Ethnic Wear",
            "cat3": "Kurtas",
            "brand": "fusion"
        },
        {
            "product-id": "441120838",
            "avg-rating": "",
            "img-url": "https://assets.ajio.com/medias/sys_master/root/20211202/6cw0/61a7d55cf997ddf8f12cec70/-78Wx98H-441120838-olive-MODEL.jpg",
            "price": 999,
            "was-price": 999,
            "name": "Men Colourblock Panelled Track Pants with Insert Pockets",
            "url": "/teamspirit-men-colourblock-panelled-track-pants-with-insert-pockets/p/441120838_olive",
            "offer-price": 299.62,
            "rating-count": 0,
            "cat1": "Men",
            "cat2": "Western Wear",
            "cat3": "Track Pants",
            "brand": "teamspirit"
        },
        {
            "product-id": "460758651",
            "avg-rating": "",
            "img-url": "https://assets.ajio.com/medias/sys_master/root/20210405/j9h4/606c9835aeb269a9e384d53c/-78Wx98H-460758651-olive-MODEL.jpg",
            "price": 1699,
            "was-price": 1699,
            "name": "Striped Slim Fit Shirt with Patch Pocket",
            "url": "/altheory-striped-slim-fit-shirt-with-patch-pocket/p/460758651_olive",
            "offer-price": 635.35,
            "rating-count": 0,
            "cat1": "Men",
            "cat2": "Western Wear",
            "cat3": "Shirts",
            "brand": "altheory"
        },
        {
            "product-id": "460809637",
            "avg-rating": "",
            "img-url": "https://assets.ajio.com/medias/sys_master/root/20210408/MX4l/606e0105aeb269a9e386ebbd/-78Wx98H-460809637-lightblue-MODEL.jpg",
            "price": 750,
            "was-price": 1499,
            "name": "Floral Print Button-Down Shirt",
            "url": "/outryt-floral-print-button-down-shirt/p/460809637_lightblue",
            "offer-price": 560.61,
            "rating-count": 0,
            "cat1": "Women",
            "cat2": "Western Wear",
            "cat3": "Tops",
            "brand": "outryt"
        },
        {
            "product-id": "441119471",
            "avg-rating": "",
            "img-url": "https://assets.ajio.com/medias/sys_master/root/20210408/uiOd/606e0005f997dd7b64a6cf18/-78Wx98H-441119471-ltblue-MODEL.jpg",
            "price": 1299,
            "was-price": 1299,
            "name": "Lightly Washed Skinny Fit Jeans with Distressing",
            "url": "/dnmx-lightly-washed-skinny-fit-jeans-with-distressing/p/441119471_ltblue",
            "offer-price": 389.51,
            "rating-count": 0,
            "cat1": "Women",
            "cat2": "Western Wear",
            "cat3": "Jeans & Jeggings",
            "brand": "dnmx"
        },
        {
            "product-id": "441119752",
            "avg-rating": "",
            "img-url": "https://assets.ajio.com/medias/sys_master/root/20210408/l1JN/606e086ff997dd7b64a6f25f/-78Wx98H-441119752-ltblue-MODEL.jpg",
            "price": 390,
            "was-price": 1299,
            "name": "Cropped Skinny Fit Jeggings",
            "url": "/dnmx-cropped-skinny-fit-jeggings/p/441119752_ltblue",
            "offer-price": 389.51,
            "rating-count": 0,
            "cat1": "Women",
            "cat2": "Western Wear",
            "cat3": "Jeans & Jeggings",
            "brand": "dnmx"
        },
        {
            "product-id": "441120090",
            "avg-rating": "",
            "img-url": "https://assets.ajio.com/medias/sys_master/root/20210401/sGND/6065e0d17cdb8c1f1473143a/-78Wx98H-441120090-tomatored-MODEL.jpg",
            "price": 999,
            "was-price": 999,
            "name": "Striped Slim Fit Shirt with Patch Pocket",
            "url": "/netplay-striped-slim-fit-shirt-with-patch-pocket/p/441120090_tomatored",
            "offer-price": 299.62,
            "rating-count": 0,
            "cat1": "Men",
            "cat2": "Western Wear",
            "cat3": "Shirts",
            "brand": "netplay"
        },
        {
            "product-id": "440945593",
            "avg-rating": "",
            "img-url": "https://assets.ajio.com/medias/sys_master/root/20210406/iuKo/606ca60eaeb269a9e385c1e9/-78Wx98H-440945593-brown-MODEL.jpg",
            "price": 1699,
            "was-price": 1699,
            "name": "Printed Straight Kurta",
            "url": "/w-printed-straight-kurta/p/440945593_brown",
            "offer-price": 1272.12,
            "rating-count": 0,
            "cat1": "Women",
            "cat2": "Ethnic Wear",
            "cat3": "Kurtas",
            "brand": "w"
        },
        {
            "product-id": "441102643",
            "avg-rating": "",
            "img-url": "https://assets.ajio.com/medias/sys_master/root/20210407/v8mU/606cbe93f997dd7b64a5e4b2/-78Wx98H-441102643-lightred-MODEL.jpg",
            "price": 1199,
            "was-price": 1199,
            "name": "Checked Slim Fit Shirt with Patch Pocket",
            "url": "/netplay-checked-slim-fit-shirt-with-patch-pocket/p/441102643_lightred",
            "offer-price": 359.55,
            "rating-count": 0,
            "cat1": "Men",
            "cat2": "Western Wear",
            "cat3": "Shirts",
            "brand": "netplay"
        },
        {
            "product-id": "441102643",
            "avg-rating": "",
            "img-url": "https://assets.ajio.com/medias/sys_master/root/20210407/4P0R/606cbdf7f997dd7b64a5e17a/-78Wx98H-441102643-aquablue-MODEL.jpg",
            "price": 1199,
            "was-price": 1199,
            "name": "Men Checked Slim Fit Shirt with Patch Pocket",
            "url": "/netplay-men-checked-slim-fit-shirt-with-patch-pocket/p/441102643_aquablue",
            "offer-price": 359.55,
            "rating-count": 0,
            "cat1": "Men",
            "cat2": "Western Wear",
            "cat3": "Shirts",
            "brand": "netplay"
        },
        {
            "product-id": "441110901",
            "avg-rating": "",
            "img-url": "https://assets.ajio.com/medias/sys_master/root/20210401/fTTB/6065e604aeb269a9e32f244c/-78Wx98H-441110901-blue-MODEL.jpg",
            "price": 300,
            "was-price": 999,
            "name": "Floral Print Palazzos with Elasticated Waistband",
            "url": "/fig-floral-print-palazzos-with-elasticated-waistband/p/441110901_blue",
            "offer-price": 299.62,
            "rating-count": 0,
            "cat1": "Women",
            "cat2": "Western Wear",
            "cat3": "Trousers & Pants",
            "brand": "fig"
        },
        {
            "product-id": "441119085",
            "avg-rating": "",
            "img-url": "https://assets.ajio.com/medias/sys_master/root/20210402/yKJF/6067359b7cdb8c1f1473a62e/-78Wx98H-441119085-jetblack-MODEL.jpg",
            "price": 390,
            "was-price": 1299,
            "name": "Women Joggers with Contrast Side Taping",
            "url": "/teamspirit-women-joggers-with-contrast-side-taping/p/441119085_jetblack",
            "offer-price": 389.51,
            "rating-count": 0,
            "cat1": "Women",
            "cat2": "Western Wear",
            "cat3": "Track Pants",
            "brand": "teamspirit"
        },
        {
            "product-id": "441111843",
            "avg-rating": "",
            "img-url": "https://assets.ajio.com/medias/sys_master/root/20210402/o0ms/60673a487cdb8c1f1473b09b/-78Wx98H-441111843-offwhite-MODEL.jpg",
            "price": 300,
            "was-price": 999,
            "name": "Checked Leggings with Zip Closure",
            "url": "/rio-checked-leggings-with-zip-closure/p/441111843_offwhite",
            "offer-price": 299.62,
            "rating-count": 0,
            "cat1": "Women",
            "cat2": "Western Wear",
            "cat3": "Leggings",
            "brand": "rio"
        },
        {
            "product-id": "441119652",
            "avg-rating": "",
            "img-url": "https://assets.ajio.com/medias/sys_master/root/20230125/fAVB/63d0f550f997dd708e203d59/-78Wx98H-441119652-burgandy-MODEL.jpg",
            "price": 343,
            "was-price": 699,
            "name": "Women Fastdry Active Joggers",
            "url": "/performax-women-fastdry-active-joggers/p/441119652_burgandy",
            "offer-price": 256.38,
            "rating-count": 0,
            "cat1": "Women",
            "cat2": "Western Wear",
            "cat3": "Track Pants",
            "brand": "performax"
        },
        {
            "product-id": "441119560",
            "avg-rating": "",
            "img-url": "https://assets.ajio.com/medias/sys_master/root/20210402/lKtF/606733b57cdb8c1f1473a228/-78Wx98H-441119560-stone-MODEL.jpg",
            "price": 1499,
            "was-price": 1499,
            "name": "Flat-Front Trousers with Insert Pockets",
            "url": "/netplay-flat-front-trousers-with-insert-pockets/p/441119560_stone",
            "offer-price": 449.44,
            "rating-count": 0,
            "cat1": "Men",
            "cat2": "Western Wear",
            "cat3": "Trousers & Pants",
            "brand": "netplay"
        },
        {
            "product-id": "460789824",
            "avg-rating": "",
            "img-url": "https://assets.ajio.com/medias/sys_master/root/20210407/uo2s/606cba39f997dd7b64a5d1a7/-78Wx98H-460789824-offwhite-MODEL.jpg",
            "price": 705,
            "was-price": 1499,
            "name": "Printed Slim Fit Shirt with Patch Pocket",
            "url": "/altheory-printed-slim-fit-shirt-with-patch-pocket/p/460789824_offwhite",
            "offer-price": 674.55,
            "rating-count": 0,
            "cat1": "Men",
            "cat2": "Western Wear",
            "cat3": "Shirts",
            "brand": "altheory"
        },
        {
            "product-id": "460811104",
            "avg-rating": "",
            "img-url": "https://assets.ajio.com/medias/sys_master/root/20210416/TvqG/60798eabaeb269a9e392e398/-78Wx98H-460811104-ecrumelange-MODEL.jpg",
            "price": 1299,
            "was-price": 1299,
            "name": "Slim Fit Joggers with Insert Pockets",
            "url": "/uniquest-slim-fit-joggers-with-insert-pockets/p/460811104_ecrumelange",
            "offer-price": 389.51,
            "rating-count": 0,
            "cat1": "Men",
            "cat2": "Western Wear",
            "cat3": "Track Pants",
            "brand": "uniquest"
        },
        {
            "product-id": "441055492",
            "avg-rating": "",
            "img-url": "https://assets.ajio.com/medias/sys_master/root/20210406/gNrn/606c9aa2aeb269a9e385005e/-78Wx98H-441055492-mustard-MODEL.jpg",
            "price": 2799,
            "was-price": 2799,
            "name": "Printed A-line Kurta",
            "url": "/w-printed-a-line-kurta/p/441055492_mustard",
            "offer-price": 1572.93,
            "rating-count": 0,
            "cat1": "Women",
            "cat2": "Ethnic Wear",
            "cat3": "Kurtas",
            "brand": "w"
        },
        {
            "product-id": "441101270",
            "avg-rating": "",
            "img-url": "https://assets.ajio.com/medias/sys_master/root/20210407/01e2/606caa54f997dd7b64a58cb3/-78Wx98H-441101270-yellow-MODEL.jpg",
            "price": 999,
            "was-price": 999,
            "name": "Striped Slim Fit Shirt with Patch Pocket",
            "url": "/netplay-striped-slim-fit-shirt-with-patch-pocket/p/441101270_yellow",
            "offer-price": 299.62,
            "rating-count": 0,
            "cat1": "Men",
            "cat2": "Western Wear",
            "cat3": "Shirts",
            "brand": "netplay"
        },
        {
            "product-id": "441116566",
            "avg-rating": "",
            "img-url": "https://assets.ajio.com/medias/sys_master/root/20210408/4BgE/606e0626aeb269a9e386fe09/-78Wx98H-441116566-darkblue-MODEL.jpg",
            "price": 1299,
            "was-price": 1299,
            "name": "Cropped Skinny Fit Jeans",
            "url": "/dnmx-cropped-skinny-fit-jeans/p/441116566_darkblue",
            "offer-price": 389.51,
            "rating-count": 0,
            "cat1": "Women",
            "cat2": "Western Wear",
            "cat3": "Jeans & Jeggings",
            "brand": "dnmx"
        }
    ]
}