{
    "luxe.ajio": [
        {
            "product-id": "410302016",
            "avg-rating": "",
            "img-url": "https://assets.ajio.com/medias/sys_master/root/20220209/nABu/6202c97bf997dd03e2c68940/-78Wx98H-410302016-wht-MODEL.jpg",
            "price": 452,
            "was-price": 695,
            "name": "Dakota Brazillian Short Panties",
            "url": "/hunkemoller-dakota-brazillian-short-panties/p/410302016_wht",
            "offer-price": 337.86,
            "rating-count": 0,
            "cat1": "Women",
            "cat2": "Lingerie & Innerwear",
            "cat3": "Panties",
            "brand": "hunkemoller"
        },
        {
            "product-id": "410302026",
            "avg-rating": "",
            "img-url": "https://assets.ajio.com/medias/sys_master/root/20220209/shsw/6202db65aeb26921af8ff6d3/-78Wx98H-410302026-clwtr-MODEL.jpg",
            "price": 795,
            "was-price": 795,
            "name": "V-Shape Floral Mesh Brazillian Briefs",
            "url": "/hunkemoller-v-shape-floral-mesh-brazillian-briefs/p/410302026_clwtr",
            "offer-price": 326.65,
            "rating-count": 0,
            "cat1": "Women",
            "cat2": "Lingerie & Innerwear",
            "cat3": "Panties",
            "brand": "hunkemoller"
        },
        {
            "product-id": "469118279",
            "avg-rating": "",
            "img-url": "https://assets.ajio.com/medias/sys_master/root/20220205/stL1/61fd9322aeb26921af8b4185/-78Wx98H-469118279-white-MODEL.jpg",
            "price": 77900,
            "was-price": 77900,
            "name": "SFMF00421 Chic Analogue Wrist Watch",
            "url": "/salvatore-ferragamo-sfmf00421-chic-analogue-wrist-watch/p/469118279_white",
            "offer-price": 77121,
            "rating-count": 0,
            "cat1": "Women",
            "cat2": "Timewear",
            "cat3": "Watches",
            "brand": "salvatore-ferragamo"
        },
        {
            "product-id": "410302926",
            "avg-rating": "",
            "img-url": "https://assets.ajio.com/medias/sys_master/root/20220209/D5Eb/6202d2cff997dd03e2c6b35b/-78Wx98H-410302926-lilac-MODEL.jpg",
            "price": 795,
            "was-price": 795,
            "name": "Miranda Boxer String Thong Panties",
            "url": "/hunkemoller-miranda-boxer-string-thong-panties/p/410302926_lilac",
            "offer-price": 326.65,
            "rating-count": 0,
            "cat1": "Women",
            "cat2": "Lingerie & Innerwear",
            "cat3": "Panties",
            "brand": "hunkemoller"
        },
        {
            "product-id": "410301637",
            "avg-rating": "",
            "img-url": "https://assets.ajio.com/medias/sys_master/root/20220209/sHhn/6202cbdbf997dd03e2c6941d/-78Wx98H-410301637-lilac-MODEL.jpg",
            "price": 767,
            "was-price": 1395,
            "name": "Shine Deluxe Rio Bikini Bottoms",
            "url": "/hunkemoller-shine-deluxe-rio-bikini-bottoms/p/410301637_lilac",
            "offer-price": 573.31,
            "rating-count": 0,
            "cat1": "Women",
            "cat2": "Western Wear",
            "cat3": "Swimwear",
            "brand": "hunkemoller"
        },
        {
            "product-id": "410302983",
            "avg-rating": "",
            "img-url": "https://assets.ajio.com/medias/sys_master/root/20220209/WjHb/6202cf96aeb26921af8f5548/-78Wx98H-410302983-dpdpts-MODEL.jpg",
            "price": 2295,
            "was-price": 2295,
            "name": "Tropical Print Jogger Pyjamas with Elasticated Drawstring Waist",
            "url": "/hunkemoller-tropical-print-jogger-pyjamas-with-elasticated-drawstring-waist/p/410302983_dpdpts",
            "offer-price": 944.91,
            "rating-count": 0,
            "cat1": "Women",
            "cat2": "Night & Lounge Wear",
            "cat3": "Pyjamas & Shorts",
            "brand": "hunkemoller"
        },
        {
            "product-id": "410302025",
            "avg-rating": "",
            "img-url": "https://assets.ajio.com/medias/sys_master/root/20220209/ENs1/6202d2dcf997dd03e2c6b4ba/-78Wx98H-410302025-lilac-MODEL.jpg",
            "price": 795,
            "was-price": 795,
            "name": "V-Shape Striped Mesh Brazillian Briefs",
            "url": "/hunkemoller-v-shape-striped-mesh-brazillian-briefs/p/410302025_lilac",
            "offer-price": 326.65,
            "rating-count": 0,
            "cat1": "Women",
            "cat2": "Lingerie & Innerwear",
            "cat3": "Panties",
            "brand": "hunkemoller"
        },
        {
            "product-id": "410302044",
            "avg-rating": "",
            "img-url": "https://assets.ajio.com/medias/sys_master/root/20220209/zZah/6202c18aaeb26921af8f1e2c/-78Wx98H-410302044-cvr-MODEL.jpg",
            "price": 382,
            "was-price": 695,
            "name": "Chelsea Regular Brazillian Briefs",
            "url": "/hunkemoller-chelsea-regular-brazillian-briefs/p/410302044_cvr",
            "offer-price": 285.54,
            "rating-count": 0,
            "cat1": "Women",
            "cat2": "Lingerie & Innerwear",
            "cat3": "Panties",
            "brand": "hunkemoller"
        },
        {
            "product-id": "410302006",
            "avg-rating": "",
            "img-url": "https://assets.ajio.com/medias/sys_master/root/20220209/YhOR/6202c020aeb26921af8f180e/-78Wx98H-410302006-bgrn-MODEL.jpg",
            "price": 2995,
            "was-price": 2995,
            "name": "Velour Lurex Joggers",
            "url": "/hunkemoller-velour-lurex-joggers/p/410302006_bgrn",
            "offer-price": 1233.18,
            "rating-count": 0,
            "cat1": "Women",
            "cat2": "Night & Lounge Wear",
            "cat3": "Pyjamas & Shorts",
            "brand": "hunkemoller"
        },
        {
            "product-id": "410302587",
            "avg-rating": "",
            "img-url": "https://assets.ajio.com/medias/sys_master/root/20220209/cyb0/6202c188f997dd03e2c66203/-78Wx98H-410302587-goblu-MODEL.jpg",
            "price": 2795,
            "was-price": 2795,
            "name": "Velour Maternity Top with Drawstring Waist",
            "url": "/hunkemoller-velour-maternity-top-with-drawstring-waist/p/410302587_goblu",
            "offer-price": 1150.82,
            "rating-count": 0,
            "cat1": "Women",
            "cat2": "Night & Lounge Wear",
            "cat3": "Tops & Tshirts",
            "brand": "hunkemoller"
        },
        {
            "product-id": "410301910",
            "avg-rating": "",
            "img-url": "https://assets.ajio.com/medias/sys_master/root/20220210/7foX/620415e3aeb26921af914a71/-78Wx98H-410301910-wht-MODEL.jpg",
            "price": 1495,
            "was-price": 1495,
            "name": "Pack of 3 Cotton Modal Briefs",
            "url": "/hunkemoller-pack-of-3-cotton-modal-briefs/p/410301910_wht",
            "offer-price": 614.42,
            "rating-count": 0,
            "cat1": "Women",
            "cat2": "Lingerie & Innerwear",
            "cat3": "Panties",
            "brand": "hunkemoller"
        },
        {
            "product-id": "410302029",
            "avg-rating": "",
            "img-url": "https://assets.ajio.com/medias/sys_master/root/20220209/TTSB/6202b849aeb26921af8ef78b/-78Wx98H-410302029-wht-MODEL.jpg",
            "price": 795,
            "was-price": 795,
            "name": "Invisible String Cotton Thong Panties",
            "url": "/hunkemoller-invisible-string-cotton-thong-panties/p/410302029_wht",
            "offer-price": 326.65,
            "rating-count": 0,
            "cat1": "Women",
            "cat2": "Lingerie & Innerwear",
            "cat3": "Panties",
            "brand": "hunkemoller"
        },
        {
            "product-id": "410301900",
            "avg-rating": "",
            "img-url": "https://assets.ajio.com/medias/sys_master/root/20220209/MTiK/6202d080f997dd03e2c6a8a9/-78Wx98H-410301900-cvr-MODEL.jpg",
            "price": 1077,
            "was-price": 1795,
            "name": "Seductress String Briefs",
            "url": "/hunkemoller-seductress-string-briefs/p/410301900_cvr",
            "offer-price": 806.4,
            "rating-count": 0,
            "cat1": "Women",
            "cat2": "Lingerie & Innerwear",
            "cat3": "Panties",
            "brand": "hunkemoller"
        },
        {
            "product-id": "410303575",
            "avg-rating": "",
            "img-url": "https://assets.ajio.com/medias/sys_master/root/20220209/FGPs/6202cf96aeb26921af8f5544/-78Wx98H-410303575-clwtr-MODEL.jpg",
            "price": 795,
            "was-price": 795,
            "name": "Bianca Brazilian Briefs with Bow Accent",
            "url": "/hunkemoller-bianca-brazilian-briefs-with-bow-accent/p/410303575_clwtr",
            "offer-price": 326.65,
            "rating-count": 0,
            "cat1": "Women",
            "cat2": "Lingerie & Innerwear",
            "cat3": "Panties",
            "brand": "hunkemoller"
        },
        {
            "product-id": "463803340",
            "avg-rating": "",
            "img-url": "https://assets.ajio.com/medias/sys_master/root/20220210/B5jH/62042b8daeb26921af91d077/-78Wx98H-463803340-silver-MODEL.jpg",
            "price": 41900,
            "was-price": 41900,
            "name": "SM34051.01 Date Analogue Watch",
            "url": "/swiss-military-by-chrono-sm34051-01-date-analogue-watch/p/463803340_silver",
            "offer-price": 33358,
            "rating-count": 0,
            "cat1": "Men",
            "cat2": "Timewear",
            "cat3": "Watches",
            "brand": "swiss-military-by-chrono"
        },
        {
            "product-id": "410303612",
            "avg-rating": "",
            "img-url": "https://assets.ajio.com/medias/sys_master/root/20220209/SCNF/6202c894f997dd03e2c68532/-78Wx98H-410303612-trpr-MODEL.jpg",
            "price": 795,
            "was-price": 795,
            "name": "Ultra Lace Thongs",
            "url": "/hunkemoller-ultra-lace-thongs/p/410303612_trpr",
            "offer-price": 326.65,
            "rating-count": 0,
            "cat1": "Women",
            "cat2": "Lingerie & Innerwear",
            "cat3": "Panties",
            "brand": "hunkemoller"
        },
        {
            "product-id": "410303465",
            "avg-rating": "",
            "img-url": "https://assets.ajio.com/medias/sys_master/root/20220209/vGWY/6202baf4aeb26921af8f01fe/-78Wx98H-410303465-wht-MODEL.jpg",
            "price": 695,
            "was-price": 695,
            "name": "Chelsea Regular Brazilian Briefs",
            "url": "/hunkemoller-chelsea-regular-brazilian-briefs/p/410303465_wht",
            "offer-price": 519.49,
            "rating-count": 0,
            "cat1": "Women",
            "cat2": "Lingerie & Innerwear",
            "cat3": "Panties",
            "brand": "hunkemoller"
        },
        {
            "product-id": "410302294",
            "avg-rating": "",
            "img-url": "https://assets.ajio.com/medias/sys_master/root/20220209/o86m/6202bd5af997dd03e2c64e2f/-78Wx98H-410302294-mnocn-MODEL.jpg",
            "price": 1995,
            "was-price": 1995,
            "name": "Printed Shorts with Ruffled Hemline",
            "url": "/hunkemoller-printed-shorts-with-ruffled-hemline/p/410302294_mnocn",
            "offer-price": 821.37,
            "rating-count": 0,
            "cat1": "Women",
            "cat2": "Night & Lounge Wear",
            "cat3": "Pyjamas & Shorts",
            "brand": "hunkemoller"
        },
        {
            "product-id": "410301692",
            "avg-rating": "",
            "img-url": "https://assets.ajio.com/medias/sys_master/root/20220209/Q96X/6202b7a8f997dd03e2c6349f/-78Wx98H-410301692-gngr-MODEL.jpg",
            "price": 1647,
            "was-price": 2995,
            "name": "Boyfriend Sweat Joggers",
            "url": "/hunkemoller-boyfriend-sweat-joggers/p/410301692_gngr",
            "offer-price": 1233.18,
            "rating-count": 0,
            "cat1": "Women",
            "cat2": "Night & Lounge Wear",
            "cat3": "Pyjamas & Shorts",
            "brand": "hunkemoller"
        },
        {
            "product-id": "410301634",
            "avg-rating": "",
            "img-url": "https://assets.ajio.com/medias/sys_master/root/20220209/w795/6202c4c1f997dd03e2c671bc/-78Wx98H-410301634-coblu-MODEL.jpg",
            "price": 2795,
            "was-price": 2795,
            "name": "Deluxe Triangle Bikini Top",
            "url": "/hunkemoller-deluxe-triangle-bikini-top/p/410301634_coblu",
            "offer-price": 1150.82,
            "rating-count": 0,
            "cat1": "Women",
            "cat2": "Western Wear",
            "cat3": "Swimwear",
            "brand": "hunkemoller"
        },
        {
            "product-id": "410302578",
            "avg-rating": "",
            "img-url": "https://assets.ajio.com/medias/sys_master/root/20220209/NGNa/6202c1fdf997dd03e2c663bc/-78Wx98H-410302578-purpl-MODEL.jpg",
            "price": 1395,
            "was-price": 1395,
            "name": "Evey Brazilian Lace Panties",
            "url": "/hunkemoller-evey-brazilian-lace-panties/p/410302578_purpl",
            "offer-price": 573.31,
            "rating-count": 0,
            "cat1": "Women",
            "cat2": "Lingerie & Innerwear",
            "cat3": "Panties",
            "brand": "hunkemoller"
        },
        {
            "product-id": "410302614",
            "avg-rating": "",
            "img-url": "https://assets.ajio.com/medias/sys_master/root/20220209/dR9s/6202b7a8aeb26921af8ef5a1/-78Wx98H-410302614-blk-MODEL.jpg",
            "price": 1795,
            "was-price": 1795,
            "name": "V-Neck Top with Lace Trim",
            "url": "/hunkemoller-v-neck-top-with-lace-trim/p/410302614_blk",
            "offer-price": 737.76,
            "rating-count": 0,
            "cat1": "Women",
            "cat2": "Night & Lounge Wear",
            "cat3": "Tops & Tshirts",
            "brand": "hunkemoller"
        },
        {
            "product-id": "410302922",
            "avg-rating": "",
            "img-url": "https://assets.ajio.com/medias/sys_master/root/20220209/6zvl/6202b7b8aeb26921af8ef698/-78Wx98H-410302922-wndwn-MODEL.jpg",
            "price": 2595,
            "was-price": 2595,
            "name": "Nora Nightie with Lace Panels",
            "url": "/hunkemoller-nora-nightie-with-lace-panels/p/410302922_wndwn",
            "offer-price": 1944.62,
            "rating-count": 0,
            "cat1": "Women",
            "cat2": "Night & Lounge Wear",
            "cat3": "Nightshirts&Nighties",
            "brand": "hunkemoller"
        },
        {
            "product-id": "410302970",
            "avg-rating": "",
            "img-url": "https://assets.ajio.com/medias/sys_master/root/20220209/x9Gw/6202c63daeb26921af8f30e6/-78Wx98H-410302970-cvr-MODEL.jpg",
            "price": 1377,
            "was-price": 2295,
            "name": "Helena Boxer String Panties with Cutout",
            "url": "/hunkemoller-helena-boxer-string-panties-with-cutout/p/410302970_cvr",
            "offer-price": 1031.02,
            "rating-count": 0,
            "cat1": "Women",
            "cat2": "Lingerie & Innerwear",
            "cat3": "Panties",
            "brand": "hunkemoller"
        },
        {
            "product-id": "410302808",
            "avg-rating": "",
            "img-url": "https://assets.ajio.com/medias/sys_master/root/20220209/T1Wy/6202c025f997dd03e2c65bfa/-78Wx98H-410302808-wht-MODEL.jpg",
            "price": 795,
            "was-price": 795,
            "name": "Yentel Brazilian Lace Panties with Bow Accent",
            "url": "/hunkemoller-yentel-brazilian-lace-panties-with-bow-accent/p/410302808_wht",
            "offer-price": 326.65,
            "rating-count": 0,
            "cat1": "Women",
            "cat2": "Lingerie & Innerwear",
            "cat3": "Panties",
            "brand": "hunkemoller"
        },
        {
            "product-id": "410302296",
            "avg-rating": "",
            "img-url": "https://assets.ajio.com/medias/sys_master/root/20220209/2zjT/6202d1f0f997dd03e2c6afa0/-78Wx98H-410302296-mnocn-MODEL.jpg",
            "price": 2495,
            "was-price": 2495,
            "name": "Graphic Print Pyjamas with Elasticated Drawstring Waist",
            "url": "/hunkemoller-graphic-print-pyjamas-with-elasticated-drawstring-waist/p/410302296_mnocn",
            "offer-price": 1027.28,
            "rating-count": 0,
            "cat1": "Women",
            "cat2": "Night & Lounge Wear",
            "cat3": "Pyjamas & Shorts",
            "brand": "hunkemoller"
        },
        {
            "product-id": "410301626",
            "avg-rating": "",
            "img-url": "https://assets.ajio.com/medias/sys_master/root/20220209/euK9/6202c033aeb26921af8f18bc/-78Wx98H-410301626-blk-MODEL.jpg",
            "price": 2495,
            "was-price": 2495,
            "name": "Floral Print Nightshirt",
            "url": "/hunkemoller-floral-print-nightshirt/p/410301626_blk",
            "offer-price": 1027.28,
            "rating-count": 0,
            "cat1": "Women",
            "cat2": "Night & Lounge Wear",
            "cat3": "Nightshirts&Nighties",
            "brand": "hunkemoller"
        },
        {
            "product-id": "410301935",
            "avg-rating": "",
            "img-url": "https://assets.ajio.com/medias/sys_master/root/20220209/UqXU/6202c9f7aeb26921af8f3fca/-78Wx98H-410301935-sbgrn-MODEL.jpg",
            "price": 1537,
            "was-price": 2795,
            "name": "Petite Boyfriend Sweat Joggers",
            "url": "/hunkemoller-petite-boyfriend-sweat-joggers/p/410301935_sbgrn",
            "offer-price": 1150.82,
            "rating-count": 0,
            "cat1": "Women",
            "cat2": "Western Wear",
            "cat3": "Track Pants",
            "brand": "hunkemoller"
        },
        {
            "product-id": "410302035",
            "avg-rating": "",
            "img-url": "https://assets.ajio.com/medias/sys_master/root/20220209/SJXk/6202bc5af997dd03e2c649d3/-78Wx98H-410302035-blk-MODEL.jpg",
            "price": 1795,
            "was-price": 1795,
            "name": "Ditzy Flower Shorts",
            "url": "/hunkemoller-ditzy-flower-shorts/p/410302035_blk",
            "offer-price": 737.76,
            "rating-count": 0,
            "cat1": "Women",
            "cat2": "Night & Lounge Wear",
            "cat3": "Pyjamas & Shorts",
            "brand": "hunkemoller"
        },
        {
            "product-id": "410302967",
            "avg-rating": "",
            "img-url": "https://assets.ajio.com/medias/sys_master/root/20220209/1cUl/6202c289f997dd03e2c66795/-78Wx98H-410302967-cvr-MODEL.jpg",
            "price": 1377,
            "was-price": 2295,
            "name": "Helena Brazilian Briefs",
            "url": "/hunkemoller-helena-brazilian-briefs/p/410302967_cvr",
            "offer-price": 1031.02,
            "rating-count": 0,
            "cat1": "Women",
            "cat2": "Lingerie & Innerwear",
            "cat3": "Panties",
            "brand": "hunkemoller"
        },
        {
            "product-id": "410295431",
            "avg-rating": "",
            "img-url": "https://assets.ajio.com/medias/sys_master/root/20220209/mCt7/6202c9f7aeb26921af8f3fa3/-78Wx98H-410295431-lvndul-MODEL.jpg",
            "price": 1295,
            "was-price": 1295,
            "name": "Bae High-Leg Brazillian Briefs",
            "url": "/hunkemoller-bae-high-leg-brazillian-briefs/p/410295431_lvndul",
            "offer-price": 532.2,
            "rating-count": 0,
            "cat1": "Women",
            "cat2": "Lingerie & Innerwear",
            "cat3": "Panties",
            "brand": "hunkemoller"
        },
        {
            "product-id": "410302560",
            "avg-rating": "",
            "img-url": "https://assets.ajio.com/medias/sys_master/root/20220209/vVGp/6202bbe5aeb26921af8f0580/-78Wx98H-410302560-blk-MODEL.jpg",
            "price": 2795,
            "was-price": 2795,
            "name": "Lais Triangle Bikini Top",
            "url": "/hunkemoller-lais-triangle-bikini-top/p/410302560_blk",
            "offer-price": 1150.82,
            "rating-count": 0,
            "cat1": "Women",
            "cat2": "Western Wear",
            "cat3": "Swimwear",
            "brand": "hunkemoller"
        },
        {
            "product-id": "469048770",
            "avg-rating": "",
            "img-url": "https://assets.ajio.com/medias/sys_master/root/20220531/2WMt/6295f799f997dd03e24f3f59/-78Wx98H-469048770-white-MODEL.jpg",
            "price": 13999,
            "was-price": 13999,
            "name": "Magnify Nitro SP Running Shoes",
            "url": "/puma-magnify-nitro-sp-running-shoes/p/469048770_white",
            "offer-price": 7399,
            "rating-count": 0,
            "cat1": "Men",
            "cat2": "Footwear",
            "cat3": "Sports Shoes",
            "brand": "puma"
        },
        {
            "product-id": "410302041",
            "avg-rating": "",
            "img-url": "https://assets.ajio.com/medias/sys_master/root/20220209/6cgG/6202c720aeb26921af8f3654/-78Wx98H-410302041-sgrn-MODEL.jpg",
            "price": 822,
            "was-price": 1495,
            "name": "Sienna Brazilian Bikini Bottoms",
            "url": "/hunkemoller-sienna-brazilian-bikini-bottoms/p/410302041_sgrn",
            "offer-price": 614.42,
            "rating-count": 0,
            "cat1": "Women",
            "cat2": "Western Wear",
            "cat3": "Swimwear",
            "brand": "hunkemoller"
        },
        {
            "product-id": "410302246",
            "avg-rating": "",
            "img-url": "https://assets.ajio.com/medias/sys_master/root/20220210/FOUE/62040836f997dd03e2c85415/-78Wx98H-410302246-plum-MODEL.jpg",
            "price": 2795,
            "was-price": 2795,
            "name": "HKMX Striped The Motion Level 2 Sports Bra",
            "url": "/hunkemoller-hkmx-striped-the-motion-level-2-sports-bra/p/410302246_plum",
            "offer-price": 1150.82,
            "rating-count": 0,
            "cat1": "Women",
            "cat2": "Lingerie & Innerwear",
            "cat3": "Bras",
            "brand": "hunkemoller"
        },
        {
            "product-id": "410302558",
            "avg-rating": "",
            "img-url": "https://assets.ajio.com/medias/sys_master/root/20220209/DlJ9/6202cf8faeb26921af8f548d/-78Wx98H-410302558-purpl-MODEL.jpg",
            "price": 2995,
            "was-price": 2995,
            "name": "Estefan One-Shoulder Bikini Top with Side Tie-Up",
            "url": "/hunkemoller-estefan-one-shoulder-bikini-top-with-side-tie-up/p/410302558_purpl",
            "offer-price": 1233.18,
            "rating-count": 0,
            "cat1": "Women",
            "cat2": "Western Wear",
            "cat3": "Swimwear",
            "brand": "hunkemoller"
        },
        {
            "product-id": "410303466",
            "avg-rating": "",
            "img-url": "https://assets.ajio.com/medias/sys_master/root/20220209/lLMs/6202c5b6f997dd03e2c67622/-78Wx98H-410303466-cvr-MODEL.jpg",
            "price": 795,
            "was-price": 795,
            "name": "Sienna Boxer Floral Lace Boyshorts",
            "url": "/hunkemoller-sienna-boxer-floral-lace-boyshorts/p/410303466_cvr",
            "offer-price": 326.65,
            "rating-count": 0,
            "cat1": "Women",
            "cat2": "Lingerie & Innerwear",
            "cat3": "Panties",
            "brand": "hunkemoller"
        },
        {
            "product-id": "410302297",
            "avg-rating": "",
            "img-url": "https://assets.ajio.com/medias/sys_master/root/20220210/Ksqk/6204092af997dd03e2c858a2/-78Wx98H-410302297-blue-MODEL.jpg",
            "price": 2795,
            "was-price": 2795,
            "name": "Bessie Lightly Padded Bra with Adjustable Straps",
            "url": "/hunkemoller-bessie-lightly-padded-bra-with-adjustable-straps/p/410302297_blue",
            "offer-price": 1255.64,
            "rating-count": 0,
            "cat1": "Women",
            "cat2": "Lingerie & Innerwear",
            "cat3": "Bras",
            "brand": "hunkemoller"
        },
        {
            "product-id": "410302302",
            "avg-rating": "",
            "img-url": "https://assets.ajio.com/medias/sys_master/root/20220210/RgHI/62040a5ff997dd03e2c85cb4/-78Wx98H-410302302-lilac-MODEL.jpg",
            "price": 2795,
            "was-price": 2795,
            "name": "Elle Lightly Padded Padded Bra",
            "url": "/hunkemoller-elle-lightly-padded-padded-bra/p/410302302_lilac",
            "offer-price": 1255.64,
            "rating-count": 0,
            "cat1": "Women",
            "cat2": "Lingerie & Innerwear",
            "cat3": "Bras",
            "brand": "hunkemoller"
        },
        {
            "product-id": "410295430",
            "avg-rating": "",
            "img-url": "https://assets.ajio.com/medias/sys_master/root/20220209/W6Yi/6202b7a8f997dd03e2c63469/-78Wx98H-410295430-lvndul-MODEL.jpg",
            "price": 1795,
            "was-price": 1795,
            "name": "Bae Ruffle Bralette",
            "url": "/hunkemoller-bae-ruffle-bralette/p/410295430_lvndul",
            "offer-price": 737.76,
            "rating-count": 0,
            "cat1": "Women",
            "cat2": "Lingerie & Innerwear",
            "cat3": "Bras",
            "brand": "hunkemoller"
        },
        {
            "product-id": "410302561",
            "avg-rating": "",
            "img-url": "https://assets.ajio.com/medias/sys_master/root/20220209/wAaF/6202d17caeb26921af8f5c8c/-78Wx98H-410302561-blk-MODEL.jpg",
            "price": 1495,
            "was-price": 1495,
            "name": "Lais Brazilian Bikini Bottoms",
            "url": "/hunkemoller-lais-brazilian-bikini-bottoms/p/410302561_blk",
            "offer-price": 614.42,
            "rating-count": 0,
            "cat1": "Women",
            "cat2": "Western Wear",
            "cat3": "Swimwear",
            "brand": "hunkemoller"
        },
        {
            "product-id": "469099789",
            "avg-rating": "",
            "img-url": "https://assets.ajio.com/medias/sys_master/root/20220106/AnKH/61d5e6caaeb2695cdd0603e6/-78Wx98H-469099789-multicolour-MODEL.jpg",
            "price": 13825,
            "was-price": 19750,
            "name": "KW095 Water-Resistant Analogue Watch",
            "url": "/kredo-kw095-water-resistant-analogue-watch/p/469099789_multicolour",
            "offer-price": 12825,
            "rating-count": 0,
            "cat1": "Men",
            "cat2": "Timewear",
            "cat3": "Watches",
            "brand": "kredo"
        },
        {
            "product-id": "410301907",
            "avg-rating": "",
            "img-url": "https://assets.ajio.com/medias/sys_master/root/20220209/wuoK/6202df51f997dd03e2c78145/-78Wx98H-410301907-mrn-MODEL.jpg",
            "price": 1795,
            "was-price": 1795,
            "name": "Rose Longline Seamless Bralette with Adjustable Strap",
            "url": "/hunkemoller-rose-longline-seamless-bralette-with-adjustable-strap/p/410301907_mrn",
            "offer-price": 806.4,
            "rating-count": 0,
            "cat1": "Women",
            "cat2": "Lingerie & Innerwear",
            "cat3": "Bras",
            "brand": "hunkemoller"
        },
        {
            "product-id": "463809750",
            "avg-rating": "",
            "img-url": "https://assets.ajio.com/medias/sys_master/root/20220311/MDhL/622b6a99aeb26921afd3fbe2/-78Wx98H-463809750-red-MODEL.jpg",
            "price": 22900,
            "was-price": 22900,
            "name": "MSE.35110.LC Hours Analogue Watch",
            "url": "/mondaine-mse-35110-lc-hours-analogue-watch/p/463809750_red",
            "offer-price": 15030,
            "rating-count": 0,
            "cat1": "Men",
            "cat2": "Timewear",
            "cat3": "Watches",
            "brand": "mondaine"
        },
        {
            "product-id": "410302586",
            "avg-rating": "",
            "img-url": "https://assets.ajio.com/medias/sys_master/root/20220209/yO6z/6202c458f997dd03e2c66fd0/-78Wx98H-410302586-goblu-MODEL.jpg",
            "price": 1647,
            "was-price": 2995,
            "name": "Velour Panelled Joggers with Elasticated Waist",
            "url": "/hunkemoller-velour-panelled-joggers-with-elasticated-waist/p/410302586_goblu",
            "offer-price": 1233.18,
            "rating-count": 0,
            "cat1": "Women",
            "cat2": "Night & Lounge Wear",
            "cat3": "Pyjamas & Shorts",
            "brand": "hunkemoller"
        },
        {
            "product-id": "463807312",
            "avg-rating": "",
            "img-url": "https://assets.ajio.com/medias/sys_master/root/20230721/UBtG/64ba6913eebac147fc81227d/-78Wx98H-463807312-pink-MODEL.jpg",
            "price": 20600,
            "was-price": 20600,
            "name": "Analogue Watch with Round Dial",
            "url": "/mondaine-analogue-watch-with-round-dial/p/463807312_pink",
            "offer-price": 13420,
            "rating-count": 0,
            "cat1": "Women",
            "cat2": "Timewear",
            "cat3": "Watches",
            "brand": "mondaine"
        },
        {
            "product-id": "463807330",
            "avg-rating": "",
            "img-url": "https://assets.ajio.com/medias/sys_master/root/20230721/O65y/64ba692eeebac147fc812787/-78Wx98H-463807330-beige-MODEL.jpg",
            "price": 20600,
            "was-price": 20600,
            "name": "Analogue Watch with Round Dial",
            "url": "/mondaine-analogue-watch-with-round-dial/p/463807330_beige",
            "offer-price": 13420,
            "rating-count": 0,
            "cat1": "Women",
            "cat2": "Timewear",
            "cat3": "Watches",
            "brand": "mondaine"
        },
        {
            "product-id": "463809749",
            "avg-rating": "",
            "img-url": "https://assets.ajio.com/medias/sys_master/root/20230721/pZKW/64ba68fdeebac147fc811f11/-78Wx98H-463809749-black-MODEL.jpg",
            "price": 27600,
            "was-price": 27600,
            "name": "MSE.35110.LB Analogue Watch with Contrast Dial",
            "url": "/mondaine-mse-35110-lb-analogue-watch-with-contrast-dial/p/463809749_black",
            "offer-price": 18320,
            "rating-count": 0,
            "cat1": "Men",
            "cat2": "Timewear",
            "cat3": "Watches",
            "brand": "mondaine"
        },
        {
            "product-id": "410302064",
            "avg-rating": "",
            "img-url": "https://assets.ajio.com/medias/sys_master/root/20220210/hfY3/6204125caeb26921af9122b8/-78Wx98H-410302064-cvr-MODEL.jpg",
            "price": 3295,
            "was-price": 3295,
            "name": "Athena Underwired Balconette Bra with Adjustable Straps",
            "url": "/hunkemoller-athena-underwired-balconette-bra-with-adjustable-straps/p/410302064_cvr",
            "offer-price": 1480.27,
            "rating-count": 0,
            "cat1": "Women",
            "cat2": "Lingerie & Innerwear",
            "cat3": "Bras",
            "brand": "hunkemoller"
        },
        {
            "product-id": "410302824",
            "avg-rating": "",
            "img-url": "https://assets.ajio.com/medias/sys_master/root/20220209/bRl5/6202c882f997dd03e2c68447/-78Wx98H-410302824-lilac-MODEL.jpg",
            "price": 987,
            "was-price": 1795,
            "name": "Elle Brazilian Lace Panties",
            "url": "/hunkemoller-elle-brazilian-lace-panties/p/410302824_lilac",
            "offer-price": 737.76,
            "rating-count": 0,
            "cat1": "Women",
            "cat2": "Lingerie & Innerwear",
            "cat3": "Panties",
            "brand": "hunkemoller"
        },
        {
            "product-id": "410302563",
            "avg-rating": "",
            "img-url": "https://assets.ajio.com/medias/sys_master/root/20220209/MEmN/6202c293f997dd03e2c667e2/-78Wx98H-410302563-wht-MODEL.jpg",
            "price": 1557,
            "was-price": 2595,
            "name": "Sophie Non-Wired Lightly Padded Bra",
            "url": "/hunkemoller-sophie-non-wired-lightly-padded-bra/p/410302563_wht",
            "offer-price": 1165.79,
            "rating-count": 0,
            "cat1": "Women",
            "cat2": "Lingerie & Innerwear",
            "cat3": "Bras",
            "brand": "hunkemoller"
        },
        {
            "product-id": "469118281",
            "avg-rating": "",
            "img-url": "https://assets.ajio.com/medias/sys_master/root/20220205/IMg0/61fd74aeaeb26921af8a815b/-78Wx98H-469118281-white-MODEL.jpg",
            "price": 83100,
            "was-price": 83100,
            "name": "SFMF00621 Chic Analogue Wrist Watch",
            "url": "/salvatore-ferragamo-sfmf00621-chic-analogue-wrist-watch/p/469118281_white",
            "offer-price": 82269,
            "rating-count": 0,
            "cat1": "Women",
            "cat2": "Timewear",
            "cat3": "Watches",
            "brand": "salvatore-ferragamo"
        },
        {
            "product-id": "410303578",
            "avg-rating": "",
            "img-url": "https://assets.ajio.com/medias/sys_master/root/20220209/Eqfk/6202cdbaf997dd03e2c69b8a/-78Wx98H-410303578-cvr-MODEL.jpg",
            "price": 795,
            "was-price": 795,
            "name": "Bianca Boxer String Panties",
            "url": "/hunkemoller-bianca-boxer-string-panties/p/410303578_cvr",
            "offer-price": 326.65,
            "rating-count": 0,
            "cat1": "Women",
            "cat2": "Lingerie & Innerwear",
            "cat3": "Panties",
            "brand": "hunkemoller"
        },
        {
            "product-id": "410302836",
            "avg-rating": "",
            "img-url": "https://assets.ajio.com/medias/sys_master/root/20220209/EhXq/6202cf18aeb26921af8f52be/-78Wx98H-410302836-altn-MODEL.jpg",
            "price": 1647,
            "was-price": 2995,
            "name": "Mid-Rise Cargo Joggers with Elasticated Drawstring Waist",
            "url": "/hunkemoller-mid-rise-cargo-joggers-with-elasticated-drawstring-waist/p/410302836_altn",
            "offer-price": 1233.18,
            "rating-count": 0,
            "cat1": "Women",
            "cat2": "Night & Lounge Wear",
            "cat3": "Pyjamas & Shorts",
            "brand": "hunkemoller"
        },
        {
            "product-id": "410295392",
            "avg-rating": "",
            "img-url": "https://assets.ajio.com/medias/sys_master/root/20220209/AwLq/6202c8fbf997dd03e2c685e0/-78Wx98H-410295392-trpr-MODEL.jpg",
            "price": 767,
            "was-price": 1395,
            "name": "Rose Lace Boxer String Briefs",
            "url": "/hunkemoller-rose-lace-boxer-string-briefs/p/410295392_trpr",
            "offer-price": 573.31,
            "rating-count": 0,
            "cat1": "Women",
            "cat2": "Lingerie & Innerwear",
            "cat3": "Panties",
            "brand": "hunkemoller"
        },
        {
            "product-id": "410302954",
            "avg-rating": "",
            "img-url": "https://assets.ajio.com/medias/sys_master/root/20220209/R6Aw/6202c62df997dd03e2c677b5/-78Wx98H-410302954-blk-MODEL.jpg",
            "price": 2747,
            "was-price": 4995,
            "name": "Shell Sports Jacket with Waist Tie-Up",
            "url": "/hunkemoller-shell-sports-jacket-with-waist-tie-up/p/410302954_blk",
            "offer-price": 2058.53,
            "rating-count": 0,
            "cat1": "Women",
            "cat2": "Western Wear",
            "cat3": "Jackets & Coats",
            "brand": "hunkemoller"
        },
        {
            "product-id": "410302589",
            "avg-rating": "",
            "img-url": "https://assets.ajio.com/medias/sys_master/root/20220209/WgFY/6202ce31aeb26921af8f5063/-78Wx98H-410302589-purpl-MODEL.jpg",
            "price": 2995,
            "was-price": 2995,
            "name": "Melissa Lace Push-Up Bra",
            "url": "/hunkemoller-melissa-lace-push-up-bra/p/410302589_purpl",
            "offer-price": 1345.49,
            "rating-count": 0,
            "cat1": "Women",
            "cat2": "Lingerie & Innerwear",
            "cat3": "Bras",
            "brand": "hunkemoller"
        },
        {
            "product-id": "410302267",
            "avg-rating": "",
            "img-url": "https://assets.ajio.com/medias/sys_master/root/20220210/cPqt/6204084cf997dd03e2c85551/-78Wx98H-410302267-rossmoke-MODEL.jpg",
            "price": 3495,
            "was-price": 3495,
            "name": "Amelia Push-Up Bra with Front Closure",
            "url": "/hunkemoller-amelia-push-up-bra-with-front-closure/p/410302267_rossmoke",
            "offer-price": 1571.44,
            "rating-count": 0,
            "cat1": "Women",
            "cat2": "Lingerie & Innerwear",
            "cat3": "Bras",
            "brand": "hunkemoller"
        },
        {
            "product-id": "410302292",
            "avg-rating": "",
            "img-url": "https://assets.ajio.com/medias/sys_master/root/20220209/dxBu/6202c5c2f997dd03e2c67689/-78Wx98H-410302292-mnocn-MODEL.jpg",
            "price": 1995,
            "was-price": 1995,
            "name": "Twill Cami Top with Lace Trim",
            "url": "/hunkemoller-twill-cami-top-with-lace-trim/p/410302292_mnocn",
            "offer-price": 821.37,
            "rating-count": 0,
            "cat1": "Women",
            "cat2": "Night & Lounge Wear",
            "cat3": "Tops & Tshirts",
            "brand": "hunkemoller"
        },
        {
            "product-id": "463809969",
            "avg-rating": "",
            "img-url": "https://assets.ajio.com/medias/sys_master/root/20230721/Xiqj/64ba68fda9b42d15c967b2d2/-78Wx98H-463809969-silver-MODEL.jpg",
            "price": 28800,
            "was-price": 28800,
            "name": "MSX.4211B.SM Analogue Watch with Contrast Dial",
            "url": "/mondaine-msx-4211b-sm-analogue-watch-with-contrast-dial/p/463809969_silver",
            "offer-price": 19160,
            "rating-count": 0,
            "cat1": "Men",
            "cat2": "Timewear",
            "cat3": "Watches",
            "brand": "mondaine"
        },
        {
            "product-id": "410302321",
            "avg-rating": "",
            "img-url": "https://assets.ajio.com/medias/sys_master/root/20220209/mJMt/6202db67f997dd03e2c7493e/-78Wx98H-410302321-rsdwn-MODEL.jpg",
            "price": 1995,
            "was-price": 1995,
            "name": "Ribbed Top with Waffle Placket",
            "url": "/hunkemoller-ribbed-top-with-waffle-placket/p/410302321_rsdwn",
            "offer-price": 821.37,
            "rating-count": 0,
            "cat1": "Women",
            "cat2": "Night & Lounge Wear",
            "cat3": "Tops & Tshirts",
            "brand": "hunkemoller"
        },
        {
            "product-id": "410302242",
            "avg-rating": "",
            "img-url": "https://assets.ajio.com/medias/sys_master/root/20220210/hx5D/6204113ff997dd03e2c87f4e/-78Wx98H-410302242-bgrn-MODEL.jpg",
            "price": 3295,
            "was-price": 3295,
            "name": "HKMX The All Star Level 2 Sports Bra",
            "url": "/hunkemoller-hkmx-the-all-star-level-2-sports-bra/p/410302242_bgrn",
            "offer-price": 1356.72,
            "rating-count": 0,
            "cat1": "Women",
            "cat2": "Lingerie & Innerwear",
            "cat3": "Bras",
            "brand": "hunkemoller"
        },
        {
            "product-id": "410302936",
            "avg-rating": "",
            "img-url": "https://assets.ajio.com/medias/sys_master/root/20220209/34JT/6202c197aeb26921af8f1e83/-78Wx98H-410302936-fxglv-MODEL.jpg",
            "price": 795,
            "was-price": 795,
            "name": "V-shape Brazilian Lace Panties",
            "url": "/hunkemoller-v-shape-brazilian-lace-panties/p/410302936_fxglv",
            "offer-price": 326.65,
            "rating-count": 0,
            "cat1": "Women",
            "cat2": "Lingerie & Innerwear",
            "cat3": "Panties",
            "brand": "hunkemoller"
        },
        {
            "product-id": "410302069",
            "avg-rating": "",
            "img-url": "https://assets.ajio.com/medias/sys_master/root/20220210/QLUw/6204084aaeb26921af90f646/-78Wx98H-410302069-mrn-MODEL.jpg",
            "price": 2995,
            "was-price": 2995,
            "name": "Raine Push-Up Bra with Front Closure",
            "url": "/hunkemoller-raine-push-up-bra-with-front-closure/p/410302069_mrn",
            "offer-price": 1345.49,
            "rating-count": 0,
            "cat1": "Women",
            "cat2": "Lingerie & Innerwear",
            "cat3": "Bras",
            "brand": "hunkemoller"
        },
        {
            "product-id": "410301636",
            "avg-rating": "",
            "img-url": "https://assets.ajio.com/medias/sys_master/root/20220209/3zg0/6202dbb3aeb26921af8ffb8f/-78Wx98H-410301636-coblu-MODEL.jpg",
            "price": 1395,
            "was-price": 1395,
            "name": "Rio Deluxe Bikini Bottoms",
            "url": "/hunkemoller-rio-deluxe-bikini-bottoms/p/410301636_coblu",
            "offer-price": 573.31,
            "rating-count": 0,
            "cat1": "Women",
            "cat2": "Western Wear",
            "cat3": "Swimwear",
            "brand": "hunkemoller"
        },
        {
            "product-id": "410167528",
            "avg-rating": "",
            "img-url": "https://assets.ajio.com/medias/sys_master/root/20220131/c80M/61f809adf997dd66234f5e65/-78Wx98H-410167528-e4119-MODEL.jpg",
            "price": 3999,
            "was-price": 3999,
            "name": "Pack of 3 Umbx-Damien Boxer Briefs",
            "url": "/diesel-pack-of-3-umbx-damien-boxer-briefs/p/410167528_e4119",
            "offer-price": 2159.1,
            "rating-count": 0,
            "cat1": "Men",
            "cat2": "Inner Wear",
            "cat3": "Boxers",
            "brand": "diesel"
        },
        {
            "product-id": "410286223",
            "avg-rating": "",
            "img-url": "https://assets.ajio.com/medias/sys_master/root/20220131/P01v/61f80b69f997dd66234f7b70/-78Wx98H-410286223-e4869-MODEL.jpg",
            "price": 2999,
            "was-price": 4999,
            "name": "Pack of 3 Umbx-Damien Boxer Briefs",
            "url": "/diesel-pack-of-3-umbx-damien-boxer-briefs/p/410286223_e4869",
            "offer-price": 2699.1,
            "rating-count": 0,
            "cat1": "Men",
            "cat2": "Inner Wear",
            "cat3": "Boxers",
            "brand": "diesel"
        },
        {
            "product-id": "410307525",
            "avg-rating": "",
            "img-url": "https://assets.ajio.com/medias/sys_master/root/20220131/Ix0Y/61f80c43f997dd66234f89a5/-78Wx98H-410307525-e2892-MODEL.jpg",
            "price": 3999,
            "was-price": 3999,
            "name": "Pack of 3 Umbx-Shawn Boxer Briefs",
            "url": "/diesel-pack-of-3-umbx-shawn-boxer-briefs/p/410307525_e2892",
            "offer-price": 2159.1,
            "rating-count": 0,
            "cat1": "Men",
            "cat2": "Inner Wear",
            "cat3": "Boxers",
            "brand": "diesel"
        },
        {
            "product-id": "469118273",
            "avg-rating": "",
            "img-url": "https://assets.ajio.com/medias/sys_master/root/20220205/3JdE/61fd7df7aeb26921af8aa3a0/-78Wx98H-469118273-black-MODEL.jpg",
            "price": 116783,
            "was-price": 116900,
            "name": "SFME00621 Sapphire Analogue Wrist Watch",
            "url": "/salvatore-ferragamo-sfme00621-sapphire-analogue-wrist-watch/p/469118273_black",
            "offer-price": 115731,
            "rating-count": 0,
            "cat1": "Men",
            "cat2": "Timewear",
            "cat3": "Watches",
            "brand": "salvatore-ferragamo"
        },
        {
            "product-id": "469098258",
            "avg-rating": "",
            "img-url": "https://assets.ajio.com/medias/sys_master/root/20220205/i3nA/61fd71a2aeb26921af8a756e/-78Wx98H-469098258-black-MODEL.jpg",
            "price": 7195,
            "was-price": 7195,
            "name": "Zoom Span 4 Textured Lace-Up Running Shoes",
            "url": "/nike-zoom-span-4-textured-lace-up-running-shoes/p/469098258_black",
            "offer-price": 3893,
            "rating-count": 0,
            "cat1": "Men",
            "cat2": "Footwear",
            "cat3": "Sports Shoes",
            "brand": "nike"
        },
        {
            "product-id": "469118166",
            "avg-rating": "",
            "img-url": "https://assets.ajio.com/medias/sys_master/root/20220202/OxfH/61faa04ef997dd03e2bda63e/-78Wx98H-469118166-black-MODEL.jpg",
            "price": 99500,
            "was-price": 99500,
            "name": "VEZ600221 Analogue Watch with Leather Strap",
            "url": "/versace-vez600221-analogue-watch-with-leather-strap/p/469118166_black",
            "offer-price": 98505,
            "rating-count": 0,
            "cat1": "Women",
            "cat2": "Timewear",
            "cat3": "Watches",
            "brand": "versace"
        },
        {
            "product-id": "463773751",
            "avg-rating": "",
            "img-url": "https://assets.ajio.com/medias/sys_master/root/20220324/O0C8/623c86edaeb26921aff3337a/-78Wx98H-463773751-brown-MODEL.jpg",
            "price": 14999,
            "was-price": 14999,
            "name": "Wooden Frame Club Master Type Sunglass",
            "url": "/numi-paris-wooden-frame-club-master-type-sunglass/p/463773751_brown",
            "offer-price": 14249.05,
            "rating-count": 0,
            "cat1": "Men",
            "cat2": "Eyewear",
            "cat3": "Sunglasses",
            "brand": "numi-paris"
        }
    ],
    "ajio": [],
    "": []
}