{
    "trends.ajio": [
        {
            "product-id": "441276897",
            "avg-rating": "",
            "img-url": "https://assets.ajio.com/medias/sys_master/root/20220531/w2m4/62961073aeb26921affcba4e/-78Wx98H-441276897-purple-MODEL.jpg",
            "price": 3827,
            "was-price": 6599,
            "name": "Printed Straight Kurta Suit Set",
            "url": "/w-printed-straight-kurta-suit-set/p/441276897_purple",
            "offer-price": 2867.85,
            "rating-count": 0,
            "cat1": "Women",
            "cat2": "Ethnic Wear",
            "cat3": "Kurta Suit Sets",
            "brand": "w"
        },
        {
            "product-id": "450149406",
            "avg-rating": "",
            "img-url": "https://assets.ajio.com/medias/sys_master/root/20220603/xetn/62991cf4f997dd03e25d6bc4/-78Wx98H-450149406-peacock-MODEL.jpg",
            "price": 3399,
            "was-price": 3399,
            "name": "Attao Lace-Up Shoes",
            "url": "/fila-attao-lace-up-shoes/p/450149406_peacock",
            "offer-price": 609.94,
            "rating-count": 0,
            "cat1": "Men",
            "cat2": "Footwear",
            "cat3": "Casual Shoes",
            "brand": "fila"
        },
        {
            "product-id": "441142480",
            "avg-rating": "",
            "img-url": "https://assets.ajio.com/medias/sys_master/root/20220530/FV4G/6294a9dbaeb26921aff32482/-78Wx98H-441142480-ecru-MODEL.jpg",
            "price": 384,
            "was-price": 799,
            "name": "Heathered Bermudas with Contrast Taping",
            "url": "/teamspirit-heathered-bermudas-with-contrast-taping/p/441142480_ecru",
            "offer-price": 271.66,
            "rating-count": 0,
            "cat1": "Men",
            "cat2": "Western Wear",
            "cat3": "Shorts & 3/4ths",
            "brand": "teamspirit"
        },
        {
            "product-id": "441277062",
            "avg-rating": "",
            "img-url": "https://assets.ajio.com/medias/sys_master/root/20220601/kSaJ/629751c9f997dd03e2590d4a/-78Wx98H-441277062-grey-MODEL.jpg",
            "price": 1529,
            "was-price": 2999,
            "name": "A-line Kurta with Contrast Yoke",
            "url": "/w-a-line-kurta-with-contrast-yoke/p/441277062_grey",
            "offer-price": 1039.72,
            "rating-count": 0,
            "cat1": "Women",
            "cat2": "Ethnic Wear",
            "cat3": "Kurtas",
            "brand": "w"
        },
        {
            "product-id": "441141427",
            "avg-rating": "",
            "img-url": "https://assets.ajio.com/medias/sys_master/root/20220603/mhZ4/629920b9aeb26921af0931ae/-78Wx98H-441141427-navy-MODEL.jpg",
            "price": 1049,
            "was-price": 1049,
            "name": "Floral Print Slim Fit Shirt",
            "url": "/netplay-floral-print-slim-fit-shirt/p/441141427_navy",
            "offer-price": 314.61,
            "rating-count": 0,
            "cat1": "Men",
            "cat2": "Western Wear",
            "cat3": "Shirts",
            "brand": "netplay"
        },
        {
            "product-id": "441138207",
            "avg-rating": "",
            "img-url": "https://assets.ajio.com/medias/sys_master/root/20220603/TaTb/62990926f997dd03e25d09cd/-78Wx98H-441138207-indigo-MODEL.jpg",
            "price": 2299,
            "was-price": 2299,
            "name": "Washed Slim Fit Jeans",
            "url": "/john-players-jeans-washed-slim-fit-jeans/p/441138207_indigo",
            "offer-price": 689.14,
            "rating-count": 0,
            "cat1": "Men",
            "cat2": "Western Wear",
            "cat3": "Jeans",
            "brand": "john-players-jeans"
        },
        {
            "product-id": "441295087",
            "avg-rating": "",
            "img-url": "https://assets.ajio.com/medias/sys_master/root/20220602/JER7/6297c64caeb26921af05a8f6/-78Wx98H-441295087-pink-MODEL.jpg",
            "price": 264,
            "was-price": 549,
            "name": "Floral Print Skirt with Tassel Tie-Up",
            "url": "/point-cove-floral-print-skirt-with-tassel-tie-up/p/441295087_pink",
            "offer-price": 186.66,
            "rating-count": 0,
            "cat1": "Girls",
            "cat2": "Western Wear",
            "cat3": "Skirts",
            "brand": "point-cove"
        },
        {
            "product-id": "441276886",
            "avg-rating": "",
            "img-url": "https://assets.ajio.com/medias/sys_master/root/20220601/Q14P/6296a2b5f997dd03e2542c7e/-78Wx98H-441276886-blue-MODEL.jpg",
            "price": 6999,
            "was-price": 6999,
            "name": "Printed Straight Kurta Suit Set",
            "url": "/w-printed-straight-kurta-suit-set/p/441276886_blue",
            "offer-price": 2779.43,
            "rating-count": 0,
            "cat1": "Women",
            "cat2": "Ethnic Wear",
            "cat3": "Kurta Suit Sets",
            "brand": "w"
        },
        {
            "product-id": "441200203",
            "avg-rating": "",
            "img-url": "https://assets.ajio.com/medias/sys_master/root/20220603/cf7g/62990470aeb26921af086944/-78Wx98H-441200203-blue-MODEL.jpg",
            "price": 6999,
            "was-price": 6999,
            "name": "Embroidered Fit & Flare Dress",
            "url": "/w-embroidered-fit-flare-dress/p/441200203_blue",
            "offer-price": 1467.54,
            "rating-count": 0,
            "cat1": "Women",
            "cat2": "Fusion Wear",
            "cat3": "Dresses & Gowns",
            "brand": "w"
        },
        {
            "product-id": "441200259",
            "avg-rating": "",
            "img-url": "https://assets.ajio.com/medias/sys_master/root/20220603/TaO6/62990630f997dd03e25cfd24/-78Wx98H-441200259-green-MODEL.jpg",
            "price": 8999,
            "was-price": 8999,
            "name": "Embroidered Flared Kurta Suit Set",
            "url": "/w-embroidered-flared-kurta-suit-set/p/441200259_green",
            "offer-price": 7999,
            "rating-count": 0,
            "cat1": "Women",
            "cat2": "Ethnic Wear",
            "cat3": "Kurta Suit Sets",
            "brand": "w"
        },
        {
            "product-id": "441141357",
            "avg-rating": "",
            "img-url": "https://assets.ajio.com/medias/sys_master/root/20220601/jUeD/6296fea7aeb26921af026b8a/-78Wx98H-441141357-white-MODEL.jpg",
            "price": 1049,
            "was-price": 1049,
            "name": "Floral Print Slim Fit Shirt",
            "url": "/netplay-floral-print-slim-fit-shirt/p/441141357_white",
            "offer-price": 314.61,
            "rating-count": 0,
            "cat1": "Men",
            "cat2": "Western Wear",
            "cat3": "Shirts",
            "brand": "netplay"
        },
        {
            "product-id": "441200271",
            "avg-rating": "",
            "img-url": "https://assets.ajio.com/medias/sys_master/root/20220603/8Nvy/6299199bf997dd03e25d5a06/-78Wx98H-441200271-maroon-MODEL.jpg",
            "price": 8999,
            "was-price": 8999,
            "name": "Embellished Flared Kurta Suit Set",
            "url": "/w-embellished-flared-kurta-suit-set/p/441200271_maroon",
            "offer-price": 3500,
            "rating-count": 0,
            "cat1": "Women",
            "cat2": "Ethnic Wear",
            "cat3": "Kurta Suit Sets",
            "brand": "w"
        },
        {
            "product-id": "441143823",
            "avg-rating": "",
            "img-url": "https://assets.ajio.com/medias/sys_master/root/20220603/CzVT/6299033baeb26921af0865e0/-78Wx98H-441143823-beige-MODEL.jpg",
            "price": 384,
            "was-price": 799,
            "name": "Typographic Print Half-Zip Hoodie Top",
            "url": "/teamspirit-typographic-print-half-zip-hoodie-top/p/441143823_beige",
            "offer-price": 271.66,
            "rating-count": 0,
            "cat1": "Women",
            "cat2": "Western Wear",
            "cat3": "Tops",
            "brand": "teamspirit"
        },
        {
            "product-id": "441142454",
            "avg-rating": "",
            "img-url": "https://assets.ajio.com/medias/sys_master/root/20220624/ZVp1/62b4b634f997dd03e29aa727/-78Wx98H-441142454-greymelange-MODEL.jpg",
            "price": 799,
            "was-price": 799,
            "name": "Regular Fit Heathered Crew-Neck T-Shirt with Raglan Sleeves",
            "url": "/teamspirit-regular-fit-heathered-crew-neck-t-shirt-with-raglan-sleeves/p/441142454_greymelange",
            "offer-price": 271.66,
            "rating-count": 0,
            "cat1": "Men",
            "cat2": "Western Wear",
            "cat3": "Tshirts",
            "brand": "teamspirit"
        },
        {
            "product-id": "441141357",
            "avg-rating": "",
            "img-url": "https://assets.ajio.com/medias/sys_master/root/20220601/eQBu/62971f04aeb26921af030b23/-78Wx98H-441141357-grey-MODEL.jpg",
            "price": 1049,
            "was-price": 1049,
            "name": "Floral Print Slim Fit Shirt",
            "url": "/netplay-floral-print-slim-fit-shirt/p/441141357_grey",
            "offer-price": 314.61,
            "rating-count": 0,
            "cat1": "Men",
            "cat2": "Western Wear",
            "cat3": "Shirts",
            "brand": "netplay"
        },
        {
            "product-id": "441172172",
            "avg-rating": "",
            "img-url": "https://assets.ajio.com/medias/sys_master/root/20240115/4YO1/65a4ef0c8cdf1e0df5b424da/-78Wx98H-441172172-green-MODEL.jpg",
            "price": 3599,
            "was-price": 3599,
            "name": "Embroidered Straight Kurta",
            "url": "/w-embroidered-straight-kurta/p/441172172_green",
            "offer-price": 1563.94,
            "rating-count": 0,
            "cat1": "Women",
            "cat2": "Ethnic Wear",
            "cat3": "Kurtas",
            "brand": "w"
        },
        {
            "product-id": "441200267",
            "avg-rating": "",
            "img-url": "https://assets.ajio.com/medias/sys_master/root/20220603/I8Ml/62990630f997dd03e25cfd11/-78Wx98H-441200267-green-MODEL.jpg",
            "price": 8999,
            "was-price": 8999,
            "name": "Floral Print Flared Kurta Suit Set",
            "url": "/w-floral-print-flared-kurta-suit-set/p/441200267_green",
            "offer-price": 7999,
            "rating-count": 0,
            "cat1": "Women",
            "cat2": "Ethnic Wear",
            "cat3": "Kurta Suit Sets",
            "brand": "w"
        },
        {
            "product-id": "441277089",
            "avg-rating": "",
            "img-url": "https://assets.ajio.com/medias/sys_master/root/20220601/bU77/62974e67aeb26921af04b95e/-78Wx98H-441277089-pink-MODEL.jpg",
            "price": 680,
            "was-price": 1999,
            "name": "Printed Flared Kurta with Tie-Up",
            "url": "/w-printed-flared-kurta-with-tie-up/p/441277089_pink",
            "offer-price": 508.28,
            "rating-count": 0,
            "cat1": "Women",
            "cat2": "Ethnic Wear",
            "cat3": "Kurtas",
            "brand": "w"
        },
        {
            "product-id": "441200261",
            "avg-rating": "",
            "img-url": "https://assets.ajio.com/medias/sys_master/root/20220603/dIPp/62991501aeb26921af08a7ba/-78Wx98H-441200261-navyblue-MODEL.jpg",
            "price": 8999,
            "was-price": 8999,
            "name": "Embroidered Straight Kurta Suit Set",
            "url": "/w-embroidered-straight-kurta-suit-set/p/441200261_navyblue",
            "offer-price": 2967.52,
            "rating-count": 0,
            "cat1": "Women",
            "cat2": "Ethnic Wear",
            "cat3": "Kurta Suit Sets",
            "brand": "w"
        },
        {
            "product-id": "441140120",
            "avg-rating": "",
            "img-url": "https://assets.ajio.com/medias/sys_master/root/20220603/gST7/629913a7f997dd03e25d3d14/-78Wx98H-441140120-lightgrey-MODEL.jpg",
            "price": 570,
            "was-price": 1899,
            "name": "Tapered Fit Mid-Rise Chinos",
            "url": "/netplay-tapered-fit-mid-rise-chinos/p/441140120_lightgrey",
            "offer-price": 569.29,
            "rating-count": 0,
            "cat1": "Men",
            "cat2": "Western Wear",
            "cat3": "Trousers & Pants",
            "brand": "netplay"
        },
        {
            "product-id": "441200264",
            "avg-rating": "",
            "img-url": "https://assets.ajio.com/medias/sys_master/root/20220603/SJ8i/62991cfaaeb26921af08ca8e/-78Wx98H-441200264-ltbrown-MODEL.jpg",
            "price": 8999,
            "was-price": 8999,
            "name": "Floral Print A-line Kurta Suit Set",
            "url": "/w-floral-print-a-line-kurta-suit-set/p/441200264_ltbrown",
            "offer-price": 5839,
            "rating-count": 0,
            "cat1": "Women",
            "cat2": "Ethnic Wear",
            "cat3": "Kurta Suit Sets",
            "brand": "w"
        },
        {
            "product-id": "450149419",
            "avg-rating": "",
            "img-url": "https://assets.ajio.com/medias/sys_master/root/20221124/oTtQ/637f8d11aeb269659cb1a01a/-78Wx98H-450149419-peacock-MODEL.jpg",
            "price": 1216,
            "was-price": 3199,
            "name": "Michiro Lace-Up Casual Shoes",
            "url": "/fila-michiro-lace-up-casual-shoes/p/450149419_peacock",
            "offer-price": 910.47,
            "rating-count": 0,
            "cat1": "Men",
            "cat2": "Footwear",
            "cat3": "Casual Shoes",
            "brand": "fila"
        },
        {
            "product-id": "441140120",
            "avg-rating": "",
            "img-url": "https://assets.ajio.com/medias/sys_master/root/20220603/grLa/6299112df997dd03e25d2f68/-78Wx98H-441140120-khaki-MODEL.jpg",
            "price": 570,
            "was-price": 1899,
            "name": "Tapered Fit Mid-Rise Chinos",
            "url": "/netplay-tapered-fit-mid-rise-chinos/p/441140120_khaki",
            "offer-price": 569.29,
            "rating-count": 0,
            "cat1": "Men",
            "cat2": "Western Wear",
            "cat3": "Trousers & Pants",
            "brand": "netplay"
        },
        {
            "product-id": "441142465",
            "avg-rating": "",
            "img-url": "https://assets.ajio.com/medias/sys_master/root/20220603/TGf3/62992720f997dd03e25eb347/-78Wx98H-441142465-khaki-MODEL.jpg",
            "price": 549,
            "was-price": 549,
            "name": "Regular Fit Typographic Print Crew-Neck T-Shirt",
            "url": "/teamspirit-regular-fit-typographic-print-crew-neck-t-shirt/p/441142465_khaki",
            "offer-price": 186.66,
            "rating-count": 0,
            "cat1": "Men",
            "cat2": "Western Wear",
            "cat3": "Tshirts",
            "brand": "teamspirit"
        },
        {
            "product-id": "441200256",
            "avg-rating": "",
            "img-url": "https://assets.ajio.com/medias/sys_master/root/20220603/2EOe/629918b0aeb26921af08b67e/-78Wx98H-441200256-jetblack-MODEL.jpg",
            "price": 9999,
            "was-price": 9999,
            "name": "Velveteen A-line Kurta Suit Set",
            "url": "/w-velveteen-a-line-kurta-suit-set/p/441200256_jetblack",
            "offer-price": 3800,
            "rating-count": 0,
            "cat1": "Women",
            "cat2": "Ethnic Wear",
            "cat3": "Kurta Suit Sets",
            "brand": "w"
        },
        {
            "product-id": "441200262",
            "avg-rating": "",
            "img-url": "https://assets.ajio.com/medias/sys_master/root/20220603/x7WJ/6299121aaeb26921af089ce0/-78Wx98H-441200262-green-MODEL.jpg",
            "price": 7999,
            "was-price": 7999,
            "name": "Velveteen Straight Kurta Suit Set",
            "url": "/w-velveteen-straight-kurta-suit-set/p/441200262_green",
            "offer-price": 3639,
            "rating-count": 0,
            "cat1": "Women",
            "cat2": "Ethnic Wear",
            "cat3": "Kurta Suit Sets",
            "brand": "w"
        },
        {
            "product-id": "441144612",
            "avg-rating": "",
            "img-url": "https://assets.ajio.com/medias/sys_master/root/20220603/5mg9/62992379f997dd03e25e39f8/-78Wx98H-441144612-olive-MODEL.jpg",
            "price": 1344,
            "was-price": 2799,
            "name": "Slim Fit Hooded Sweatshirt",
            "url": "/john-players-jeans-slim-fit-hooded-sweatshirt/p/441144612_olive",
            "offer-price": 951.66,
            "rating-count": 0,
            "cat1": "Men",
            "cat2": "Western Wear",
            "cat3": "Sweatshirt & Hoodies",
            "brand": "john-players-jeans"
        },
        {
            "product-id": "441144612",
            "avg-rating": "",
            "img-url": "https://assets.ajio.com/medias/sys_master/root/20220603/25oU/62991501aeb26921af08a7b9/-78Wx98H-441144612-ltgrey-MODEL.jpg",
            "price": 1344,
            "was-price": 2799,
            "name": "Slim Fit Hooded Sweatshirt",
            "url": "/john-players-jeans-slim-fit-hooded-sweatshirt/p/441144612_ltgrey",
            "offer-price": 951.66,
            "rating-count": 0,
            "cat1": "Men",
            "cat2": "Western Wear",
            "cat3": "Sweatshirt & Hoodies",
            "brand": "john-players-jeans"
        },
        {
            "product-id": "450149148",
            "avg-rating": "",
            "img-url": "https://assets.ajio.com/medias/sys_master/root/20221124/f2RM/637f94a6f997ddfdbd99e189/-78Wx98H-450149148-brown-MODEL.jpg",
            "price": 1100,
            "was-price": 2199,
            "name": "Panelled Toe-Ring Slip-On Sandals",
            "url": "/lee-cooper-panelled-toe-ring-slip-on-sandals/p/450149148_brown",
            "offer-price": 823.62,
            "rating-count": 0,
            "cat1": "Men",
            "cat2": "Footwear",
            "cat3": "Sandals",
            "brand": "lee-cooper"
        },
        {
            "product-id": "441138143",
            "avg-rating": "",
            "img-url": "https://assets.ajio.com/medias/sys_master/root/20220601/bYfV/62971068f997dd03e256ba9b/-78Wx98H-441138143-white-MODEL.jpg",
            "price": 330,
            "was-price": 1099,
            "name": "Printed Slim Fit Shirt with Patch Pocket",
            "url": "/john-players-printed-slim-fit-shirt-with-patch-pocket/p/441138143_white",
            "offer-price": 329.59,
            "rating-count": 0,
            "cat1": "Men",
            "cat2": "Western Wear",
            "cat3": "Shirts",
            "brand": "john-players"
        },
        {
            "product-id": "450149162",
            "avg-rating": "",
            "img-url": "https://assets.ajio.com/medias/sys_master/root/20220601/79I9/62974380aeb26921af0488d0/-78Wx98H-450149162-black-MODEL.jpg",
            "price": 950,
            "was-price": 1899,
            "name": "Men Thong-Strap Slip-On Sandals",
            "url": "/lee-cooper-men-thong-strap-slip-on-sandals/p/450149162_black",
            "offer-price": 710.1,
            "rating-count": 0,
            "cat1": "Men",
            "cat2": "Footwear",
            "cat3": "Sandals",
            "brand": "lee-cooper"
        },
        {
            "product-id": "450149430",
            "avg-rating": "",
            "img-url": "https://assets.ajio.com/medias/sys_master/root/20221124/r1sh/637f934aaeb269659cb1c095/-78Wx98H-450149430-peacock-MODEL.jpg",
            "price": 3499,
            "was-price": 3499,
            "name": "Terrio Low-Top Lace-Up Casual Shoes",
            "url": "/fila-terrio-low-top-lace-up-casual-shoes/p/450149430_peacock",
            "offer-price": 706.36,
            "rating-count": 0,
            "cat1": "Men",
            "cat2": "Footwear",
            "cat3": "Casual Shoes",
            "brand": "fila"
        },
        {
            "product-id": "441138270",
            "avg-rating": "",
            "img-url": "https://assets.ajio.com/medias/sys_master/root/20220601/Q6OQ/629716f3f997dd03e256d979/-78Wx98H-441138270-mint-MODEL.jpg",
            "price": 1277,
            "was-price": 1799,
            "name": "Men Printed Slim Fit Shirt with Patch Pocket",
            "url": "/john-players-men-printed-slim-fit-shirt-with-patch-pocket/p/441138270_mint",
            "offer-price": 766.2,
            "rating-count": 0,
            "cat1": "Men",
            "cat2": "Western Wear",
            "cat3": "Shirts",
            "brand": "john-players"
        },
        {
            "product-id": "441138186",
            "avg-rating": "",
            "img-url": "https://assets.ajio.com/medias/sys_master/root/20220603/87YJ/62991ee8aeb26921af08f350/-78Wx98H-441138186-jetblack-MODEL.jpg",
            "price": 690,
            "was-price": 2299,
            "name": "Skinny Fit Flat Front Jeans",
            "url": "/john-players-jeans-skinny-fit-flat-front-jeans/p/441138186_jetblack",
            "offer-price": 689.14,
            "rating-count": 0,
            "cat1": "Men",
            "cat2": "Western Wear",
            "cat3": "Jeans",
            "brand": "john-players-jeans"
        },
        {
            "product-id": "441295123",
            "avg-rating": "",
            "img-url": "https://assets.ajio.com/medias/sys_master/root/20220602/PiXP/6297b2d4f997dd03e259b5f9/-78Wx98H-441295123-yellow-MODEL.jpg",
            "price": 336,
            "was-price": 699,
            "name": "Floral Print Round-Neck Top with Button Applique",
            "url": "/point-cove-floral-print-round-neck-top-with-button-applique/p/441295123_yellow",
            "offer-price": 237.66,
            "rating-count": 0,
            "cat1": "Girls",
            "cat2": "Western Wear",
            "cat3": "Tops & Tunics",
            "brand": "point-cove"
        },
        {
            "product-id": "441140034",
            "avg-rating": "",
            "img-url": "https://assets.ajio.com/medias/sys_master/root/20220603/MYg8/629905ddf997dd03e25cfb16/-78Wx98H-441140034-lavender-MODEL.jpg",
            "price": 450,
            "was-price": 1499,
            "name": "Jacket with Frayed Hemline",
            "url": "/rio-jacket-with-frayed-hemline/p/441140034_lavender",
            "offer-price": 449.44,
            "rating-count": 0,
            "cat1": "Women",
            "cat2": "Western Wear",
            "cat3": "Jackets & Coats",
            "brand": "rio"
        },
        {
            "product-id": "441138245",
            "avg-rating": "",
            "img-url": "https://assets.ajio.com/medias/sys_master/root/20220601/MU2G/62971ec3aeb26921af0307a4/-78Wx98H-441138245-khaki-MODEL.jpg",
            "price": 450,
            "was-price": 1499,
            "name": "Men Checked Slim Fit Shirt with Patch Pocket",
            "url": "/john-players-men-checked-slim-fit-shirt-with-patch-pocket/p/441138245_khaki",
            "offer-price": 449.44,
            "rating-count": 0,
            "cat1": "Men",
            "cat2": "Western Wear",
            "cat3": "Shirts",
            "brand": "john-players"
        },
        {
            "product-id": "441138665",
            "avg-rating": "",
            "img-url": "https://assets.ajio.com/medias/sys_master/root/20220603/CtdJ/62991cecaeb26921af08c961/-78Wx98H-441138665-olive-MODEL.jpg",
            "price": 300,
            "was-price": 999,
            "name": "Tie-Dye Print Slim Fit Crew-Neck T-shirt",
            "url": "/john-players-jeans-tie-dye-print-slim-fit-crew-neck-t-shirt/p/441138665_olive",
            "offer-price": 299.62,
            "rating-count": 0,
            "cat1": "Men",
            "cat2": "Western Wear",
            "cat3": "Tshirts",
            "brand": "john-players-jeans"
        },
        {
            "product-id": "441145053",
            "avg-rating": "",
            "img-url": "https://assets.ajio.com/medias/sys_master/root/20220527/RNe2/6290358caeb26921afe65447/-78Wx98H-441145053-white-MODEL.jpg",
            "price": 1999,
            "was-price": 1999,
            "name": "Men Slim Fit Shirt with Patch Pocket",
            "url": "/john-players-men-slim-fit-shirt-with-patch-pocket/p/441145053_white",
            "offer-price": 679.66,
            "rating-count": 0,
            "cat1": "Men",
            "cat2": "Western Wear",
            "cat3": "Shirts",
            "brand": "john-players"
        },
        {
            "product-id": "441142465",
            "avg-rating": "",
            "img-url": "https://assets.ajio.com/medias/sys_master/root/20220603/xRmT/629921d8f997dd03e25e008f/-78Wx98H-441142465-blue-MODEL.jpg",
            "price": 549,
            "was-price": 549,
            "name": "Typographic Print Crew-Neck T-shirt",
            "url": "/teamspirit-typographic-print-crew-neck-t-shirt/p/441142465_blue",
            "offer-price": 186.66,
            "rating-count": 0,
            "cat1": "Men",
            "cat2": "Western Wear",
            "cat3": "Tshirts",
            "brand": "teamspirit"
        },
        {
            "product-id": "441276903",
            "avg-rating": "",
            "img-url": "https://assets.ajio.com/medias/sys_master/root/20220601/M7NN/62966648f997dd03e251d29d/-78Wx98H-441276903-purple-MODEL.jpg",
            "price": 4059,
            "was-price": 6999,
            "name": "Printed Flared Kurta Suit Set",
            "url": "/w-printed-flared-kurta-suit-set/p/441276903_purple",
            "offer-price": 3059,
            "rating-count": 0,
            "cat1": "Women",
            "cat2": "Ethnic Wear",
            "cat3": "Kurta Suit Sets",
            "brand": "w"
        },
        {
            "product-id": "441276918",
            "avg-rating": "",
            "img-url": "https://assets.ajio.com/medias/sys_master/root/20220601/M4CV/6296b74eaeb26921af00d7c9/-78Wx98H-441276918-green-MODEL.jpg",
            "price": 1400,
            "was-price": 2799,
            "name": "Printed Straight Kurta with Embroidery",
            "url": "/w-printed-straight-kurta-with-embroidery/p/441276918_green",
            "offer-price": 1048.24,
            "rating-count": 0,
            "cat1": "Women",
            "cat2": "Ethnic Wear",
            "cat3": "Kurtas",
            "brand": "w"
        },
        {
            "product-id": "441200192",
            "avg-rating": "",
            "img-url": "https://assets.ajio.com/medias/sys_master/root/20220603/lMp6/62991312f997dd03e25d38d8/-78Wx98H-441200192-olivegreen-MODEL.jpg",
            "price": 1880,
            "was-price": 3299,
            "name": "Embellished Straight Kurta",
            "url": "/w-embellished-straight-kurta/p/441200192_olivegreen",
            "offer-price": 1407.64,
            "rating-count": 0,
            "cat1": "Women",
            "cat2": "Ethnic Wear",
            "cat3": "Kurtas",
            "brand": "w"
        },
        {
            "product-id": "441139276",
            "avg-rating": "",
            "img-url": "https://assets.ajio.com/medias/sys_master/root/20220602/roBV/6297bd5aaeb26921af05826b/-78Wx98H-441139276-blue-MODEL.jpg",
            "price": 599,
            "was-price": 599,
            "name": "Ribbed Shirt with Applique",
            "url": "/inf-frendz-ribbed-shirt-with-applique/p/441139276_blue",
            "offer-price": 203.66,
            "rating-count": 0,
            "cat1": "Infants",
            "cat2": "Western Wear",
            "cat3": "Shirts",
            "brand": "inf-frendz"
        },
        {
            "product-id": "441138192",
            "avg-rating": "",
            "img-url": "https://assets.ajio.com/medias/sys_master/root/20220603/LFrz/629915f1f997dd03e25d489a/-78Wx98H-441138192-jetblack-MODEL.jpg",
            "price": 690,
            "was-price": 2299,
            "name": "Washed Cropped Fit Jeans",
            "url": "/john-players-jeans-washed-cropped-fit-jeans/p/441138192_jetblack",
            "offer-price": 689.14,
            "rating-count": 0,
            "cat1": "Men",
            "cat2": "Western Wear",
            "cat3": "Jeans",
            "brand": "john-players-jeans"
        },
        {
            "product-id": "441141116",
            "avg-rating": "",
            "img-url": "https://assets.ajio.com/medias/sys_master/root/20220602/Aqjc/6298d4d1f997dd03e25c9e91/-78Wx98H-441141116-ltblue-MODEL.jpg",
            "price": 599,
            "was-price": 599,
            "name": "Straight Fit Jeans with Applique",
            "url": "/inf-frendz-straight-fit-jeans-with-applique/p/441141116_ltblue",
            "offer-price": 203.66,
            "rating-count": 0,
            "cat1": "Infants",
            "cat2": "Western Wear",
            "cat3": "Jeans & Jeggings",
            "brand": "inf-frendz"
        },
        {
            "product-id": "441200270",
            "avg-rating": "",
            "img-url": "https://assets.ajio.com/medias/sys_master/root/20220603/OpJU/62992332aeb26921af0985ec/-78Wx98H-441200270-navyblue-MODEL.jpg",
            "price": 8999,
            "was-price": 8999,
            "name": "Embellished Straight Kurta Suit Set",
            "url": "/w-embellished-straight-kurta-suit-set/p/441200270_navyblue",
            "offer-price": 3500,
            "rating-count": 0,
            "cat1": "Women",
            "cat2": "Ethnic Wear",
            "cat3": "Kurta Suit Sets",
            "brand": "w"
        },
        {
            "product-id": "441140538",
            "avg-rating": "",
            "img-url": "https://assets.ajio.com/medias/sys_master/root/20220601/zUKV/62972fc8aeb26921af042c65/-78Wx98H-441140538-white-MODEL.jpg",
            "price": 168,
            "was-price": 349,
            "name": "Printed Round-Neck T-shirt",
            "url": "/inf-frendz-printed-round-neck-t-shirt/p/441140538_white",
            "offer-price": 118.66,
            "rating-count": 0,
            "cat1": "Infants",
            "cat2": "Western Wear",
            "cat3": "Tshirts",
            "brand": "inf-frendz"
        },
        {
            "product-id": "441200193",
            "avg-rating": "",
            "img-url": "https://assets.ajio.com/medias/sys_master/root/20220607/zVRl/629f6ff8aeb26921af13ba45/-78Wx98H-441200193-darkmaroon-MODEL.jpg",
            "price": 3299,
            "was-price": 3299,
            "name": "Embellished Straight Kurta",
            "url": "/w-embellished-straight-kurta/p/441200193_darkmaroon",
            "offer-price": 988.34,
            "rating-count": 0,
            "cat1": "Women",
            "cat2": "Ethnic Wear",
            "cat3": "Kurtas",
            "brand": "w"
        },
        {
            "product-id": "441277055",
            "avg-rating": "",
            "img-url": "https://assets.ajio.com/medias/sys_master/root/20220601/pdlP/62974ee0aeb26921af04bc59/-78Wx98H-441277055-pink-MODEL.jpg",
            "price": 1567,
            "was-price": 2799,
            "name": "Panelled A-line Kurta",
            "url": "/w-panelled-a-line-kurta/p/441277055_pink",
            "offer-price": 1065.56,
            "rating-count": 0,
            "cat1": "Women",
            "cat2": "Ethnic Wear",
            "cat3": "Kurtas",
            "brand": "w"
        },
        {
            "product-id": "450149412",
            "avg-rating": "",
            "img-url": "https://assets.ajio.com/medias/sys_master/root/20220603/FtaP/62992751f997dd03e25eba98/-78Wx98H-450149412-black-MODEL.jpg",
            "price": 3099,
            "was-price": 3099,
            "name": "Sandals with Velcro Closure",
            "url": "/fila-sandals-with-velcro-closure/p/450149412_black",
            "offer-price": 882.02,
            "rating-count": 0,
            "cat1": "Men",
            "cat2": "Footwear",
            "cat3": "Sandals",
            "brand": "fila"
        },
        {
            "product-id": "441142683",
            "avg-rating": "",
            "img-url": "https://assets.ajio.com/medias/sys_master/root/20220603/JaJx/629928f6f997dd03e25eee7f/-78Wx98H-441142683-black-MODEL.jpg",
            "price": 540,
            "was-price": 1799,
            "name": "Men Slim Fit Shirt with Flap Pockets",
            "url": "/john-players-jeans-men-slim-fit-shirt-with-flap-pockets/p/441142683_black",
            "offer-price": 539.32,
            "rating-count": 0,
            "cat1": "Men",
            "cat2": "Western Wear",
            "cat3": "Shirts",
            "brand": "john-players-jeans"
        },
        {
            "product-id": "441142476",
            "avg-rating": "",
            "img-url": "https://assets.ajio.com/medias/sys_master/root/20220603/aPKF/629921a5f997dd03e25df97d/-78Wx98H-441142476-charcoal-MODEL.jpg",
            "price": 384,
            "was-price": 799,
            "name": "Regular Fit Heathered Polo T-Shirt",
            "url": "/teamspirit-regular-fit-heathered-polo-t-shirt/p/441142476_charcoal",
            "offer-price": 271.66,
            "rating-count": 0,
            "cat1": "Men",
            "cat2": "Western Wear",
            "cat3": "Tshirts",
            "brand": "teamspirit"
        },
        {
            "product-id": "441277082",
            "avg-rating": "",
            "img-url": "https://assets.ajio.com/medias/sys_master/root/20220601/SUrF/62974fcbaeb26921af04bf86/-78Wx98H-441277082-brown-MODEL.jpg",
            "price": 1159,
            "was-price": 1999,
            "name": "Straight Kurta with Embroidery",
            "url": "/w-straight-kurta-with-embroidery/p/441277082_brown",
            "offer-price": 867.79,
            "rating-count": 0,
            "cat1": "Women",
            "cat2": "Ethnic Wear",
            "cat3": "Kurtas",
            "brand": "w"
        },
        {
            "product-id": "441135174",
            "avg-rating": "",
            "img-url": "https://assets.ajio.com/medias/sys_master/root/20220601/2jMR/6297421bf997dd03e258bde4/-78Wx98H-441135174-ltblue-MODEL.jpg",
            "price": 1499,
            "was-price": 1499,
            "name": "Men Lightly Washed Skinny Fit Jeans",
            "url": "/dnmx-men-lightly-washed-skinny-fit-jeans/p/441135174_ltblue",
            "offer-price": 449.44,
            "rating-count": 0,
            "cat1": "Men",
            "cat2": "Western Wear",
            "cat3": "Jeans",
            "brand": "dnmx"
        },
        {
            "product-id": "441138281",
            "avg-rating": "",
            "img-url": "https://assets.ajio.com/medias/sys_master/root/20220602/6B7Z/6297c030aeb26921af058da3/-78Wx98H-441138281-white-MODEL.jpg",
            "price": 450,
            "was-price": 1499,
            "name": "Men Checked Slim Fit Shirt with Patch Pocket",
            "url": "/john-players-men-checked-slim-fit-shirt-with-patch-pocket/p/441138281_white",
            "offer-price": 449.44,
            "rating-count": 0,
            "cat1": "Men",
            "cat2": "Western Wear",
            "cat3": "Shirts",
            "brand": "john-players"
        },
        {
            "product-id": "441140116",
            "avg-rating": "",
            "img-url": "https://assets.ajio.com/medias/sys_master/root/20220603/Orau/62991476aeb26921af08a5c6/-78Wx98H-441140116-navy-MODEL.jpg",
            "price": 999,
            "was-price": 999,
            "name": "Printed Barmuda Shorts with Insert Pockets",
            "url": "/netplay-printed-barmuda-shorts-with-insert-pockets/p/441140116_navy",
            "offer-price": 299.62,
            "rating-count": 0,
            "cat1": "Men",
            "cat2": "Western Wear",
            "cat3": "Shorts & 3/4ths",
            "brand": "netplay"
        },
        {
            "product-id": "441138696",
            "avg-rating": "",
            "img-url": "https://assets.ajio.com/medias/sys_master/root/20220603/CdOD/6299264faeb26921af09ec7f/-78Wx98H-441138696-peach-MODEL.jpg",
            "price": 999,
            "was-price": 999,
            "name": "Micro Print Slim Fit Polo T-shirt",
            "url": "/john-players-micro-print-slim-fit-polo-t-shirt/p/441138696_peach",
            "offer-price": 299.62,
            "rating-count": 0,
            "cat1": "Men",
            "cat2": "Western Wear",
            "cat3": "Tshirts",
            "brand": "john-players"
        },
        {
            "product-id": "441200640",
            "avg-rating": "",
            "img-url": "https://assets.ajio.com/medias/sys_master/root/20220603/6IeS/629916c9aeb26921af08ae62/-78Wx98H-441200640-beige-MODEL.jpg",
            "price": 1199,
            "was-price": 1199,
            "name": "Ankle-Length Straight Fit Pants",
            "url": "/w-ankle-length-straight-fit-pants/p/441200640_beige",
            "offer-price": 897.74,
            "rating-count": 0,
            "cat1": "Women",
            "cat2": "Fusion Wear",
            "cat3": "Pants",
            "brand": "w"
        },
        {
            "product-id": "450119432",
            "avg-rating": "",
            "img-url": "https://assets.ajio.com/medias/sys_master/root/20200922/sZwL/5f68fc2caeb269d563c6d95f/-78Wx98H-450119432-blue-MODEL.jpg",
            "price": 2999,
            "was-price": 2999,
            "name": "Lace-Up Running Shoes",
            "url": "/fila-lace-up-running-shoes/p/450119432_blue",
            "offer-price": 605.45,
            "rating-count": 0,
            "cat1": "Men",
            "cat2": "Footwear",
            "cat3": "Sports Shoes",
            "brand": "fila"
        },
        {
            "product-id": "441138444",
            "avg-rating": "",
            "img-url": "https://assets.ajio.com/medias/sys_master/root/20220603/A8ro/629913a1aeb26921af08a35e/-78Wx98H-441138444-teal-MODEL.jpg",
            "price": 480,
            "was-price": 1599,
            "name": "Skinny Fit Flat Front Chinos",
            "url": "/john-players-skinny-fit-flat-front-chinos/p/441138444_teal",
            "offer-price": 479.4,
            "rating-count": 0,
            "cat1": "Men",
            "cat2": "Western Wear",
            "cat3": "Trousers & Pants",
            "brand": "john-players"
        },
        {
            "product-id": "450149426",
            "avg-rating": "",
            "img-url": "https://assets.ajio.com/medias/sys_master/root/20220603/s03W/62991740f997dd03e25d4df2/-78Wx98H-450149426-black-MODEL.jpg",
            "price": 3299,
            "was-price": 3299,
            "name": "Senza Slip-On Running Shoes",
            "url": "/fila-senza-slip-on-running-shoes/p/450149426_black",
            "offer-price": 666,
            "rating-count": 0,
            "cat1": "Men",
            "cat2": "Footwear",
            "cat3": "Sports Shoes",
            "brand": "fila"
        },
        {
            "product-id": "441142231",
            "avg-rating": "",
            "img-url": "https://assets.ajio.com/medias/sys_master/root/20220602/ZnKm/62986ad7aeb26921af0769ec/-78Wx98H-441142231-jetblack-MODEL.jpg",
            "price": 432,
            "was-price": 899,
            "name": "Washed Dungaree with T-shirt",
            "url": "/inf-frendz-washed-dungaree-with-t-shirt/p/441142231_jetblack",
            "offer-price": 305.66,
            "rating-count": 0,
            "cat1": "Infants",
            "cat2": "Western Wear",
            "cat3": "Dungarees",
            "brand": "inf-frendz"
        },
        {
            "product-id": "450149426",
            "avg-rating": "",
            "img-url": "https://assets.ajio.com/medias/sys_master/root/20220603/Bhs3/62992616f997dd03e25e91f6/-78Wx98H-450149426-grey-MODEL.jpg",
            "price": 3299,
            "was-price": 3299,
            "name": "Senza Slip-On Running Shoes",
            "url": "/fila-senza-slip-on-running-shoes/p/450149426_grey",
            "offer-price": 2472.18,
            "rating-count": 0,
            "cat1": "Men",
            "cat2": "Footwear",
            "cat3": "Sports Shoes",
            "brand": "fila"
        },
        {
            "product-id": "441142463",
            "avg-rating": "",
            "img-url": "https://assets.ajio.com/medias/sys_master/root/20220603/ekr7/62990a7ff997dd03e25d1071/-78Wx98H-441142463-navy-MODEL.jpg",
            "price": 384,
            "was-price": 799,
            "name": "Regular Fit Colourblock Polo T-Shirt with Logo Applique",
            "url": "/teamspirit-regular-fit-colourblock-polo-t-shirt-with-logo-applique/p/441142463_navy",
            "offer-price": 271.66,
            "rating-count": 0,
            "cat1": "Men",
            "cat2": "Western Wear",
            "cat3": "Tshirts",
            "brand": "teamspirit"
        },
        {
            "product-id": "441143534",
            "avg-rating": "",
            "img-url": "https://assets.ajio.com/medias/sys_master/root/20220603/yhQh/62991dd8f997dd03e25d7125/-78Wx98H-441143534-ecru-MODEL.jpg",
            "price": 1049,
            "was-price": 1049,
            "name": "Typographic Print Panelled Mid-Rise Joggers",
            "url": "/teamspirit-typographic-print-panelled-mid-rise-joggers/p/441143534_ecru",
            "offer-price": 356.66,
            "rating-count": 0,
            "cat1": "Men",
            "cat2": "Western Wear",
            "cat3": "Track Pants",
            "brand": "teamspirit"
        },
        {
            "product-id": "441200266",
            "avg-rating": "",
            "img-url": "https://assets.ajio.com/medias/sys_master/root/20220603/4ebj/6299272daeb26921af0a077d/-78Wx98H-441200266-navyblue-MODEL.jpg",
            "price": 9999,
            "was-price": 9999,
            "name": "Embroidered Flared Kurta Suit Set",
            "url": "/w-embroidered-flared-kurta-suit-set/p/441200266_navyblue",
            "offer-price": 3400,
            "rating-count": 0,
            "cat1": "Women",
            "cat2": "Ethnic Wear",
            "cat3": "Kurta Suit Sets",
            "brand": "w"
        },
        {
            "product-id": "441143282",
            "avg-rating": "",
            "img-url": "https://assets.ajio.com/medias/sys_master/root/20220603/MKrv/62991051aeb26921af089680/-78Wx98H-441143282-ltpurple-MODEL.jpg",
            "price": 999,
            "was-price": 999,
            "name": "Heathered Panelled High-Rise Joggers",
            "url": "/teamspirit-heathered-panelled-high-rise-joggers/p/441143282_ltpurple",
            "offer-price": 339.66,
            "rating-count": 0,
            "cat1": "Women",
            "cat2": "Western Wear",
            "cat3": "Track Pants",
            "brand": "teamspirit"
        },
        {
            "product-id": "441144022",
            "avg-rating": "",
            "img-url": "https://assets.ajio.com/medias/sys_master/root/20220603/Isba/62991a90aeb26921af08bdad/-78Wx98H-441144022-charcoal-MODEL.jpg",
            "price": 384,
            "was-price": 799,
            "name": "Heathered High-Rise Jeans",
            "url": "/teamspirit-heathered-high-rise-jeans/p/441144022_charcoal",
            "offer-price": 271.66,
            "rating-count": 0,
            "cat1": "Women",
            "cat2": "Western Wear",
            "cat3": "Leggings",
            "brand": "teamspirit"
        },
        {
            "product-id": "441144024",
            "avg-rating": "",
            "img-url": "https://assets.ajio.com/medias/sys_master/root/20220603/CH9Z/62991a98aeb26921af08be99/-78Wx98H-441144024-ltpeach-MODEL.jpg",
            "price": 384,
            "was-price": 799,
            "name": "Women High-Rise Leggings with Side Taping",
            "url": "/teamspirit-women-high-rise-leggings-with-side-taping/p/441144024_ltpeach",
            "offer-price": 271.66,
            "rating-count": 0,
            "cat1": "Women",
            "cat2": "Western Wear",
            "cat3": "Track Pants",
            "brand": "teamspirit"
        },
        {
            "product-id": "441139997",
            "avg-rating": "",
            "img-url": "https://assets.ajio.com/medias/sys_master/root/20220603/vghL/629915ebf997dd03e25d4801/-78Wx98H-441139997-ltpeach-MODEL.jpg",
            "price": 300,
            "was-price": 999,
            "name": "Dungaree with Patch Pocket",
            "url": "/rio-dungaree-with-patch-pocket/p/441139997_ltpeach",
            "offer-price": 299.62,
            "rating-count": 0,
            "cat1": "Women",
            "cat2": "Western Wear",
            "cat3": "Dresses",
            "brand": "rio"
        },
        {
            "product-id": "441102621",
            "avg-rating": "",
            "img-url": "https://assets.ajio.com/medias/sys_master/root/20220603/GI50/62991ce9f997dd03e25d6aa6/-78Wx98H-441102621-darkred-MODEL.jpg",
            "price": 600,
            "was-price": 1999,
            "name": "Bomber Jacket with Insert Pockets",
            "url": "/netplay-bomber-jacket-with-insert-pockets/p/441102621_darkred",
            "offer-price": 599.25,
            "rating-count": 0,
            "cat1": "Men",
            "cat2": "Western Wear",
            "cat3": "Jackets & Coats",
            "brand": "netplay"
        },
        {
            "product-id": "441157842",
            "avg-rating": "",
            "img-url": "https://assets.ajio.com/medias/sys_master/root/20220119/Fgtx/61e805ccaeb2695cdd1d308d/-78Wx98H-441157842-offwhite-MODEL.jpg",
            "price": 2599,
            "was-price": 2599,
            "name": "Embellished A-line Kurta Set",
            "url": "/biba-girls-embellished-a-line-kurta-set/p/441157842_offwhite",
            "offer-price": 597.77,
            "rating-count": 0,
            "cat1": "Girls",
            "cat2": "Ethnic Wear",
            "cat3": "Ethnic Wear Sets",
            "brand": "biba-girls"
        },
        {
            "product-id": "441295082",
            "avg-rating": "",
            "img-url": "https://assets.ajio.com/medias/sys_master/root/20220601/lqNm/6296f740f997dd03e25641ed/-78Wx98H-441295082-pink-MODEL.jpg",
            "price": 480,
            "was-price": 999,
            "name": "Jeans with Embroidery",
            "url": "/point-cove-jeans-with-embroidery/p/441295082_pink",
            "offer-price": 339.66,
            "rating-count": 0,
            "cat1": "Girls",
            "cat2": "Western Wear",
            "cat3": "Jeans & Jeggings",
            "brand": "point-cove"
        },
        {
            "product-id": "441141503",
            "avg-rating": "",
            "img-url": "https://assets.ajio.com/medias/sys_master/root/20220601/S1xb/6296edbef997dd03e256072c/-78Wx98H-441141503-mediumblue-MODEL.jpg",
            "price": 699,
            "was-price": 699,
            "name": "Mid-Wash Jogger Jeans",
            "url": "/inf-frendz-mid-wash-jogger-jeans/p/441141503_mediumblue",
            "offer-price": 237.66,
            "rating-count": 0,
            "cat1": "Infants",
            "cat2": "Western Wear",
            "cat3": "Jeans & Jeggings",
            "brand": "inf-frendz"
        },
        {
            "product-id": "441141117",
            "avg-rating": "",
            "img-url": "https://assets.ajio.com/medias/sys_master/root/20220602/C6zW/6297b1d7aeb26921af0556ed/-78Wx98H-441141117-mediumblue-MODEL.jpg",
            "price": 599,
            "was-price": 599,
            "name": "Jogger Jeans with Applique",
            "url": "/inf-frendz-jogger-jeans-with-applique/p/441141117_mediumblue",
            "offer-price": 203.66,
            "rating-count": 0,
            "cat1": "Infants",
            "cat2": "Western Wear",
            "cat3": "Jeans & Jeggings",
            "brand": "inf-frendz"
        },
        {
            "product-id": "441139451",
            "avg-rating": "",
            "img-url": "https://assets.ajio.com/medias/sys_master/root/20220602/hHTn/6297c5d0aeb26921af05a6f9/-78Wx98H-441139451-green-MODEL.jpg",
            "price": 192,
            "was-price": 399,
            "name": "Foil Print Shorts with Elasticated Waist",
            "url": "/kg-frendz-foil-print-shorts-with-elasticated-waist/p/441139451_green",
            "offer-price": 135.66,
            "rating-count": 0,
            "cat1": "Girls",
            "cat2": "Western Wear",
            "cat3": "Shorts & 3/4ths",
            "brand": "kg-frendz"
        },
        {
            "product-id": "441142488",
            "avg-rating": "",
            "img-url": "https://assets.ajio.com/medias/sys_master/root/20220915/VR3S/632223d2aeb269dbb38bead0/-78Wx98H-441142488-grey-MODEL.jpg",
            "price": 1049,
            "was-price": 1049,
            "name": "Heathered Joggers with Contrast Side Panels",
            "url": "/teamspirit-heathered-joggers-with-contrast-side-panels/p/441142488_grey",
            "offer-price": 356.66,
            "rating-count": 0,
            "cat1": "Men",
            "cat2": "Western Wear",
            "cat3": "Track Pants",
            "brand": "teamspirit"
        },
        {
            "product-id": "441143502",
            "avg-rating": "",
            "img-url": "https://assets.ajio.com/medias/sys_master/root/20220530/9EAy/6294b7e2aeb26921aff38b50/-78Wx98H-441143502-ltblue-MODEL.jpg",
            "price": 480,
            "was-price": 1599,
            "name": "Men Mid-Wash Slim Fit Shirt with Buttoned Flap Pockets",
            "url": "/dnmx-men-mid-wash-slim-fit-shirt-with-buttoned-flap-pockets/p/441143502_ltblue",
            "offer-price": 479.4,
            "rating-count": 0,
            "cat1": "Men",
            "cat2": "Western Wear",
            "cat3": "Shirts",
            "brand": "dnmx"
        },
        {
            "product-id": "450149409",
            "avg-rating": "",
            "img-url": "https://assets.ajio.com/medias/sys_master/root/20220601/Tpkf/629715fef997dd03e256d58b/-78Wx98H-450149409-peacock-MODEL.jpg",
            "price": 3899,
            "was-price": 3899,
            "name": "Low-Top Slip-On Running Shoes",
            "url": "/fila-low-top-slip-on-running-shoes/p/450149409_peacock",
            "offer-price": 1460.05,
            "rating-count": 0,
            "cat1": "Men",
            "cat2": "Footwear",
            "cat3": "Sports Shoes",
            "brand": "fila"
        },
        {
            "product-id": "450149424",
            "avg-rating": "",
            "img-url": "https://assets.ajio.com/medias/sys_master/root/20220601/Pzly/6297455faeb26921af049029/-78Wx98H-450149424-white-MODEL.jpg",
            "price": 3899,
            "was-price": 3899,
            "name": "Nitebeat Low-Top Lace-Up Casual Shoes",
            "url": "/fila-nitebeat-low-top-lace-up-casual-shoes/p/450149424_white",
            "offer-price": 2921.81,
            "rating-count": 0,
            "cat1": "Men",
            "cat2": "Footwear",
            "cat3": "Casual Shoes",
            "brand": "fila"
        },
        {
            "product-id": "441277071",
            "avg-rating": "",
            "img-url": "https://assets.ajio.com/medias/sys_master/root/20220601/0m0Y/62975093aeb26921af04c1f7/-78Wx98H-441277071-blue-MODEL.jpg",
            "price": 1272,
            "was-price": 1899,
            "name": "Printed Button-Down Straight Kurta",
            "url": "/w-printed-button-down-straight-kurta/p/441277071_blue",
            "offer-price": 952.4,
            "rating-count": 0,
            "cat1": "Women",
            "cat2": "Ethnic Wear",
            "cat3": "Kurtas",
            "brand": "w"
        },
        {
            "product-id": "450149409",
            "avg-rating": "",
            "img-url": "https://assets.ajio.com/medias/sys_master/root/20220601/4Lps/6297341ef997dd03e2586e98/-78Wx98H-450149409-grey-MODEL.jpg",
            "price": 3899,
            "was-price": 3899,
            "name": "Low-Top Slip-On Running Shoes",
            "url": "/fila-low-top-slip-on-running-shoes/p/450149409_grey",
            "offer-price": 788.43,
            "rating-count": 0,
            "cat1": "Men",
            "cat2": "Footwear",
            "cat3": "Sports Shoes",
            "brand": "fila"
        },
        {
            "product-id": "441144026",
            "avg-rating": "",
            "img-url": "https://assets.ajio.com/medias/sys_master/root/20220601/xmhj/6296eeaaaeb26921af02186f/-78Wx98H-441144026-wine-MODEL.jpg",
            "price": 336,
            "was-price": 699,
            "name": "Sports Leggings with Typography",
            "url": "/teamspirit-sports-leggings-with-typography/p/441144026_wine",
            "offer-price": 237.66,
            "rating-count": 0,
            "cat1": "Women",
            "cat2": "Western Wear",
            "cat3": "Leggings",
            "brand": "teamspirit"
        },
        {
            "product-id": "450149430",
            "avg-rating": "",
            "img-url": "https://assets.ajio.com/medias/sys_master/root/20220601/N9p0/629716f9aeb26921af02c9a7/-78Wx98H-450149430-white-MODEL.jpg",
            "price": 3499,
            "was-price": 3499,
            "name": "Men Terrio Low-Top Lace-Up Casual Shoes",
            "url": "/fila-men-terrio-low-top-lace-up-casual-shoes/p/450149430_white",
            "offer-price": 732.53,
            "rating-count": 0,
            "cat1": "Men",
            "cat2": "Footwear",
            "cat3": "Casual Shoes",
            "brand": "fila"
        },
        {
            "product-id": "441142085",
            "avg-rating": "",
            "img-url": "https://assets.ajio.com/medias/sys_master/root/20220601/i0py/6296f128aeb26921af022773/-78Wx98H-441142085-orange-MODEL.jpg",
            "price": 1049,
            "was-price": 1049,
            "name": "Striped Slim Fit Shirt with Patch Pocket",
            "url": "/netplay-striped-slim-fit-shirt-with-patch-pocket/p/441142085_orange",
            "offer-price": 314.61,
            "rating-count": 0,
            "cat1": "Men",
            "cat2": "Western Wear",
            "cat3": "Shirts",
            "brand": "netplay"
        },
        {
            "product-id": "441276885",
            "avg-rating": "",
            "img-url": "https://assets.ajio.com/medias/sys_master/root/20220601/yr9j/6296e6b3aeb26921af01c427/-78Wx98H-441276885-grey-MODEL.jpg",
            "price": 3360,
            "was-price": 6999,
            "name": "Printed Straight Kurta Suit Set",
            "url": "/w-printed-straight-kurta-suit-set/p/441276885_grey",
            "offer-price": 2517.89,
            "rating-count": 0,
            "cat1": "Women",
            "cat2": "Ethnic Wear",
            "cat3": "Kurta Suit Sets",
            "brand": "w"
        },
        {
            "product-id": "450146124",
            "avg-rating": "",
            "img-url": "https://assets.ajio.com/medias/sys_master/root/20221124/N5FC/637f986df997ddfdbd99f776/-78Wx98H-450146124-tan-MODEL.jpg",
            "price": 1424,
            "was-price": 1899,
            "name": "Logo Embossed Slip-On Sandals with Cutouts",
            "url": "/lee-cooper-logo-embossed-slip-on-sandals-with-cutouts/p/450146124_tan",
            "offer-price": 1066.21,
            "rating-count": 0,
            "cat1": "Men",
            "cat2": "Footwear",
            "cat3": "Sandals",
            "brand": "lee-cooper"
        },
        {
            "product-id": "441142660",
            "avg-rating": "",
            "img-url": "https://assets.ajio.com/medias/sys_master/root/20240117/tEUy/65a7e6c716fd2c6e6aad34aa/-78Wx98H-441142660-blue-MODEL.jpg",
            "price": 960,
            "was-price": 1999,
            "name": "Men Slim Fit Shirt with Patch Pocket",
            "url": "/john-players-men-slim-fit-shirt-with-patch-pocket/p/441142660_blue",
            "offer-price": 679.66,
            "rating-count": 0,
            "cat1": "Men",
            "cat2": "Western Wear",
            "cat3": "Shirts",
            "brand": "john-players"
        },
        {
            "product-id": "441138691",
            "avg-rating": "",
            "img-url": "https://assets.ajio.com/medias/sys_master/root/20220601/y69c/62972cb7f997dd03e25835b6/-78Wx98H-441138691-mint-MODEL.jpg",
            "price": 999,
            "was-price": 999,
            "name": "Printed Slim Fit Polo T-shirt",
            "url": "/john-players-printed-slim-fit-polo-t-shirt/p/441138691_mint",
            "offer-price": 299.62,
            "rating-count": 0,
            "cat1": "Men",
            "cat2": "Western Wear",
            "cat3": "Tshirts",
            "brand": "john-players"
        },
        {
            "product-id": "441313107",
            "avg-rating": "",
            "img-url": "https://assets.ajio.com/medias/sys_master/root/20220602/F6EK/6297c737aeb26921af05ac2a/-78Wx98H-441313107-blue-MODEL.jpg",
            "price": 1145,
            "was-price": 1145,
            "name": "Striped Polo T-shirt with Patch Pocket",
            "url": "/duke-striped-polo-t-shirt-with-patch-pocket/p/441313107_blue",
            "offer-price": 857.31,
            "rating-count": 0,
            "cat1": "Men",
            "cat2": "Western Wear",
            "cat3": "Tshirts",
            "brand": "duke"
        },
        {
            "product-id": "441138745",
            "avg-rating": "",
            "img-url": "https://assets.ajio.com/medias/sys_master/root/20220601/P737/6296f9f7f997dd03e25650eb/-78Wx98H-441138745-indigo-MODEL.jpg",
            "price": 660,
            "was-price": 2199,
            "name": "Men Checked Slim Fit Shirt with Flap Pockets",
            "url": "/john-players-jeans-men-checked-slim-fit-shirt-with-flap-pockets/p/441138745_indigo",
            "offer-price": 659.17,
            "rating-count": 0,
            "cat1": "Men",
            "cat2": "Western Wear",
            "cat3": "Shirts",
            "brand": "john-players-jeans"
        },
        {
            "product-id": "441143796",
            "avg-rating": "",
            "img-url": "https://assets.ajio.com/medias/sys_master/root/20220602/QdmT/6297b5ecf997dd03e259c404/-78Wx98H-441143796-navyblue-MODEL.jpg",
            "price": 240,
            "was-price": 499,
            "name": "Cuffed Pants with Embroidery",
            "url": "/kg-frendz-cuffed-pants-with-embroidery/p/441143796_navyblue",
            "offer-price": 169.66,
            "rating-count": 0,
            "cat1": "Girls",
            "cat2": "Western Wear",
            "cat3": "Trousers & Pants",
            "brand": "kg-frendz"
        },
        {
            "product-id": "441143888",
            "avg-rating": "",
            "img-url": "https://assets.ajio.com/medias/sys_master/root/20220601/RPZb/62971bc1aeb26921af02ddcb/-78Wx98H-441143888-ltyellow-MODEL.jpg",
            "price": 432,
            "was-price": 899,
            "name": "Fit & Flare Dress with Embroidery",
            "url": "/inf-frendz-fit-flare-dress-with-embroidery/p/441143888_ltyellow",
            "offer-price": 305.66,
            "rating-count": 0,
            "cat1": "Infants",
            "cat2": "Western Wear",
            "cat3": "Dresses & Frocks",
            "brand": "inf-frendz"
        },
        {
            "product-id": "441277057",
            "avg-rating": "",
            "img-url": "https://assets.ajio.com/medias/sys_master/root/20220601/SUzh/62974f63f997dd03e259022e/-78Wx98H-441277057-grey-MODEL.jpg",
            "price": 1344,
            "was-price": 2799,
            "name": "Printed A-line Kurta",
            "url": "/w-printed-a-line-kurta/p/441277057_grey",
            "offer-price": 913.92,
            "rating-count": 0,
            "cat1": "Women",
            "cat2": "Ethnic Wear",
            "cat3": "Kurtas",
            "brand": "w"
        },
        {
            "product-id": "441140346",
            "avg-rating": "",
            "img-url": "https://assets.ajio.com/medias/sys_master/root/20220602/fjGD/6297c121aeb26921af0591bb/-78Wx98H-441140346-ltpink-MODEL.jpg",
            "price": 240,
            "was-price": 499,
            "name": "Mid-Rise Pants with Elasticated Waist",
            "url": "/kg-frendz-mid-rise-pants-with-elasticated-waist/p/441140346_ltpink",
            "offer-price": 169.66,
            "rating-count": 0,
            "cat1": "Girls",
            "cat2": "Western Wear",
            "cat3": "Trousers & Pants",
            "brand": "kg-frendz"
        }
    ],
    "ajio": [],
    "": []
}