{
    "trends.ajio": [
        {
            "product-id": "441142197",
            "avg-rating": "",
            "img-url": "https://assets.ajio.com/medias/sys_master/root/20220718/CxMR/62d5469df997dd03e2da651e/-78Wx98H-441142197-navy-MODEL.jpg",
            "price": 1299,
            "was-price": 1299,
            "name": "Embroidered Slim Fit Straight Kurta",
            "url": "/samav-embroidered-slim-fit-straight-kurta/p/441142197_navy",
            "offer-price": 389.51,
            "rating-count": 0,
            "cat1": "Men",
            "cat2": "Ethnic Wear",
            "cat3": "Kurtas",
            "brand": "samav"
        },
        {
            "product-id": "450142220",
            "avg-rating": "",
            "img-url": "https://assets.ajio.com/medias/sys_master/root/20220718/RlnB/62d56fe0f997dd03e2dab40d/-78Wx98H-450142220-maroon-MODEL.jpg",
            "price": 4999,
            "was-price": 4999,
            "name": "Merlot Slip-On Casual Shoes",
            "url": "/clarks-merlot-slip-on-casual-shoes/p/450142220_maroon",
            "offer-price": 3499.3,
            "rating-count": 0,
            "cat1": "Women",
            "cat2": "Footwear",
            "cat3": "Casual Shoes",
            "brand": "clarks"
        },
        {
            "product-id": "441289549",
            "avg-rating": "",
            "img-url": "https://assets.ajio.com/medias/sys_master/root/20220706/hFjB/62c5abf4aeb26921af66a79d/-78Wx98H-441289549-darkblue-MODEL.jpg",
            "price": 1081,
            "was-price": 2299,
            "name": "Mid-Rise Skinny Fit Jeans",
            "url": "/altheory-mid-rise-skinny-fit-jeans/p/441289549_darkblue",
            "offer-price": 1034.55,
            "rating-count": 0,
            "cat1": "Men",
            "cat2": "Western Wear",
            "cat3": "Jeans",
            "brand": "altheory"
        },
        {
            "product-id": "441351345",
            "avg-rating": "",
            "img-url": "https://assets.ajio.com/medias/sys_master/root/20220715/yhUy/62d19ca3f997dd03e2d7d7cd/-78Wx98H-441351345-black-MODEL.jpg",
            "price": 1595,
            "was-price": 1595,
            "name": "Checked Skinny Fit High-Rise Treggings",
            "url": "/kraus-checked-skinny-fit-high-rise-treggings/p/441351345_black",
            "offer-price": 596.48,
            "rating-count": 0,
            "cat1": "Women",
            "cat2": "Western Wear",
            "cat3": "Jeans & Jeggings",
            "brand": "kraus"
        },
        {
            "product-id": "441140550",
            "avg-rating": "",
            "img-url": "https://assets.ajio.com/medias/sys_master/root/20220718/skTk/62d57c8af997dd03e2dbfc1d/-78Wx98H-441140550-orange-MODEL.jpg",
            "price": 336,
            "was-price": 699,
            "name": "Floral Print Sweatshirt with Bee Applique",
            "url": "/inf-frendz-floral-print-sweatshirt-with-bee-applique/p/441140550_orange",
            "offer-price": 279.6,
            "rating-count": 0,
            "cat1": "Infants",
            "cat2": "Western Wear",
            "cat3": "Sweatshirts & Jacket",
            "brand": "inf-frendz"
        },
        {
            "product-id": "441142200",
            "avg-rating": "",
            "img-url": "https://assets.ajio.com/medias/sys_master/root/20220718/Tldk/62d5480baeb26921af801081/-78Wx98H-441142200-plum-MODEL.jpg",
            "price": 999,
            "was-price": 999,
            "name": "Striped Slim Fit Straight Kurta",
            "url": "/samav-striped-slim-fit-straight-kurta/p/441142200_plum",
            "offer-price": 299.62,
            "rating-count": 0,
            "cat1": "Men",
            "cat2": "Ethnic Wear",
            "cat3": "Kurtas",
            "brand": "samav"
        },
        {
            "product-id": "441315909",
            "avg-rating": "",
            "img-url": "https://assets.ajio.com/medias/sys_master/root/20220706/Ddmc/62c5ae3cf997dd03e2bfd3fd/-78Wx98H-441315909-white-MODEL.jpg",
            "price": 559,
            "was-price": 999,
            "name": "Regular Fit Embossed Print Polo T-shirt",
            "url": "/altheory-regular-fit-embossed-print-polo-t-shirt/p/441315909_white",
            "offer-price": 417.84,
            "rating-count": 0,
            "cat1": "Men",
            "cat2": "Western Wear",
            "cat3": "Tshirts",
            "brand": "altheory"
        },
        {
            "product-id": "441292705",
            "avg-rating": "",
            "img-url": "https://assets.ajio.com/medias/sys_master/root/20220706/Dh2n/62c48c20f997dd03e2be433e/-78Wx98H-441292705-navy-MODEL.jpg",
            "price": 750,
            "was-price": 1499,
            "name": "Shirt with Button-Down Collar",
            "url": "/altheory-shirt-with-button-down-collar/p/441292705_navy",
            "offer-price": 560.61,
            "rating-count": 0,
            "cat1": "Men",
            "cat2": "Western Wear",
            "cat3": "Shirts",
            "brand": "altheory"
        },
        {
            "product-id": "441315944",
            "avg-rating": "",
            "img-url": "https://assets.ajio.com/medias/sys_master/root/20220627/Rfib/62b9c5adaeb26921af48b7f3/-78Wx98H-441315944-black-MODEL.jpg",
            "price": 300,
            "was-price": 599,
            "name": "Regular Fit Typographic Print Crew-Neck T-shirt",
            "url": "/altheory-regular-fit-typographic-print-crew-neck-t-shirt/p/441315944_black",
            "offer-price": 224.24,
            "rating-count": 0,
            "cat1": "Men",
            "cat2": "Western Wear",
            "cat3": "Tshirts",
            "brand": "altheory"
        },
        {
            "product-id": "441315944",
            "avg-rating": "",
            "img-url": "https://assets.ajio.com/medias/sys_master/root/20220627/mXmN/62b9c6d4f997dd03e2a03a95/-78Wx98H-441315944-white-MODEL.jpg",
            "price": 300,
            "was-price": 599,
            "name": "Regular Fit Typographic Print Crew-Neck T-shirt",
            "url": "/altheory-regular-fit-typographic-print-crew-neck-t-shirt/p/441315944_white",
            "offer-price": 224.24,
            "rating-count": 0,
            "cat1": "Men",
            "cat2": "Western Wear",
            "cat3": "Tshirts",
            "brand": "altheory"
        },
        {
            "product-id": "441315935",
            "avg-rating": "",
            "img-url": "https://assets.ajio.com/medias/sys_master/root/20220627/j3Mz/62b9c7d5f997dd03e2a05d94/-78Wx98H-441315935-jetblack-MODEL.jpg",
            "price": 300,
            "was-price": 599,
            "name": "Regular Fit Crew-Neck T-shirt with Placement Typography",
            "url": "/altheory-regular-fit-crew-neck-t-shirt-with-placement-typography/p/441315935_jetblack",
            "offer-price": 224.24,
            "rating-count": 0,
            "cat1": "Men",
            "cat2": "Western Wear",
            "cat3": "Tshirts",
            "brand": "altheory"
        },
        {
            "product-id": "441208665",
            "avg-rating": "",
            "img-url": "https://assets.ajio.com/medias/sys_master/root/20220718/6E0S/62d50e57f997dd03e2da4d99/-78Wx98H-441208665-olive-MODEL.jpg",
            "price": 2495,
            "was-price": 2495,
            "name": "Ribbed Front-Open Cardigan",
            "url": "/duke-women-s-ribbed-front-open-cardigan/p/441208665_olive",
            "offer-price": 934.43,
            "rating-count": 0,
            "cat1": "Women",
            "cat2": "Western Wear",
            "cat3": "Shrugs & Jackets",
            "brand": "duke-women-s"
        },
        {
            "product-id": "441208610",
            "avg-rating": "",
            "img-url": "https://assets.ajio.com/medias/sys_master/root/20220718/s2te/62d50ee0aeb26921af7ff824/-78Wx98H-441208610-olive-MODEL.jpg",
            "price": 2995,
            "was-price": 2995,
            "name": "Ribbed Pullover with Bow Accent",
            "url": "/duke-women-s-ribbed-pullover-with-bow-accent/p/441208610_olive",
            "offer-price": 2244.37,
            "rating-count": 0,
            "cat1": "Women",
            "cat2": "Western Wear",
            "cat3": "Sweaters & Cardigans",
            "brand": "duke-women-s"
        },
        {
            "product-id": "441315892",
            "avg-rating": "",
            "img-url": "https://assets.ajio.com/medias/sys_master/root/20220630/Pwfj/62bc9b2caeb26921af521026/-78Wx98H-441315892-olive-MODEL.jpg",
            "price": 350,
            "was-price": 699,
            "name": "Graphic Print Crew-Neck T-shirt",
            "url": "/altheory-graphic-print-crew-neck-t-shirt/p/441315892_olive",
            "offer-price": 261.62,
            "rating-count": 0,
            "cat1": "Men",
            "cat2": "Western Wear",
            "cat3": "Tshirts",
            "brand": "altheory"
        },
        {
            "product-id": "441257361",
            "avg-rating": "",
            "img-url": "https://assets.ajio.com/medias/sys_master/root/20220716/df8P/62d1b239aeb26921af7e1706/-78Wx98H-441257361-maroon-MODEL.jpg",
            "price": 1499,
            "was-price": 1499,
            "name": "Straight Kurta with Embroidery",
            "url": "/aurelia-straight-kurta-with-embroidery/p/441257361_maroon",
            "offer-price": 560.61,
            "rating-count": 0,
            "cat1": "Women",
            "cat2": "Ethnic Wear",
            "cat3": "Kurtas",
            "brand": "aurelia"
        },
        {
            "product-id": "441312562",
            "avg-rating": "",
            "img-url": "https://assets.ajio.com/medias/sys_master/root/20220706/Uuhj/62c5b89eaeb26921af66edce/-78Wx98H-441312562-maroon-MODEL.jpg",
            "price": 1799,
            "was-price": 1799,
            "name": "Checked Slim Fit Shirt with Patch Pocket",
            "url": "/altheory-checked-slim-fit-shirt-with-patch-pocket/p/441312562_maroon",
            "offer-price": 672.73,
            "rating-count": 0,
            "cat1": "Men",
            "cat2": "Western Wear",
            "cat3": "Shirts",
            "brand": "altheory"
        },
        {
            "product-id": "441166183",
            "avg-rating": "",
            "img-url": "https://assets.ajio.com/medias/sys_master/root/20220715/cYbF/62d19d1daeb26921af7dac18/-78Wx98H-441166183-black-MODEL.jpg",
            "price": 1149,
            "was-price": 1149,
            "name": "Slim Fit Ankle-Length Jeggings",
            "url": "/dj-c-slim-fit-ankle-length-jeggings/p/441166183_black",
            "offer-price": 344.57,
            "rating-count": 0,
            "cat1": "Women",
            "cat2": "Western Wear",
            "cat3": "Jeans & Jeggings",
            "brand": "dj-c"
        },
        {
            "product-id": "441142216",
            "avg-rating": "",
            "img-url": "https://assets.ajio.com/medias/sys_master/root/20220719/3Bz3/62d6d814f997dd03e2df83b6/-78Wx98H-441142216-offwhite-MODEL.jpg",
            "price": 1299,
            "was-price": 1299,
            "name": "Foil Print Fit & Flare Dress",
            "url": "/fusion-foil-print-fit-flare-dress/p/441142216_offwhite",
            "offer-price": 489.9,
            "rating-count": 0,
            "cat1": "Women",
            "cat2": "Fusion Wear",
            "cat3": "Dresses & Gowns",
            "brand": "fusion"
        },
        {
            "product-id": "441236199",
            "avg-rating": "",
            "img-url": "https://assets.ajio.com/medias/sys_master/root/20220703/cgu7/62c1aad0f997dd03e2b3ea53/-78Wx98H-441236199-mustard-MODEL.jpg",
            "price": 399,
            "was-price": 399,
            "name": "Heathered Crew-Neck T-shirt",
            "url": "/outryt-heathered-crew-neck-t-shirt/p/441236199_mustard",
            "offer-price": 298.24,
            "rating-count": 0,
            "cat1": "Women",
            "cat2": "Western Wear",
            "cat3": "Tshirts",
            "brand": "outryt"
        },
        {
            "product-id": "441296301",
            "avg-rating": "",
            "img-url": "https://assets.ajio.com/medias/sys_master/root/20220721/6knw/62d84b2ef997dd03e2e3e588/-78Wx98H-441296301-lilac-MODEL.jpg",
            "price": 450,
            "was-price": 1499,
            "name": "Checked Smocked Round-Neck Top",
            "url": "/lee-cooper-checked-smocked-round-neck-top/p/441296301_lilac",
            "offer-price": 449.44,
            "rating-count": 0,
            "cat1": "Girls",
            "cat2": "Western Wear",
            "cat3": "Tops & Tunics",
            "brand": "lee-cooper"
        },
        {
            "product-id": "441295122",
            "avg-rating": "",
            "img-url": "https://assets.ajio.com/medias/sys_master/root/20220713/rfTu/62cee66df997dd03e2d2bbb4/-78Wx98H-441295122-navy-MODEL.jpg",
            "price": 336,
            "was-price": 699,
            "name": "Embroidered Top with Bell Sleeves",
            "url": "/point-cove-embroidered-top-with-bell-sleeves/p/441295122_navy",
            "offer-price": 279.6,
            "rating-count": 0,
            "cat1": "Girls",
            "cat2": "Western Wear",
            "cat3": "Tops & Tunics",
            "brand": "point-cove"
        },
        {
            "product-id": "441236200",
            "avg-rating": "",
            "img-url": "https://assets.ajio.com/medias/sys_master/root/20220705/rDZQ/62c332aef997dd03e2b7bc04/-78Wx98H-441236200-black-MODEL.jpg",
            "price": 239,
            "was-price": 399,
            "name": "Heathered Crew-Neck T-shirt",
            "url": "/outryt-heathered-crew-neck-t-shirt/p/441236200_black",
            "offer-price": 178.65,
            "rating-count": 0,
            "cat1": "Women",
            "cat2": "Western Wear",
            "cat3": "Tshirts",
            "brand": "outryt"
        },
        {
            "product-id": "450151666",
            "avg-rating": "",
            "img-url": "https://assets.ajio.com/medias/sys_master/root/20220721/N2q0/62d85364f997dd03e2e409cb/-78Wx98H-450151666-blue-MODEL.jpg",
            "price": 1349,
            "was-price": 1799,
            "name": "Round-Toe Lace-Up Shoes",
            "url": "/pitter-patter-round-toe-lace-up-shoes/p/450151666_blue",
            "offer-price": 1010.06,
            "rating-count": 0,
            "cat1": "Girls",
            "cat2": "Footwear",
            "cat3": "Casual Shoes",
            "brand": "pitter-patter"
        },
        {
            "product-id": "441294388",
            "avg-rating": "",
            "img-url": "https://assets.ajio.com/medias/sys_master/root/20220713/vPlP/62cedadfaeb26921af7819b7/-78Wx98H-441294388-orange-MODEL.jpg",
            "price": 611,
            "was-price": 1299,
            "name": "Typographic Print Crew-Neck Sweatshirt",
            "url": "/altheory-typographic-print-crew-neck-sweatshirt/p/441294388_orange",
            "offer-price": 584.55,
            "rating-count": 0,
            "cat1": "Men",
            "cat2": "Western Wear",
            "cat3": "Sweatshirt & Hoodies",
            "brand": "altheory"
        },
        {
            "product-id": "441315895",
            "avg-rating": "",
            "img-url": "https://assets.ajio.com/medias/sys_master/root/20220713/Gabj/62cee235f997dd03e2d29d78/-78Wx98H-441315895-jetblack-MODEL.jpg",
            "price": 799,
            "was-price": 799,
            "name": "Printed Crew-Neck T-shirt",
            "url": "/altheory-printed-crew-neck-t-shirt/p/441315895_jetblack",
            "offer-price": 298.99,
            "rating-count": 0,
            "cat1": "Men",
            "cat2": "Western Wear",
            "cat3": "Tshirts",
            "brand": "altheory"
        },
        {
            "product-id": "441142096",
            "avg-rating": "",
            "img-url": "https://assets.ajio.com/medias/sys_master/root/20220719/3QFB/62d6e253aeb26921af854be6/-78Wx98H-441142096-maroon-MODEL.jpg",
            "price": 390,
            "was-price": 1299,
            "name": "Men Checked Slim Fit Shirt with Patch Pocket",
            "url": "/netplay-men-checked-slim-fit-shirt-with-patch-pocket/p/441142096_maroon",
            "offer-price": 389.51,
            "rating-count": 0,
            "cat1": "Men",
            "cat2": "Western Wear",
            "cat3": "Shirts",
            "brand": "netplay"
        },
        {
            "product-id": "441226414",
            "avg-rating": "",
            "img-url": "https://assets.ajio.com/medias/sys_master/root/20220530/WlSk/629490def997dd03e2444c52/-78Wx98H-441226414-white-MODEL.jpg",
            "price": 599,
            "was-price": 599,
            "name": "Printed Crew-Neck T-shirt",
            "url": "/outryt-printed-crew-neck-t-shirt/p/441226414_white",
            "offer-price": 447.74,
            "rating-count": 0,
            "cat1": "Women",
            "cat2": "Western Wear",
            "cat3": "Tshirts",
            "brand": "outryt"
        },
        {
            "product-id": "441142405",
            "avg-rating": "",
            "img-url": "https://assets.ajio.com/medias/sys_master/root/20220718/PjHU/62d50c85f997dd03e2da440d/-78Wx98H-441142405-ltblue-MODEL.jpg",
            "price": 315,
            "was-price": 1049,
            "name": "Denim Mid-Rise Culottes with Belt",
            "url": "/dnmx-denim-mid-rise-culottes-with-belt/p/441142405_ltblue",
            "offer-price": 314.61,
            "rating-count": 0,
            "cat1": "Women",
            "cat2": "Western Wear",
            "cat3": "Trousers & Pants",
            "brand": "dnmx"
        },
        {
            "product-id": "441315939",
            "avg-rating": "",
            "img-url": "https://assets.ajio.com/medias/sys_master/root/20220627/JeyJ/62b9c4a5f997dd03e29fec31/-78Wx98H-441315939-black-MODEL.jpg",
            "price": 300,
            "was-price": 599,
            "name": "Regular Fit Typographic Print Crew-Neck T-shirt",
            "url": "/altheory-regular-fit-typographic-print-crew-neck-t-shirt/p/441315939_black",
            "offer-price": 224.24,
            "rating-count": 0,
            "cat1": "Men",
            "cat2": "Western Wear",
            "cat3": "Tshirts",
            "brand": "altheory"
        },
        {
            "product-id": "441257356",
            "avg-rating": "",
            "img-url": "https://assets.ajio.com/medias/sys_master/root/20220716/b7Gl/62d1bd32f997dd03e2d88645/-78Wx98H-441257356-black-MODEL.jpg",
            "price": 911,
            "was-price": 1599,
            "name": "Straight Kurta with Embroidery",
            "url": "/aurelia-straight-kurta-with-embroidery/p/441257356_black",
            "offer-price": 680.95,
            "rating-count": 0,
            "cat1": "Women",
            "cat2": "Ethnic Wear",
            "cat3": "Kurtas",
            "brand": "aurelia"
        },
        {
            "product-id": "450146134",
            "avg-rating": "",
            "img-url": "https://assets.ajio.com/medias/sys_master/root/20230105/ZFr2/63b6e855aeb269659c290451/-78Wx98H-450146134-black-MODEL.jpg",
            "price": 2099,
            "was-price": 2799,
            "name": "Leather Derby Shoes",
            "url": "/lee-cooper-leather-derby-shoes/p/450146134_black",
            "offer-price": 1572.93,
            "rating-count": 0,
            "cat1": "Men",
            "cat2": "Footwear",
            "cat3": "Formal Shoes",
            "brand": "lee-cooper"
        },
        {
            "product-id": "441213547",
            "avg-rating": "",
            "img-url": "https://assets.ajio.com/medias/sys_master/root/20220531/KQ9k/629581f6f997dd03e24d862f/-78Wx98H-441213547-white-MODEL.jpg",
            "price": 282,
            "was-price": 599,
            "name": "Printed Crew-Neck T-shirt",
            "url": "/outryt-printed-crew-neck-t-shirt/p/441213547_white",
            "offer-price": 269.55,
            "rating-count": 0,
            "cat1": "Women",
            "cat2": "Western Wear",
            "cat3": "Tshirts",
            "brand": "outryt"
        },
        {
            "product-id": "441314825",
            "avg-rating": "",
            "img-url": "https://assets.ajio.com/medias/sys_master/root/20220719/JxQR/62d6c810aeb26921af84bbe1/-78Wx98H-441314825-khaki-MODEL.jpg",
            "price": 540,
            "was-price": 1799,
            "name": "Men Mid-Rise Slim Fit Jeans",
            "url": "/ecko-unltd-men-mid-rise-slim-fit-jeans/p/441314825_khaki",
            "offer-price": 539.32,
            "rating-count": 0,
            "cat1": "Men",
            "cat2": "Western Wear",
            "cat3": "Jeans",
            "brand": "ecko-unltd"
        },
        {
            "product-id": "441289538",
            "avg-rating": "",
            "img-url": "https://assets.ajio.com/medias/sys_master/root/20220706/HON9/62c4877daeb26921af653688/-78Wx98H-441289538-maroon-MODEL.jpg",
            "price": 1081,
            "was-price": 2299,
            "name": "Mid-Rise Slim Fit Jeans",
            "url": "/altheory-mid-rise-slim-fit-jeans/p/441289538_maroon",
            "offer-price": 1034.55,
            "rating-count": 0,
            "cat1": "Men",
            "cat2": "Western Wear",
            "cat3": "Jeans",
            "brand": "altheory"
        },
        {
            "product-id": "441314826",
            "avg-rating": "",
            "img-url": "https://assets.ajio.com/medias/sys_master/root/20220720/EF6r/62d6f9c0f997dd03e2e09575/-78Wx98H-441314826-black-MODEL.jpg",
            "price": 540,
            "was-price": 1799,
            "name": "Men Distressed Slim Fit Jeans",
            "url": "/ecko-unltd-men-distressed-slim-fit-jeans/p/441314826_black",
            "offer-price": 539.32,
            "rating-count": 0,
            "cat1": "Men",
            "cat2": "Western Wear",
            "cat3": "Jeans",
            "brand": "ecko-unltd"
        },
        {
            "product-id": "441213634",
            "avg-rating": "",
            "img-url": "https://assets.ajio.com/medias/sys_master/root/20220531/Wdl4/6295763caeb26921affa54c5/-78Wx98H-441213634-mint-MODEL.jpg",
            "price": 300,
            "was-price": 599,
            "name": "Printed Crew-Neck T-shirt",
            "url": "/outryt-printed-crew-neck-t-shirt/p/441213634_mint",
            "offer-price": 224.24,
            "rating-count": 0,
            "cat1": "Women",
            "cat2": "Western Wear",
            "cat3": "Tshirts",
            "brand": "outryt"
        },
        {
            "product-id": "441236198",
            "avg-rating": "",
            "img-url": "https://assets.ajio.com/medias/sys_master/root/20220520/WLQK/6286fdb4f997dd03e2f88ddd/-78Wx98H-441236198-ltgreen-MODEL.jpg",
            "price": 376,
            "was-price": 799,
            "name": "Printed Crew-Neck T-shirt",
            "url": "/outryt-printed-crew-neck-t-shirt/p/441236198_ltgreen",
            "offer-price": 359.55,
            "rating-count": 0,
            "cat1": "Women",
            "cat2": "Western Wear",
            "cat3": "Tshirts",
            "brand": "outryt"
        },
        {
            "product-id": "441315888",
            "avg-rating": "",
            "img-url": "https://assets.ajio.com/medias/sys_master/root/20220620/ksfT/62b090a9f997dd03e290bbd0/-78Wx98H-441315888-navy-MODEL.jpg",
            "price": 611,
            "was-price": 1299,
            "name": "Micro Print Shirt with Button-Down Collar",
            "url": "/altheory-micro-print-shirt-with-button-down-collar/p/441315888_navy",
            "offer-price": 584.55,
            "rating-count": 0,
            "cat1": "Men",
            "cat2": "Western Wear",
            "cat3": "Shirts",
            "brand": "altheory"
        },
        {
            "product-id": "441165288",
            "avg-rating": "",
            "img-url": "https://assets.ajio.com/medias/sys_master/root/20220715/d67b/62d199cbf997dd03e2d7c508/-78Wx98H-441165288-black-MODEL.jpg",
            "price": 1599,
            "was-price": 1599,
            "name": "Straight Kurta with Band Collar",
            "url": "/biba-straight-kurta-with-band-collar/p/441165288_black",
            "offer-price": 777.94,
            "rating-count": 0,
            "cat1": "Women",
            "cat2": "Fusion Wear",
            "cat3": "Kurtas & Kurtis",
            "brand": "biba"
        },
        {
            "product-id": "441315888",
            "avg-rating": "",
            "img-url": "https://assets.ajio.com/medias/sys_master/root/20220620/C8oB/62b0937baeb26921af3a2b06/-78Wx98H-441315888-offwhite-MODEL.jpg",
            "price": 650,
            "was-price": 1299,
            "name": "Micro Print Shirt with Button-Down Collar",
            "url": "/altheory-micro-print-shirt-with-button-down-collar/p/441315888_offwhite",
            "offer-price": 485.86,
            "rating-count": 0,
            "cat1": "Men",
            "cat2": "Western Wear",
            "cat3": "Shirts",
            "brand": "altheory"
        },
        {
            "product-id": "441294386",
            "avg-rating": "",
            "img-url": "https://assets.ajio.com/medias/sys_master/root/20220713/MBaw/62ced9eff997dd03e2d1beb2/-78Wx98H-441294386-mustard-MODEL.jpg",
            "price": 650,
            "was-price": 1299,
            "name": "Typographic Print Crew-Neck Sweatshirt",
            "url": "/altheory-typographic-print-crew-neck-sweatshirt/p/441294386_mustard",
            "offer-price": 485.86,
            "rating-count": 0,
            "cat1": "Men",
            "cat2": "Western Wear",
            "cat3": "Sweatshirt & Hoodies",
            "brand": "altheory"
        },
        {
            "product-id": "441142844",
            "avg-rating": "",
            "img-url": "https://assets.ajio.com/medias/sys_master/root/20220718/AFoY/62d548fcaeb26921af8015fe/-78Wx98H-441142844-grey-MODEL.jpg",
            "price": 1999,
            "was-price": 1999,
            "name": "Men Slim Fit Track Pants with Insert Pockets",
            "url": "/john-players-jeans-men-slim-fit-track-pants-with-insert-pockets/p/441142844_grey",
            "offer-price": 753.7,
            "rating-count": 0,
            "cat1": "Men",
            "cat2": "Western Wear",
            "cat3": "Track Pants",
            "brand": "john-players-jeans"
        },
        {
            "product-id": "441315942",
            "avg-rating": "",
            "img-url": "https://assets.ajio.com/medias/sys_master/root/20220630/DpVs/62bcab9eaeb26921af525236/-78Wx98H-441315942-brown-MODEL.jpg",
            "price": 350,
            "was-price": 699,
            "name": "Regular Fit Graphic Print Crew-Neck T-shirt",
            "url": "/altheory-regular-fit-graphic-print-crew-neck-t-shirt/p/441315942_brown",
            "offer-price": 261.62,
            "rating-count": 0,
            "cat1": "Men",
            "cat2": "Western Wear",
            "cat3": "Tshirts",
            "brand": "altheory"
        },
        {
            "product-id": "450145811",
            "avg-rating": "",
            "img-url": "https://assets.ajio.com/medias/sys_master/root/20220720/sdUe/62d81d2cf997dd03e2e3c7c0/-78Wx98H-450145811-black-MODEL.jpg",
            "price": 400,
            "was-price": 999,
            "name": "Perforated Slip-On Loafers",
            "url": "/schumann-perforated-slip-on-loafers/p/450145811_black",
            "offer-price": 399.2,
            "rating-count": 0,
            "cat1": "Men",
            "cat2": "Footwear",
            "cat3": "Formal Shoes",
            "brand": "schumann"
        },
        {
            "product-id": "441309104",
            "avg-rating": "",
            "img-url": "https://assets.ajio.com/medias/sys_master/root/20230622/u5rR/6494412bd55b7d0c63a09899/-78Wx98H-441309104-blue-MODEL.jpg",
            "price": 455,
            "was-price": 1299,
            "name": "Floral Print Halter-Neck Top",
            "url": "/jdy-by-only-floral-print-halter-neck-top/p/441309104_blue",
            "offer-price": 340.1,
            "rating-count": 0,
            "cat1": "Women",
            "cat2": "Western Wear",
            "cat3": "Tops",
            "brand": "jdy-by-only"
        },
        {
            "product-id": "441213558",
            "avg-rating": "",
            "img-url": "https://assets.ajio.com/medias/sys_master/root/20220518/Djtd/628529e0aeb26921afa0b661/-78Wx98H-441213558-navy-MODEL.jpg",
            "price": 300,
            "was-price": 599,
            "name": "Printed Crew-Neck T-shirt",
            "url": "/outryt-printed-crew-neck-t-shirt/p/441213558_navy",
            "offer-price": 224.24,
            "rating-count": 0,
            "cat1": "Women",
            "cat2": "Western Wear",
            "cat3": "Tshirts",
            "brand": "outryt"
        },
        {
            "product-id": "441212715",
            "avg-rating": "",
            "img-url": "https://assets.ajio.com/medias/sys_master/root/20220530/kvfn/6294aa4eaeb26921aff325f5/-78Wx98H-441212715-white-MODEL.jpg",
            "price": 799,
            "was-price": 799,
            "name": "Women Striped Crew-Neck T-shirt",
            "url": "/outryt-women-striped-crew-neck-t-shirt/p/441212715_white",
            "offer-price": 298.99,
            "rating-count": 0,
            "cat1": "Women",
            "cat2": "Western Wear",
            "cat3": "Tshirts",
            "brand": "outryt"
        },
        {
            "product-id": "441213655",
            "avg-rating": "",
            "img-url": "https://assets.ajio.com/medias/sys_master/root/20220531/sglG/62958c40aeb26921affac920/-78Wx98H-441213655-black-MODEL.jpg",
            "price": 300,
            "was-price": 599,
            "name": "Printed Crew-Neck T-shirt",
            "url": "/outryt-printed-crew-neck-t-shirt/p/441213655_black",
            "offer-price": 224.24,
            "rating-count": 0,
            "cat1": "Women",
            "cat2": "Western Wear",
            "cat3": "Tshirts",
            "brand": "outryt"
        },
        {
            "product-id": "441226405",
            "avg-rating": "",
            "img-url": "https://assets.ajio.com/medias/sys_master/root/20220530/YDdZ/6294ca32f997dd03e2468cce/-78Wx98H-441226405-white-MODEL.jpg",
            "price": 599,
            "was-price": 599,
            "name": "Printed Crew-Neck T-shirt",
            "url": "/outryt-printed-crew-neck-t-shirt/p/441226405_white",
            "offer-price": 224.24,
            "rating-count": 0,
            "cat1": "Women",
            "cat2": "Western Wear",
            "cat3": "Tshirts",
            "brand": "outryt"
        },
        {
            "product-id": "441213585",
            "avg-rating": "",
            "img-url": "https://assets.ajio.com/medias/sys_master/root/20220703/0aot/62c1a9dfaeb26921af5b696f/-78Wx98H-441213585-white-MODEL.jpg",
            "price": 599,
            "was-price": 599,
            "name": "Printed Crew-Neck T-shirt",
            "url": "/outryt-printed-crew-neck-t-shirt/p/441213585_white",
            "offer-price": 224.24,
            "rating-count": 0,
            "cat1": "Women",
            "cat2": "Western Wear",
            "cat3": "Tshirts",
            "brand": "outryt"
        },
        {
            "product-id": "441212874",
            "avg-rating": "",
            "img-url": "https://assets.ajio.com/medias/sys_master/root/20220530/6Frj/6294b1c4aeb26921aff36a58/-78Wx98H-441212874-peach-MODEL.jpg",
            "price": 359,
            "was-price": 599,
            "name": "Women V-neck T-shirt",
            "url": "/outryt-women-v-neck-t-shirt/p/441212874_peach",
            "offer-price": 268.34,
            "rating-count": 0,
            "cat1": "Women",
            "cat2": "Western Wear",
            "cat3": "Tshirts",
            "brand": "outryt"
        },
        {
            "product-id": "441226413",
            "avg-rating": "",
            "img-url": "https://assets.ajio.com/medias/sys_master/root/20220531/1h8h/62951b55aeb26921aff78497/-78Wx98H-441226413-grey-MODEL.jpg",
            "price": 400,
            "was-price": 799,
            "name": "Printed Crew-Neck T-shirt",
            "url": "/outryt-printed-crew-neck-t-shirt/p/441226413_grey",
            "offer-price": 298.99,
            "rating-count": 0,
            "cat1": "Women",
            "cat2": "Western Wear",
            "cat3": "Tshirts",
            "brand": "outryt"
        },
        {
            "product-id": "450151638",
            "avg-rating": "",
            "img-url": "https://assets.ajio.com/medias/sys_master/root/20220721/mS0Y/62d84f1cf997dd03e2e3f769/-78Wx98H-450151638-blue-MODEL.jpg",
            "price": 299,
            "was-price": 399,
            "name": "Disney Print Thong-Strap Flip-Flops",
            "url": "/disney-disney-print-thong-strap-flip-flops/p/450151638_blue",
            "offer-price": 223.49,
            "rating-count": 0,
            "cat1": "Girls",
            "cat2": "Footwear",
            "cat3": "Flip Flops & Slipper",
            "brand": "disney"
        },
        {
            "product-id": "441166211",
            "avg-rating": "",
            "img-url": "https://assets.ajio.com/medias/sys_master/root/20220715/rQ9s/62d18bbcaeb26921af7d51ff/-78Wx98H-441166211-black-MODEL.jpg",
            "price": 999,
            "was-price": 999,
            "name": "Flat-Front Skinny Fit Jeans",
            "url": "/dj-c-flat-front-skinny-fit-jeans/p/441166211_black",
            "offer-price": 747.99,
            "rating-count": 0,
            "cat1": "Women",
            "cat2": "Western Wear",
            "cat3": "Jeans & Jeggings",
            "brand": "dj-c"
        },
        {
            "product-id": "450151644",
            "avg-rating": "",
            "img-url": "https://assets.ajio.com/medias/sys_master/root/20220721/l5XZ/62d85156aeb26921af896983/-78Wx98H-450151644-pink-MODEL.jpg",
            "price": 299,
            "was-price": 399,
            "name": "Disney Print Thong-Strap Flip-Flops",
            "url": "/disney-disney-print-thong-strap-flip-flops/p/450151644_pink",
            "offer-price": 223.49,
            "rating-count": 0,
            "cat1": "Girls",
            "cat2": "Footwear",
            "cat3": "Flip Flops & Slipper",
            "brand": "disney"
        },
        {
            "product-id": "441213632",
            "avg-rating": "",
            "img-url": "https://assets.ajio.com/medias/sys_master/root/20220531/zqSs/6295ac20aeb26921affb7c29/-78Wx98H-441213632-pink-MODEL.jpg",
            "price": 599,
            "was-price": 599,
            "name": "Printed Crew-Neck T-shirt",
            "url": "/outryt-printed-crew-neck-t-shirt/p/441213632_pink",
            "offer-price": 269.55,
            "rating-count": 0,
            "cat1": "Women",
            "cat2": "Western Wear",
            "cat3": "Tshirts",
            "brand": "outryt"
        },
        {
            "product-id": "441294388",
            "avg-rating": "",
            "img-url": "https://assets.ajio.com/medias/sys_master/root/20220713/E3nF/62ced906f997dd03e2d19dde/-78Wx98H-441294388-ltolive-MODEL.jpg",
            "price": 611,
            "was-price": 1299,
            "name": "Typographic Print Crew-Neck Sweatshirt",
            "url": "/altheory-typographic-print-crew-neck-sweatshirt/p/441294388_ltolive",
            "offer-price": 584.55,
            "rating-count": 0,
            "cat1": "Men",
            "cat2": "Western Wear",
            "cat3": "Sweatshirt & Hoodies",
            "brand": "altheory"
        },
        {
            "product-id": "441309191",
            "avg-rating": "",
            "img-url": "https://assets.ajio.com/medias/sys_master/root/20220304/a50x/62211af9aeb26921afc729cf/-78Wx98H-441309191-darkblue-MODEL.jpg",
            "price": 525,
            "was-price": 1499,
            "name": "Striped Cold-Shoulder Top",
            "url": "/jdy-by-only-striped-cold-shoulder-top/p/441309191_darkblue",
            "offer-price": 392.42,
            "rating-count": 0,
            "cat1": "Women",
            "cat2": "Western Wear",
            "cat3": "Tops",
            "brand": "jdy-by-only"
        },
        {
            "product-id": "450151654",
            "avg-rating": "",
            "img-url": "https://assets.ajio.com/medias/sys_master/root/20220721/3Axp/62d85289aeb26921af896cc6/-78Wx98H-450151654-purple-MODEL.jpg",
            "price": 600,
            "was-price": 1499,
            "name": "Round-Toe Shoes with Velcro Closure",
            "url": "/fiery-feet-round-toe-shoes-with-velcro-closure/p/450151654_purple",
            "offer-price": 599,
            "rating-count": 0,
            "cat1": "Girls",
            "cat2": "Footwear",
            "cat3": "Casual Shoes",
            "brand": "fiery-feet"
        },
        {
            "product-id": "450152443",
            "avg-rating": "",
            "img-url": "https://assets.ajio.com/medias/sys_master/root/20220808/pRCe/62f0ff88aeb26921afcec4e9/-78Wx98H-450152443-offwht-MODEL.jpg",
            "price": 999,
            "was-price": 999,
            "name": "Embroidered Shoulder Bag with Adjustable Strap",
            "url": "/avaasa-embroidered-shoulder-bag-with-adjustable-strap/p/450152443_offwht",
            "offer-price": 747.99,
            "rating-count": 0,
            "cat1": "Women",
            "cat2": "Bags, Belts & Wallets",
            "cat3": "Handbags",
            "brand": "avaasa"
        },
        {
            "product-id": "441143704",
            "avg-rating": "",
            "img-url": "https://assets.ajio.com/medias/sys_master/root/20220721/bHyq/62d96dbeaeb26921af8c9680/-78Wx98H-441143704-grey-MODEL.jpg",
            "price": 999,
            "was-price": 999,
            "name": "Regular Fit Cotton Hooded T-Shirt",
            "url": "/dnmx-regular-fit-cotton-hooded-t-shirt/p/441143704_grey",
            "offer-price": 299.62,
            "rating-count": 0,
            "cat1": "Men",
            "cat2": "Western Wear",
            "cat3": "Tshirts",
            "brand": "dnmx"
        },
        {
            "product-id": "441141484",
            "avg-rating": "",
            "img-url": "https://assets.ajio.com/medias/sys_master/root/20220718/YAVq/62d57b20f997dd03e2dbe1ef/-78Wx98H-441141484-pink-MODEL.jpg",
            "price": 399,
            "was-price": 399,
            "name": "Shorts with Embroidered Applique",
            "url": "/inf-frendz-shorts-with-embroidered-applique/p/441141484_pink",
            "offer-price": 159.6,
            "rating-count": 0,
            "cat1": "Infants",
            "cat2": "Western Wear",
            "cat3": "Shorts",
            "brand": "inf-frendz"
        },
        {
            "product-id": "441289535",
            "avg-rating": "",
            "img-url": "https://assets.ajio.com/medias/sys_master/root/20220708/PLXV/62c866e9f997dd03e2c617b6/-78Wx98H-441289535-mediumblue-MODEL.jpg",
            "price": 1150,
            "was-price": 2299,
            "name": "Mid-Wash Distressed Slim Fit Jeans",
            "url": "/altheory-mid-wash-distressed-slim-fit-jeans/p/441289535_mediumblue",
            "offer-price": 861.06,
            "rating-count": 0,
            "cat1": "Men",
            "cat2": "Western Wear",
            "cat3": "Jeans",
            "brand": "altheory"
        },
        {
            "product-id": "441289547",
            "avg-rating": "",
            "img-url": "https://assets.ajio.com/medias/sys_master/root/20220706/CK7Q/62c5b7b4aeb26921af66e8c6/-78Wx98H-441289547-medgrey-MODEL.jpg",
            "price": 1000,
            "was-price": 1999,
            "name": "Mid-Wash Skinny Jeans",
            "url": "/altheory-mid-wash-skinny-jeans/p/441289547_medgrey",
            "offer-price": 748.74,
            "rating-count": 0,
            "cat1": "Men",
            "cat2": "Western Wear",
            "cat3": "Jeans",
            "brand": "altheory"
        },
        {
            "product-id": "441312568",
            "avg-rating": "",
            "img-url": "https://assets.ajio.com/medias/sys_master/root/20220630/XU1B/62bdb82baeb26921af541a34/-78Wx98H-441312568-navy-MODEL.jpg",
            "price": 900,
            "was-price": 1699,
            "name": "Checked Slim Fit Shirt with Button-Down Collar",
            "url": "/altheory-checked-slim-fit-shirt-with-button-down-collar/p/441312568_navy",
            "offer-price": 672.73,
            "rating-count": 0,
            "cat1": "Men",
            "cat2": "Western Wear",
            "cat3": "Shirts",
            "brand": "altheory"
        },
        {
            "product-id": "441229169",
            "avg-rating": "",
            "img-url": "https://assets.ajio.com/medias/sys_master/root/20221201/v9kW/6388be2bf997ddfdbdafe134/-78Wx98H-441229169-peach-MODEL.jpg",
            "price": 699,
            "was-price": 699,
            "name": "V-Neck T-shirt with Drop-Shoulder Sleeves",
            "url": "/outryt-v-neck-t-shirt-with-drop-shoulder-sleeves/p/441229169_peach",
            "offer-price": 261.62,
            "rating-count": 0,
            "cat1": "Women",
            "cat2": "Western Wear",
            "cat3": "Tshirts",
            "brand": "outryt"
        },
        {
            "product-id": "441139371",
            "avg-rating": "",
            "img-url": "https://assets.ajio.com/medias/sys_master/root/20220718/PliN/62d549dbaeb26921af8018c1/-78Wx98H-441139371-olive-MODEL.jpg",
            "price": 399,
            "was-price": 399,
            "name": "Typographic Print Crew-Neck T-shirt",
            "url": "/performax-typographic-print-crew-neck-t-shirt/p/441139371_olive",
            "offer-price": 159.6,
            "rating-count": 0,
            "cat1": "Men",
            "cat2": "Western Wear",
            "cat3": "Tshirts",
            "brand": "performax"
        },
        {
            "product-id": "441339200",
            "avg-rating": "",
            "img-url": "https://assets.ajio.com/medias/sys_master/root/20220721/BGqx/62d98b4aaeb26921af8d31c8/-78Wx98H-441339200-white-MODEL.jpg",
            "price": 450,
            "was-price": 1499,
            "name": "Regular Fit Colorblock Polo T-Shirt",
            "url": "/lee-cooper-regular-fit-colorblock-polo-t-shirt/p/441339200_white",
            "offer-price": 449.44,
            "rating-count": 0,
            "cat1": "Men",
            "cat2": "Western Wear",
            "cat3": "Tshirts",
            "brand": "lee-cooper"
        },
        {
            "product-id": "441141050",
            "avg-rating": "",
            "img-url": "https://assets.ajio.com/medias/sys_master/root/20220715/pBe7/62d184bbf997dd03e2d74b51/-78Wx98H-441141050-ltgrey-MODEL.jpg",
            "price": 315,
            "was-price": 1049,
            "name": "Cartoon Print Round-Neck T-shirt with Pyjamas",
            "url": "/fig-cartoon-print-round-neck-t-shirt-with-pyjamas/p/441141050_ltgrey",
            "offer-price": 314.61,
            "rating-count": 0,
            "cat1": "Women",
            "cat2": "Night & Lounge Wear",
            "cat3": "Night&LoungeWearSets",
            "brand": "fig"
        },
        {
            "product-id": "450149669",
            "avg-rating": "",
            "img-url": "https://assets.ajio.com/medias/sys_master/root/20220720/SFsu/62d8153ff997dd03e2e39a40/-78Wx98H-450149669-black-MODEL.jpg",
            "price": 599,
            "was-price": 599,
            "name": "Thong-Strap Sandals",
            "url": "/schumann-thong-strap-sandals/p/450149669_black",
            "offer-price": 239.52,
            "rating-count": 0,
            "cat1": "Men",
            "cat2": "Footwear",
            "cat3": "Sandals",
            "brand": "schumann"
        },
        {
            "product-id": "441226428",
            "avg-rating": "",
            "img-url": "https://assets.ajio.com/medias/sys_master/root/20220705/RTfY/62c34177f997dd03e2b7fc61/-78Wx98H-441226428-yellow-MODEL.jpg",
            "price": 264,
            "was-price": 499,
            "name": "Crew-Neck T-shirt with Front Knot",
            "url": "/outryt-crew-neck-t-shirt-with-front-knot/p/441226428_yellow",
            "offer-price": 197.33,
            "rating-count": 0,
            "cat1": "Women",
            "cat2": "Western Wear",
            "cat3": "Tshirts",
            "brand": "outryt"
        },
        {
            "product-id": "441294386",
            "avg-rating": "",
            "img-url": "https://assets.ajio.com/medias/sys_master/root/20220713/XX4l/62cedcd9f997dd03e2d22114/-78Wx98H-441294386-red-MODEL.jpg",
            "price": 611,
            "was-price": 1299,
            "name": "Typographic Print Crew-Neck Sweatshirt",
            "url": "/altheory-typographic-print-crew-neck-sweatshirt/p/441294386_red",
            "offer-price": 584.55,
            "rating-count": 0,
            "cat1": "Men",
            "cat2": "Western Wear",
            "cat3": "Sweatshirt & Hoodies",
            "brand": "altheory"
        },
        {
            "product-id": "441165316",
            "avg-rating": "",
            "img-url": "https://assets.ajio.com/medias/sys_master/root/20220720/oM03/62d81883f997dd03e2e3acf6/-78Wx98H-441165316-mustard-MODEL.jpg",
            "price": 1599,
            "was-price": 1599,
            "name": "Printed Straight Kurta with Mask",
            "url": "/biba-printed-straight-kurta-with-mask/p/441165316_mustard",
            "offer-price": 207.87,
            "rating-count": 0,
            "cat1": "Women",
            "cat2": "Fusion Wear",
            "cat3": "Kurtas & Kurtis",
            "brand": "biba"
        },
        {
            "product-id": "441208602",
            "avg-rating": "",
            "img-url": "https://assets.ajio.com/medias/sys_master/root/20220718/up9L/62d50de9f997dd03e2da4b57/-78Wx98H-441208602-peach-MODEL.jpg",
            "price": 2245,
            "was-price": 2245,
            "name": "Knitted Button-Down Cardigan",
            "url": "/duke-women-s-knitted-button-down-cardigan/p/441208602_peach",
            "offer-price": 1682.34,
            "rating-count": 0,
            "cat1": "Women",
            "cat2": "Western Wear",
            "cat3": "Sweaters & Cardigans",
            "brand": "duke-women-s"
        },
        {
            "product-id": "441208588",
            "avg-rating": "",
            "img-url": "https://assets.ajio.com/medias/sys_master/root/20220718/saXj/62d50ddcf997dd03e2da494a/-78Wx98H-441208588-black-MODEL.jpg",
            "price": 1595,
            "was-price": 1595,
            "name": "Knitted Round-Neck Pullover",
            "url": "/duke-women-s-knitted-round-neck-pullover/p/441208588_black",
            "offer-price": 596.48,
            "rating-count": 0,
            "cat1": "Women",
            "cat2": "Western Wear",
            "cat3": "Sweaters & Cardigans",
            "brand": "duke-women-s"
        },
        {
            "product-id": "441142193",
            "avg-rating": "",
            "img-url": "https://assets.ajio.com/medias/sys_master/root/20220718/vNie/62d548f0f997dd03e2da7212/-78Wx98H-441142193-red-MODEL.jpg",
            "price": 300,
            "was-price": 999,
            "name": "Slim Fit Printed Straight Kurta",
            "url": "/samav-slim-fit-printed-straight-kurta/p/441142193_red",
            "offer-price": 299.62,
            "rating-count": 0,
            "cat1": "Men",
            "cat2": "Ethnic Wear",
            "cat3": "Kurtas",
            "brand": "samav"
        },
        {
            "product-id": "441315901",
            "avg-rating": "",
            "img-url": "https://assets.ajio.com/medias/sys_master/root/20220706/y8zX/62c49c7ff997dd03e2be8c20/-78Wx98H-441315901-black-MODEL.jpg",
            "price": 750,
            "was-price": 1499,
            "name": "Regular Fit Knitted Polo T-shirt",
            "url": "/altheory-regular-fit-knitted-polo-t-shirt/p/441315901_black",
            "offer-price": 560.61,
            "rating-count": 0,
            "cat1": "Men",
            "cat2": "Western Wear",
            "cat3": "Tshirts",
            "brand": "altheory"
        },
        {
            "product-id": "441165288",
            "avg-rating": "",
            "img-url": "https://assets.ajio.com/medias/sys_master/root/20220718/fgsP/62d50de3f997dd03e2da4a76/-78Wx98H-441165288-navy-MODEL.jpg",
            "price": 1599,
            "was-price": 1599,
            "name": "Straight Kurta with Band Collar",
            "url": "/biba-straight-kurta-with-band-collar/p/441165288_navy",
            "offer-price": 1197.24,
            "rating-count": 0,
            "cat1": "Women",
            "cat2": "Fusion Wear",
            "cat3": "Kurtas & Kurtis",
            "brand": "biba"
        },
        {
            "product-id": "450151656",
            "avg-rating": "",
            "img-url": "https://assets.ajio.com/medias/sys_master/root/20220721/tL8p/62d8516ef997dd03e2e40239/-78Wx98H-450151656-pink-MODEL.jpg",
            "price": 160,
            "was-price": 399,
            "name": "Unicorn Print Thong-Strap Flip-Flops",
            "url": "/frisbee-unicorn-print-thong-strap-flip-flops/p/450151656_pink",
            "offer-price": 159.68,
            "rating-count": 0,
            "cat1": "Girls",
            "cat2": "Footwear",
            "cat3": "Flip Flops & Slipper",
            "brand": "frisbee"
        },
        {
            "product-id": "441145089",
            "avg-rating": "",
            "img-url": "https://assets.ajio.com/medias/sys_master/root/20220721/plpN/62d972eff997dd03e2e774b3/-78Wx98H-441145089-maroon-MODEL.jpg",
            "price": 624,
            "was-price": 1299,
            "name": "Slim Fit Crew-Neck T-shirt",
            "url": "/john-players-jeans-slim-fit-crew-neck-t-shirt/p/441145089_maroon",
            "offer-price": 489.9,
            "rating-count": 0,
            "cat1": "Men",
            "cat2": "Western Wear",
            "cat3": "Tshirts",
            "brand": "john-players-jeans"
        },
        {
            "product-id": "441145089",
            "avg-rating": "",
            "img-url": "https://assets.ajio.com/medias/sys_master/root/20220721/BsWe/62d97c3caeb26921af8ce242/-78Wx98H-441145089-olive-MODEL.jpg",
            "price": 624,
            "was-price": 1299,
            "name": "Slim Fit Crew-Neck T-shirt",
            "url": "/john-players-jeans-slim-fit-crew-neck-t-shirt/p/441145089_olive",
            "offer-price": 489.9,
            "rating-count": 0,
            "cat1": "Men",
            "cat2": "Western Wear",
            "cat3": "Tshirts",
            "brand": "john-players-jeans"
        },
        {
            "product-id": "441311642",
            "avg-rating": "",
            "img-url": "https://assets.ajio.com/medias/sys_master/root/20220404/OF0L/624b07ffaeb26921af0a12fb/-78Wx98H-441311642-red-MODEL.jpg",
            "price": 535,
            "was-price": 535,
            "name": "Tropical Print Round-Neck T-shirt",
            "url": "/tiny-girl-tropical-print-round-neck-t-shirt/p/441311642_red",
            "offer-price": 239.94,
            "rating-count": 0,
            "cat1": "Girls",
            "cat2": "Night & Loungewear",
            "cat3": "Tops & Tshirts",
            "brand": "tiny-girl"
        },
        {
            "product-id": "441270969",
            "avg-rating": "",
            "img-url": "https://assets.ajio.com/medias/sys_master/root/20220404/5au5/624b0bbcaeb26921af0a32e7/-78Wx98H-441270969-blue-MODEL.jpg",
            "price": 939,
            "was-price": 1565,
            "name": "Textured Round-Neck Top with Embroidery",
            "url": "/tiny-girl-textured-round-neck-top-with-embroidery/p/441270969_blue",
            "offer-price": 701.88,
            "rating-count": 0,
            "cat1": "Girls",
            "cat2": "Western Wear",
            "cat3": "Tops & Tunics",
            "brand": "tiny-girl"
        },
        {
            "product-id": "441270969",
            "avg-rating": "",
            "img-url": "https://assets.ajio.com/medias/sys_master/root/20220404/5E1x/624b106bf997dd03e246ae76/-78Wx98H-441270969-pink-MODEL.jpg",
            "price": 1565,
            "was-price": 1565,
            "name": "Textured Round-Neck Top with Embroidery",
            "url": "/tiny-girl-textured-round-neck-top-with-embroidery/p/441270969_pink",
            "offer-price": 701.88,
            "rating-count": 0,
            "cat1": "Girls",
            "cat2": "Western Wear",
            "cat3": "Tops & Tunics",
            "brand": "tiny-girl"
        },
        {
            "product-id": "441311639",
            "avg-rating": "",
            "img-url": "https://assets.ajio.com/medias/sys_master/root/20220404/oxSq/624b0bcaf997dd03e2469006/-78Wx98H-441311639-red-MODEL.jpg",
            "price": 535,
            "was-price": 535,
            "name": "Graphic Print Round-Neck T-shirt",
            "url": "/tiny-girl-graphic-print-round-neck-t-shirt/p/441311639_red",
            "offer-price": 239.94,
            "rating-count": 0,
            "cat1": "Girls",
            "cat2": "Night & Loungewear",
            "cat3": "Tops & Tshirts",
            "brand": "tiny-girl"
        },
        {
            "product-id": "450146617",
            "avg-rating": "",
            "img-url": "https://assets.ajio.com/medias/sys_master/root/20220927/T1aL/6332e09bf997dd1f8d1fd1aa/-78Wx98H-450146617-white-MODEL.jpg",
            "price": 1049,
            "was-price": 1499,
            "name": "Lace-Up Running Shoes",
            "url": "/performax-lace-up-running-shoes/p/450146617_white",
            "offer-price": 785.43,
            "rating-count": 0,
            "cat1": "Men",
            "cat2": "Footwear",
            "cat3": "Sports Shoes",
            "brand": "performax"
        },
        {
            "product-id": "450148020",
            "avg-rating": "",
            "img-url": "https://assets.ajio.com/medias/sys_master/root/20220412/Fjnb/625480a3f997dd03e2568773/-78Wx98H-450148020-blue-MODEL.jpg",
            "price": 120,
            "was-price": 299,
            "name": "Graphic Print Thong-Strap Flip-Flops",
            "url": "/frisbee-graphic-print-thong-strap-flip-flops/p/450148020_blue",
            "offer-price": 119.76,
            "rating-count": 0,
            "cat1": "Women",
            "cat2": "Footwear",
            "cat3": "Flip Flop & Slippers",
            "brand": "frisbee"
        },
        {
            "product-id": "441311632",
            "avg-rating": "",
            "img-url": "https://assets.ajio.com/medias/sys_master/root/20220411/Klac/6253dea8f997dd03e253dc5e/-78Wx98H-441311632-ltpeach-MODEL.jpg",
            "price": 1045,
            "was-price": 1045,
            "name": "Round-Neck Top with Embellished Flower",
            "url": "/tiny-girl-round-neck-top-with-embellished-flower/p/441311632_ltpeach",
            "offer-price": 468.67,
            "rating-count": 0,
            "cat1": "Girls",
            "cat2": "Night & Loungewear",
            "cat3": "Tops & Tshirts",
            "brand": "tiny-girl"
        },
        {
            "product-id": "450147672",
            "avg-rating": "",
            "img-url": "https://assets.ajio.com/medias/sys_master/root/20220412/EKnE/62547795aeb26921af197836/-78Wx98H-450147672-grey-MODEL.jpg",
            "price": 200,
            "was-price": 499,
            "name": "Knit Round-Toe Slip-On Shoes",
            "url": "/hi-attitude-knit-round-toe-slip-on-shoes/p/450147672_grey",
            "offer-price": 199.6,
            "rating-count": 0,
            "cat1": "Women",
            "cat2": "Footwear",
            "cat3": "Casual Shoes",
            "brand": "hi-attitude"
        },
        {
            "product-id": "441310857",
            "avg-rating": "",
            "img-url": "https://assets.ajio.com/medias/sys_master/root/20220413/iPL9/6255e73aaeb26921af1d4645/-78Wx98H-441310857-black-MODEL.jpg",
            "price": 805,
            "was-price": 2299,
            "name": "Lightly Washed Slim Fit Jeans with Knee Slits",
            "url": "/produkt-by-jack-jones-lightly-washed-slim-fit-jeans-with-knee-slits/p/441310857_black",
            "offer-price": 601.72,
            "rating-count": 0,
            "cat1": "Men",
            "cat2": "Western Wear",
            "cat3": "Jeans",
            "brand": "produkt-by-jack-jones"
        },
        {
            "product-id": "441311632",
            "avg-rating": "",
            "img-url": "https://assets.ajio.com/medias/sys_master/root/20220411/rvxt/6253ddbdaeb26921af16f956/-78Wx98H-441311632-pink-MODEL.jpg",
            "price": 1045,
            "was-price": 1045,
            "name": "Round-Neck Top with Embellished Flower",
            "url": "/tiny-girl-round-neck-top-with-embellished-flower/p/441311632_pink",
            "offer-price": 468.67,
            "rating-count": 0,
            "cat1": "Girls",
            "cat2": "Night & Loungewear",
            "cat3": "Tops & Tshirts",
            "brand": "tiny-girl"
        },
        {
            "product-id": "441200258",
            "avg-rating": "",
            "img-url": "https://assets.ajio.com/medias/sys_master/root/20220412/7rT5/62548f6af997dd03e256d01f/-78Wx98H-441200258-pink-MODEL.jpg",
            "price": 8999,
            "was-price": 8999,
            "name": "Printed A-line Kurta with Pants & Dupatta",
            "url": "/w-printed-a-line-kurta-with-pants-dupatta/p/441200258_pink",
            "offer-price": 2967.52,
            "rating-count": 0,
            "cat1": "Women",
            "cat2": "Ethnic Wear",
            "cat3": "Kurta Suit Sets",
            "brand": "w"
        },
        {
            "product-id": "441270786",
            "avg-rating": "",
            "img-url": "https://assets.ajio.com/medias/sys_master/root/20220406/Gpan/624ca167aeb26921af0d206a/-78Wx98H-441270786-pistagreen-MODEL.jpg",
            "price": 1195,
            "was-price": 1195,
            "name": "Jogger Pants with Glitter Typographic Print",
            "url": "/tiny-girl-jogger-pants-with-glitter-typographic-print/p/441270786_pistagreen",
            "offer-price": 535.94,
            "rating-count": 0,
            "cat1": "Girls",
            "cat2": "Western Wear",
            "cat3": "Trousers & Pants",
            "brand": "tiny-girl"
        },
        {
            "product-id": "450148433",
            "avg-rating": "",
            "img-url": "https://assets.ajio.com/medias/sys_master/root/20220505/zFYw/6273fa33f997dd03e297286f/-78Wx98H-450148433-blue-MODEL.jpg",
            "price": 224,
            "was-price": 299,
            "name": "Textured Slides",
            "url": "/frisbee-textured-slides/p/450148433_blue",
            "offer-price": 167.43,
            "rating-count": 0,
            "cat1": "Men",
            "cat2": "Footwear",
            "cat3": "Flip Flop & Slippers",
            "brand": "frisbee"
        },
        {
            "product-id": "441270952",
            "avg-rating": "",
            "img-url": "https://assets.ajio.com/medias/sys_master/root/20220404/7ZRL/624b0a5baeb26921af0a2d06/-78Wx98H-441270952-mustard-MODEL.jpg",
            "price": 1045,
            "was-price": 1045,
            "name": "Striped Cold-Shoulder Top with Ruffle Trims",
            "url": "/tiny-girl-striped-cold-shoulder-top-with-ruffle-trims/p/441270952_mustard",
            "offer-price": 468.67,
            "rating-count": 0,
            "cat1": "Girls",
            "cat2": "Western Wear",
            "cat3": "Tops & Tunics",
            "brand": "tiny-girl"
        },
        {
            "product-id": "450148019",
            "avg-rating": "",
            "img-url": "https://assets.ajio.com/medias/sys_master/root/20220412/2EjX/62548b3bf997dd03e256bf35/-78Wx98H-450148019-pink-MODEL.jpg",
            "price": 120,
            "was-price": 299,
            "name": "Striped Thong-Strap Flip-Flops",
            "url": "/frisbee-striped-thong-strap-flip-flops/p/450148019_pink",
            "offer-price": 119.76,
            "rating-count": 0,
            "cat1": "Women",
            "cat2": "Footwear",
            "cat3": "Flip Flop & Slippers",
            "brand": "frisbee"
        },
        {
            "product-id": "450148444",
            "avg-rating": "",
            "img-url": "https://assets.ajio.com/medias/sys_master/root/20220505/A5Fs/6273f482f997dd03e2970657/-78Wx98H-450148444-grey-MODEL.jpg",
            "price": 80,
            "was-price": 199,
            "name": "Men Printed Thong-Strap Flip-Flops",
            "url": "/frisbee-men-printed-thong-strap-flip-flops/p/450148444_grey",
            "offer-price": 79.84,
            "rating-count": 0,
            "cat1": "Men",
            "cat2": "Footwear",
            "cat3": "Flip Flop & Slippers",
            "brand": "frisbee"
        },
        {
            "product-id": "450147664",
            "avg-rating": "",
            "img-url": "https://assets.ajio.com/medias/sys_master/root/20220412/fyZW/6254834ff997dd03e256948b/-78Wx98H-450147664-nude-MODEL.jpg",
            "price": 200,
            "was-price": 499,
            "name": "Textured Round-Toe Mules",
            "url": "/hi-attitude-textured-round-toe-mules/p/450147664_nude",
            "offer-price": 199.6,
            "rating-count": 0,
            "cat1": "Women",
            "cat2": "Footwear",
            "cat3": "Flat Shoes",
            "brand": "hi-attitude"
        },
        {
            "product-id": "450147664",
            "avg-rating": "",
            "img-url": "https://assets.ajio.com/medias/sys_master/root/20220412/w79e/6254834ff997dd03e256947e/-78Wx98H-450147664-grey-MODEL.jpg",
            "price": 499,
            "was-price": 499,
            "name": "Textured Round-Toe Mules",
            "url": "/hi-attitude-textured-round-toe-mules/p/450147664_grey",
            "offer-price": 199.6,
            "rating-count": 0,
            "cat1": "Women",
            "cat2": "Footwear",
            "cat3": "Flat Shoes",
            "brand": "hi-attitude"
        },
        {
            "product-id": "450147665",
            "avg-rating": "",
            "img-url": "https://assets.ajio.com/medias/sys_master/root/20220412/ea4T/625482e7f997dd03e2569228/-78Wx98H-450147665-navy-MODEL.jpg",
            "price": 240,
            "was-price": 599,
            "name": "Striped Lace-Up Shoes",
            "url": "/hi-attitude-striped-lace-up-shoes/p/450147665_navy",
            "offer-price": 239.52,
            "rating-count": 0,
            "cat1": "Women",
            "cat2": "Footwear",
            "cat3": "Casual Shoes",
            "brand": "hi-attitude"
        },
        {
            "product-id": "441311632",
            "avg-rating": "",
            "img-url": "https://assets.ajio.com/medias/sys_master/root/20220411/XFCz/6253deb0f997dd03e253dd0a/-78Wx98H-441311632-green-MODEL.jpg",
            "price": 1045,
            "was-price": 1045,
            "name": "Round-Neck Top with Embellished Flower",
            "url": "/tiny-girl-round-neck-top-with-embellished-flower/p/441311632_green",
            "offer-price": 468.67,
            "rating-count": 0,
            "cat1": "Girls",
            "cat2": "Night & Loungewear",
            "cat3": "Tops & Tshirts",
            "brand": "tiny-girl"
        },
        {
            "product-id": "441270927",
            "avg-rating": "",
            "img-url": "https://assets.ajio.com/medias/sys_master/root/20220404/J9Uz/624b0e2af997dd03e246a3f7/-78Wx98H-441270927-rust-MODEL.jpg",
            "price": 795,
            "was-price": 795,
            "name": "Typographic Print Top with Extended Sleeves",
            "url": "/tiny-girl-typographic-print-top-with-extended-sleeves/p/441270927_rust",
            "offer-price": 356.55,
            "rating-count": 0,
            "cat1": "Girls",
            "cat2": "Western Wear",
            "cat3": "Tops & Tunics",
            "brand": "tiny-girl"
        },
        {
            "product-id": "441270969",
            "avg-rating": "",
            "img-url": "https://assets.ajio.com/medias/sys_master/root/20220404/0aHZ/624b0a6aaeb26921af0a2e3b/-78Wx98H-441270969-peach-MODEL.jpg",
            "price": 939,
            "was-price": 1565,
            "name": "Textured Round-Neck Top with Embroidery",
            "url": "/tiny-girl-textured-round-neck-top-with-embroidery/p/441270969_peach",
            "offer-price": 701.88,
            "rating-count": 0,
            "cat1": "Girls",
            "cat2": "Western Wear",
            "cat3": "Tops & Tunics",
            "brand": "tiny-girl"
        },
        {
            "product-id": "441270969",
            "avg-rating": "",
            "img-url": "https://assets.ajio.com/medias/sys_master/root/20220404/ogYj/624b080daeb26921af0a1494/-78Wx98H-441270969-white-MODEL.jpg",
            "price": 1565,
            "was-price": 1565,
            "name": "Textured Round-Neck Top with Embroidery",
            "url": "/tiny-girl-textured-round-neck-top-with-embroidery/p/441270969_white",
            "offer-price": 701.88,
            "rating-count": 0,
            "cat1": "Girls",
            "cat2": "Western Wear",
            "cat3": "Tops & Tunics",
            "brand": "tiny-girl"
        },
        {
            "product-id": "450147175",
            "avg-rating": "",
            "img-url": "https://assets.ajio.com/medias/sys_master/root/20220505/8rYH/6273eb7eaeb26921af572ab2/-78Wx98H-450147175-navy-MODEL.jpg",
            "price": 520,
            "was-price": 1299,
            "name": "Round-Toe Slip-On Casual Shoes",
            "url": "/cristofano-round-toe-slip-on-casual-shoes/p/450147175_navy",
            "offer-price": 519,
            "rating-count": 0,
            "cat1": "Men",
            "cat2": "Footwear",
            "cat3": "Casual Shoes",
            "brand": "cristofano"
        },
        {
            "product-id": "441317548",
            "avg-rating": "",
            "img-url": "https://assets.ajio.com/medias/sys_master/root/20220413/9YFq/6255d750f997dd03e259f229/-78Wx98H-441317548-olive-MODEL.jpg",
            "price": 1975,
            "was-price": 1975,
            "name": "Slim Fit Shirt with Patch Pocket",
            "url": "/duke-slim-fit-shirt-with-patch-pocket/p/441317548_olive",
            "offer-price": 1478.77,
            "rating-count": 0,
            "cat1": "Men",
            "cat2": "Western Wear",
            "cat3": "Shirts",
            "brand": "duke"
        },
        {
            "product-id": "450144320",
            "avg-rating": "",
            "img-url": "https://assets.ajio.com/medias/sys_master/root/20220412/Hv6r/62547725aeb26921af19762e/-78Wx98H-450144320-tan-MODEL.jpg",
            "price": 599,
            "was-price": 599,
            "name": "Ballerinas with Bow Accent",
            "url": "/hi-attitude-ballerinas-with-bow-accent/p/450144320_tan",
            "offer-price": 239.52,
            "rating-count": 0,
            "cat1": "Women",
            "cat2": "Footwear",
            "cat3": "Flat Shoes",
            "brand": "hi-attitude"
        },
        {
            "product-id": "441311456",
            "avg-rating": "",
            "img-url": "https://assets.ajio.com/medias/sys_master/root/20220404/N7ZA/624b0efdf997dd03e246a71f/-78Wx98H-441311456-pink-MODEL.jpg",
            "price": 2185,
            "was-price": 2185,
            "name": "Floral Pattern Cold-Shoulder Fit & Flare Dress",
            "url": "/tiny-girl-floral-pattern-cold-shoulder-fit-flare-dress/p/441311456_pink",
            "offer-price": 818.38,
            "rating-count": 0,
            "cat1": "Girls",
            "cat2": "Western Wear",
            "cat3": "Dresses & Frocks",
            "brand": "tiny-girl"
        },
        {
            "product-id": "441311485",
            "avg-rating": "",
            "img-url": "https://assets.ajio.com/medias/sys_master/root/20220412/kLnW/625473b5f997dd03e256550d/-78Wx98H-441311485-darkblue-MODEL.jpg",
            "price": 1445,
            "was-price": 1445,
            "name": "Distressed Mid-Rise Shorts with Frayed Hems",
            "url": "/tiny-girl-distressed-mid-rise-shorts-with-frayed-hems/p/441311485_darkblue",
            "offer-price": 648.06,
            "rating-count": 0,
            "cat1": "Girls",
            "cat2": "Western Wear",
            "cat3": "Shorts & 3/4ths",
            "brand": "tiny-girl"
        },
        {
            "product-id": "441257256",
            "avg-rating": "",
            "img-url": "https://assets.ajio.com/medias/sys_master/root/20220413/HD5L/6255d026aeb26921af1cb2de/-78Wx98H-441257256-indigo-MODEL.jpg",
            "price": 360,
            "was-price": 1199,
            "name": "Washed Shorts with Frayed Hems",
            "url": "/lee-cooper-washed-shorts-with-frayed-hems/p/441257256_indigo",
            "offer-price": 359.55,
            "rating-count": 0,
            "cat1": "Girls",
            "cat2": "Western Wear",
            "cat3": "Shorts & 3/4ths",
            "brand": "lee-cooper"
        },
        {
            "product-id": "450147199",
            "avg-rating": "",
            "img-url": "https://assets.ajio.com/medias/sys_master/root/20220408/Cvuj/624f42ddf997dd03e24e26a2/-78Wx98H-450147199-black-MODEL.jpg",
            "price": 280,
            "was-price": 699,
            "name": "Slip-On Casual Shoes with Perforations",
            "url": "/cristofano-slip-on-casual-shoes-with-perforations/p/450147199_black",
            "offer-price": 279.44,
            "rating-count": 0,
            "cat1": "Men",
            "cat2": "Footwear",
            "cat3": "Casual Shoes",
            "brand": "cristofano"
        },
        {
            "product-id": "450146436",
            "avg-rating": "",
            "img-url": "https://assets.ajio.com/medias/sys_master/root/20220624/oaZC/62b5a660aeb26921af45afe6/-78Wx98H-450146436-black-MODEL.jpg",
            "price": 1124,
            "was-price": 1499,
            "name": "Thong-Strap Flat Sandals",
            "url": "/schumann-thong-strap-flat-sandals/p/450146436_black",
            "offer-price": 841.59,
            "rating-count": 0,
            "cat1": "Men",
            "cat2": "Footwear",
            "cat3": "Sandals",
            "brand": "schumann"
        }
    ],
    "ajio": [],
    "": []
}