{
    "luxe.ajio": [
        {
            "product-id": "410307038",
            "avg-rating": "",
            "img-url": "https://assets.ajio.com/medias/sys_master/root/20220330/98nU/624350b0f997dd03e239fa95/-78Wx98H-410307038-dbag-MODEL.jpg",
            "price": 2295,
            "was-price": 2295,
            "name": "Gina Underwired Lightly-Padded Bra",
            "url": "/hunkemoller-gina-underwired-lightly-padded-bra/p/410307038_dbag",
            "offer-price": 1031.02,
            "rating-count": 0,
            "cat1": "Women",
            "cat2": "Lingerie & Innerwear",
            "cat3": "Bras",
            "brand": "hunkemoller"
        },
        {
            "product-id": "410302932",
            "avg-rating": "",
            "img-url": "https://assets.ajio.com/medias/sys_master/root/20220330/Dp7K/6243789aaeb26921afff54c9/-78Wx98H-410302932-wht-MODEL.jpg",
            "price": 795,
            "was-price": 795,
            "name": "Aylin Brazilian Panties",
            "url": "/hunkemoller-aylin-brazilian-panties/p/410302932_wht",
            "offer-price": 326.65,
            "rating-count": 0,
            "cat1": "Women",
            "cat2": "Lingerie & Innerwear",
            "cat3": "Panties",
            "brand": "hunkemoller"
        },
        {
            "product-id": "410314590",
            "avg-rating": "",
            "img-url": "https://assets.ajio.com/medias/sys_master/root/20220330/2ENj/62436868f997dd03e23a6131/-78Wx98H-410314590-blue-MODEL.jpg",
            "price": 767,
            "was-price": 1395,
            "name": "Pauline Brazilian Panties",
            "url": "/hunkemoller-pauline-brazilian-panties/p/410314590_blue",
            "offer-price": 573.31,
            "rating-count": 0,
            "cat1": "Women",
            "cat2": "Lingerie & Innerwear",
            "cat3": "Panties",
            "brand": "hunkemoller"
        },
        {
            "product-id": "410307039",
            "avg-rating": "",
            "img-url": "https://assets.ajio.com/medias/sys_master/root/20220330/ndmE/62436fbff997dd03e23aafc9/-78Wx98H-410307039-dbag-MODEL.jpg",
            "price": 657,
            "was-price": 1195,
            "name": "Gina Brazilian Shorts",
            "url": "/hunkemoller-gina-brazilian-shorts/p/410307039_dbag",
            "offer-price": 491.09,
            "rating-count": 0,
            "cat1": "Women",
            "cat2": "Lingerie & Innerwear",
            "cat3": "Panties",
            "brand": "hunkemoller"
        },
        {
            "product-id": "410302298",
            "avg-rating": "",
            "img-url": "https://assets.ajio.com/medias/sys_master/root/20220330/VTNs/6243670daeb26921affea7e5/-78Wx98H-410302298-blue-MODEL.jpg",
            "price": 767,
            "was-price": 1395,
            "name": "Bessie Brazilian Panties",
            "url": "/hunkemoller-bessie-brazilian-panties/p/410302298_blue",
            "offer-price": 573.31,
            "rating-count": 0,
            "cat1": "Women",
            "cat2": "Lingerie & Innerwear",
            "cat3": "Panties",
            "brand": "hunkemoller"
        },
        {
            "product-id": "410314493",
            "avg-rating": "",
            "img-url": "https://assets.ajio.com/medias/sys_master/root/20220330/Be2C/62436868f997dd03e23a6121/-78Wx98H-410314493-red-MODEL.jpg",
            "price": 1537,
            "was-price": 2795,
            "name": "Lace Sierra Non-Padded Underwired Minimiser Bra",
            "url": "/hunkemoller-lace-sierra-non-padded-underwired-minimiser-bra/p/410314493_red",
            "offer-price": 1150.82,
            "rating-count": 0,
            "cat1": "Women",
            "cat2": "Lingerie & Innerwear",
            "cat3": "Bras",
            "brand": "hunkemoller"
        },
        {
            "product-id": "410313258",
            "avg-rating": "",
            "img-url": "https://assets.ajio.com/medias/sys_master/root/20220330/jOt6/62435473f997dd03e23a09a0/-78Wx98H-410313258-cvr-MODEL.jpg",
            "price": 1995,
            "was-price": 1995,
            "name": "Lace Non-Padded Helter Beginners",
            "url": "/hunkemoller-lace-non-padded-helter-beginners/p/410313258_cvr",
            "offer-price": 896.25,
            "rating-count": 0,
            "cat1": "Women",
            "cat2": "Lingerie & Innerwear",
            "cat3": "Bras",
            "brand": "hunkemoller"
        },
        {
            "product-id": "410303604",
            "avg-rating": "",
            "img-url": "https://assets.ajio.com/medias/sys_master/root/20220330/xQ06/62437901f997dd03e23b11c5/-78Wx98H-410303604-wht-MODEL.jpg",
            "price": 795,
            "was-price": 795,
            "name": "Miny Brazilian Panties",
            "url": "/hunkemoller-miny-brazilian-panties/p/410303604_wht",
            "offer-price": 326.65,
            "rating-count": 0,
            "cat1": "Women",
            "cat2": "Lingerie & Innerwear",
            "cat3": "Panties",
            "brand": "hunkemoller"
        },
        {
            "product-id": "410307042",
            "avg-rating": "",
            "img-url": "https://assets.ajio.com/medias/sys_master/root/20220330/QtwB/624365eef997dd03e23a5637/-78Wx98H-410307042-rhdn-MODEL.jpg",
            "price": 2995,
            "was-price": 2995,
            "name": "Cardi Padded Underwired Push-Up Bra",
            "url": "/hunkemoller-cardi-padded-underwired-push-up-bra/p/410307042_rhdn",
            "offer-price": 1345.49,
            "rating-count": 0,
            "cat1": "Women",
            "cat2": "Lingerie & Innerwear",
            "cat3": "Bras",
            "brand": "hunkemoller"
        },
        {
            "product-id": "410307773",
            "avg-rating": "",
            "img-url": "https://assets.ajio.com/medias/sys_master/root/20220330/ghWm/62435ef5f997dd03e23a3771/-78Wx98H-410307773-mrn-MODEL.jpg",
            "price": 795,
            "was-price": 795,
            "name": "Penelope Brazilian Briefs",
            "url": "/hunkemoller-penelope-brazilian-briefs/p/410307773_mrn",
            "offer-price": 326.65,
            "rating-count": 0,
            "cat1": "Women",
            "cat2": "Lingerie & Innerwear",
            "cat3": "Panties",
            "brand": "hunkemoller"
        },
        {
            "product-id": "410306946",
            "avg-rating": "",
            "img-url": "https://assets.ajio.com/medias/sys_master/root/20220330/nLiy/62435668aeb26921affe6944/-78Wx98H-410306946-cvr-MODEL.jpg",
            "price": 795,
            "was-price": 795,
            "name": "Zenia Brazilian Panties",
            "url": "/hunkemoller-zenia-brazilian-panties/p/410306946_cvr",
            "offer-price": 326.65,
            "rating-count": 0,
            "cat1": "Women",
            "cat2": "Lingerie & Innerwear",
            "cat3": "Panties",
            "brand": "hunkemoller"
        },
        {
            "product-id": "410302257",
            "avg-rating": "",
            "img-url": "https://assets.ajio.com/medias/sys_master/root/20220330/dJv8/624358c3aeb26921affe71fe/-78Wx98H-410302257-cvr-MODEL.jpg",
            "price": 2995,
            "was-price": 2995,
            "name": "Lace V-neck Bodysuits",
            "url": "/hunkemoller-lace-v-neck-bodysuits/p/410302257_cvr",
            "offer-price": 1233.18,
            "rating-count": 0,
            "cat1": "Women",
            "cat2": "Lingerie & Innerwear",
            "cat3": "Lingerie Sets",
            "brand": "hunkemoller"
        },
        {
            "product-id": "410314578",
            "avg-rating": "",
            "img-url": "https://assets.ajio.com/medias/sys_master/root/20220330/tlXK/62437a81f997dd03e23b1b70/-78Wx98H-410314578-fstvlfusch-MODEL.jpg",
            "price": 2995,
            "was-price": 2995,
            "name": "Lace Reeva Underwired Push-Up Bra",
            "url": "/hunkemoller-lace-reeva-underwired-push-up-bra/p/410314578_fstvlfusch",
            "offer-price": 1233.18,
            "rating-count": 0,
            "cat1": "Women",
            "cat2": "Lingerie & Innerwear",
            "cat3": "Bras",
            "brand": "hunkemoller"
        },
        {
            "product-id": "410314577",
            "avg-rating": "",
            "img-url": "https://assets.ajio.com/medias/sys_master/root/20220330/Jk4m/6243684eaeb26921affeac8f/-78Wx98H-410314577-fstvlfusch-MODEL.jpg",
            "price": 1677,
            "was-price": 2795,
            "name": "Lace Non-Padded Underwired Bra",
            "url": "/hunkemoller-lace-non-padded-underwired-bra/p/410314577_fstvlfusch",
            "offer-price": 1255.64,
            "rating-count": 0,
            "cat1": "Women",
            "cat2": "Lingerie & Innerwear",
            "cat3": "Bras",
            "brand": "hunkemoller"
        },
        {
            "product-id": "410313048",
            "avg-rating": "",
            "img-url": "https://assets.ajio.com/medias/sys_master/root/20220330/lcw3/6243745df997dd03e23afe0b/-78Wx98H-410313048-wht-MODEL.jpg",
            "price": 1537,
            "was-price": 2795,
            "name": "Libby Non-Padded Underwired Bikini Top",
            "url": "/hunkemoller-libby-non-padded-underwired-bikini-top/p/410313048_wht",
            "offer-price": 1150.82,
            "rating-count": 0,
            "cat1": "Women",
            "cat2": "Western Wear",
            "cat3": "Swimwear",
            "brand": "hunkemoller"
        },
        {
            "product-id": "410307780",
            "avg-rating": "",
            "img-url": "https://assets.ajio.com/medias/sys_master/root/20220330/17yj/624356e7aeb26921affe6b15/-78Wx98H-410307780-red-MODEL.jpg",
            "price": 795,
            "was-price": 795,
            "name": "Phoebe Boxerstring Lace Panties",
            "url": "/hunkemoller-phoebe-boxerstring-lace-panties/p/410307780_red",
            "offer-price": 326.65,
            "rating-count": 0,
            "cat1": "Women",
            "cat2": "Lingerie & Innerwear",
            "cat3": "Panties",
            "brand": "hunkemoller"
        },
        {
            "product-id": "410314477",
            "avg-rating": "",
            "img-url": "https://assets.ajio.com/medias/sys_master/root/20220330/SnGP/62436b54f997dd03e23a6d61/-78Wx98H-410314477-fxglv-MODEL.jpg",
            "price": 2795,
            "was-price": 2795,
            "name": "Lace Diva Non-Padded Underwired Minimiser Bra",
            "url": "/hunkemoller-lace-diva-non-padded-underwired-minimiser-bra/p/410314477_fxglv",
            "offer-price": 1150.82,
            "rating-count": 0,
            "cat1": "Women",
            "cat2": "Lingerie & Innerwear",
            "cat3": "Bras",
            "brand": "hunkemoller"
        },
        {
            "product-id": "410306948",
            "avg-rating": "",
            "img-url": "https://assets.ajio.com/medias/sys_master/root/20220330/BRe6/62437294f997dd03e23aee56/-78Wx98H-410306948-cvr-MODEL.jpg",
            "price": 795,
            "was-price": 795,
            "name": "Sian High Cut Brazilian Panties",
            "url": "/hunkemoller-sian-high-cut-brazilian-panties/p/410306948_cvr",
            "offer-price": 326.65,
            "rating-count": 0,
            "cat1": "Women",
            "cat2": "Lingerie & Innerwear",
            "cat3": "Panties",
            "brand": "hunkemoller"
        },
        {
            "product-id": "410314549",
            "avg-rating": "",
            "img-url": "https://assets.ajio.com/medias/sys_master/root/20220330/zkLm/624368adaeb26921affeadee/-78Wx98H-410314549-cvr-MODEL.jpg",
            "price": 3295,
            "was-price": 3295,
            "name": "Margaret Padded Underwired Push-Up Bra",
            "url": "/hunkemoller-margaret-padded-underwired-push-up-bra/p/410314549_cvr",
            "offer-price": 1480.27,
            "rating-count": 0,
            "cat1": "Women",
            "cat2": "Lingerie & Innerwear",
            "cat3": "Bras",
            "brand": "hunkemoller"
        },
        {
            "product-id": "410307796",
            "avg-rating": "",
            "img-url": "https://assets.ajio.com/medias/sys_master/root/20220330/HAbv/624364b2aeb26921affe9ed7/-78Wx98H-410307796-red-MODEL.jpg",
            "price": 795,
            "was-price": 795,
            "name": "Willow Low-Rise Thong Panties",
            "url": "/hunkemoller-willow-low-rise-thong-panties/p/410307796_red",
            "offer-price": 326.65,
            "rating-count": 0,
            "cat1": "Women",
            "cat2": "Lingerie & Innerwear",
            "cat3": "Panties",
            "brand": "hunkemoller"
        },
        {
            "product-id": "410314447",
            "avg-rating": "",
            "img-url": "https://assets.ajio.com/medias/sys_master/root/20220330/CSDB/62435d7bf997dd03e23a304e/-78Wx98H-410314447-blk-MODEL.jpg",
            "price": 3295,
            "was-price": 3295,
            "name": "Non-Wired The Pro Level 3 Sports Bra",
            "url": "/hunkemoller-non-wired-the-pro-level-3-sports-bra/p/410314447_blk",
            "offer-price": 1356.72,
            "rating-count": 0,
            "cat1": "Women",
            "cat2": "Lingerie & Innerwear",
            "cat3": "Bras",
            "brand": "hunkemoller"
        },
        {
            "product-id": "410303494",
            "avg-rating": "",
            "img-url": "https://assets.ajio.com/medias/sys_master/root/20220330/ToIr/62435a9caeb26921affe78c9/-78Wx98H-410303494-mrn-MODEL.jpg",
            "price": 795,
            "was-price": 795,
            "name": "Invisible String Stripe Mesh Panties",
            "url": "/hunkemoller-invisible-string-stripe-mesh-panties/p/410303494_mrn",
            "offer-price": 326.65,
            "rating-count": 0,
            "cat1": "Women",
            "cat2": "Lingerie & Innerwear",
            "cat3": "Panties",
            "brand": "hunkemoller"
        },
        {
            "product-id": "410303477",
            "avg-rating": "",
            "img-url": "https://assets.ajio.com/medias/sys_master/root/20220330/FnZd/62435036f997dd03e239f886/-78Wx98H-410303477-trpr-MODEL.jpg",
            "price": 795,
            "was-price": 795,
            "name": "V-shaped Brazilian Floral Mesh Panties",
            "url": "/hunkemoller-v-shaped-brazilian-floral-mesh-panties/p/410303477_trpr",
            "offer-price": 326.65,
            "rating-count": 0,
            "cat1": "Women",
            "cat2": "Lingerie & Innerwear",
            "cat3": "Panties",
            "brand": "hunkemoller"
        },
        {
            "product-id": "410315706",
            "avg-rating": "",
            "img-url": "https://assets.ajio.com/medias/sys_master/root/20220330/bfSN/62437156aeb26921afff1187/-78Wx98H-410315706-cvr-MODEL.jpg",
            "price": 932,
            "was-price": 1695,
            "name": "Meghan High-Leg Brazilian Panties",
            "url": "/hunkemoller-meghan-high-leg-brazilian-panties/p/410315706_cvr",
            "offer-price": 696.65,
            "rating-count": 0,
            "cat1": "Women",
            "cat2": "Lingerie & Innerwear",
            "cat3": "Panties",
            "brand": "hunkemoller"
        },
        {
            "product-id": "410316701",
            "avg-rating": "",
            "img-url": "https://assets.ajio.com/medias/sys_master/root/20220330/wbje/62435d93aeb26921affe83a3/-78Wx98H-410316701-lvptn-MODEL.jpg",
            "price": 767,
            "was-price": 1395,
            "name": "Amora Brazilian Panties",
            "url": "/hunkemoller-amora-brazilian-panties/p/410316701_lvptn",
            "offer-price": 573.31,
            "rating-count": 0,
            "cat1": "Women",
            "cat2": "Lingerie & Innerwear",
            "cat3": "Panties",
            "brand": "hunkemoller"
        },
        {
            "product-id": "410302843",
            "avg-rating": "",
            "img-url": "https://assets.ajio.com/medias/sys_master/root/20220330/1f2i/6243670daeb26921affea7cf/-78Wx98H-410302843-pnk-MODEL.jpg",
            "price": 932,
            "was-price": 1695,
            "name": "Strappy Lace Cami Top",
            "url": "/hunkemoller-strappy-lace-cami-top/p/410302843_pnk",
            "offer-price": 696.65,
            "rating-count": 0,
            "cat1": "Women",
            "cat2": "Night & Lounge Wear",
            "cat3": "Tops & Tshirts",
            "brand": "hunkemoller"
        },
        {
            "product-id": "410315694",
            "avg-rating": "",
            "img-url": "https://assets.ajio.com/medias/sys_master/root/20220330/hmKd/62435e13f997dd03e23a32ac/-78Wx98H-410315694-cvr-MODEL.jpg",
            "price": 1995,
            "was-price": 1995,
            "name": "Jess Non-Padded Underwired Bra HKM x NA-KD",
            "url": "/hunkemoller-jess-non-padded-underwired-bra-hkm-x-na-kd/p/410315694_cvr",
            "offer-price": 821.37,
            "rating-count": 0,
            "cat1": "Women",
            "cat2": "Lingerie & Innerwear",
            "cat3": "Bras",
            "brand": "hunkemoller"
        },
        {
            "product-id": "410313055",
            "avg-rating": "",
            "img-url": "https://assets.ajio.com/medias/sys_master/root/20220330/g8mG/624368adf997dd03e23a6274/-78Wx98H-410313055-grngbls-MODEL.jpg",
            "price": 2995,
            "was-price": 2995,
            "name": "Reeva Strapless Underwired Lightly-Padded Bra",
            "url": "/hunkemoller-reeva-strapless-underwired-lightly-padded-bra/p/410313055_grngbls",
            "offer-price": 1345.49,
            "rating-count": 0,
            "cat1": "Women",
            "cat2": "Lingerie & Innerwear",
            "cat3": "Bras",
            "brand": "hunkemoller"
        },
        {
            "product-id": "410314532",
            "avg-rating": "",
            "img-url": "https://assets.ajio.com/medias/sys_master/root/20220330/CFIa/62436698aeb26921affea68d/-78Wx98H-410314532-cvr-MODEL.jpg",
            "price": 1895,
            "was-price": 1895,
            "name": "Animal Underwired Lightly-Padded Bra",
            "url": "/hunkemoller-animal-underwired-lightly-padded-bra/p/410314532_cvr",
            "offer-price": 780.19,
            "rating-count": 0,
            "cat1": "Women",
            "cat2": "Lingerie & Innerwear",
            "cat3": "Bras",
            "brand": "hunkemoller"
        },
        {
            "product-id": "410307421",
            "avg-rating": "",
            "img-url": "https://assets.ajio.com/medias/sys_master/root/20220330/LcoK/62435131f997dd03e239fd36/-78Wx98H-410307421-cvr-MODEL.jpg",
            "price": 1797,
            "was-price": 2995,
            "name": "Kelsey Non-Padded Underwired Lucy Hale Minimiser Bra",
            "url": "/hunkemoller-kelsey-non-padded-underwired-lucy-hale-minimiser-bra/p/410307421_cvr",
            "offer-price": 1345.49,
            "rating-count": 0,
            "cat1": "Women",
            "cat2": "Lingerie & Innerwear",
            "cat3": "Bras",
            "brand": "hunkemoller"
        },
        {
            "product-id": "410314498",
            "avg-rating": "",
            "img-url": "https://assets.ajio.com/medias/sys_master/root/20220330/j5Hb/62436f7cf997dd03e23aa9b5/-78Wx98H-410314498-purpl-MODEL.jpg",
            "price": 2995,
            "was-price": 2995,
            "name": "Mel Non-Padded Underwired Minimiser Bra",
            "url": "/hunkemoller-mel-non-padded-underwired-minimiser-bra/p/410314498_purpl",
            "offer-price": 1233.18,
            "rating-count": 0,
            "cat1": "Women",
            "cat2": "Lingerie & Innerwear",
            "cat3": "Bras",
            "brand": "hunkemoller"
        },
        {
            "product-id": "410314296",
            "avg-rating": "",
            "img-url": "https://assets.ajio.com/medias/sys_master/root/20220330/wh2C/62435baaaeb26921affe7c83/-78Wx98H-410314296-strblu-MODEL.jpg",
            "price": 987,
            "was-price": 1795,
            "name": "Alice High Boxer Thong Panties",
            "url": "/hunkemoller-alice-high-boxer-thong-panties/p/410314296_strblu",
            "offer-price": 737.76,
            "rating-count": 0,
            "cat1": "Women",
            "cat2": "Lingerie & Innerwear",
            "cat3": "Panties",
            "brand": "hunkemoller"
        },
        {
            "product-id": "410314442",
            "avg-rating": "",
            "img-url": "https://assets.ajio.com/medias/sys_master/root/20220330/M88R/6243737faeb26921afff39b2/-78Wx98H-410314442-zinf-MODEL.jpg",
            "price": 2995,
            "was-price": 2995,
            "name": "Non-Wired The All Star Level 2 Sports Bra",
            "url": "/hunkemoller-non-wired-the-all-star-level-2-sports-bra/p/410314442_zinf",
            "offer-price": 1233.18,
            "rating-count": 0,
            "cat1": "Women",
            "cat2": "Lingerie & Innerwear",
            "cat3": "Bras",
            "brand": "hunkemoller"
        },
        {
            "product-id": "410314273",
            "avg-rating": "",
            "img-url": "https://assets.ajio.com/medias/sys_master/root/20220330/3enH/624361fdaeb26921affe9524/-78Wx98H-410314273-trpr-MODEL.jpg",
            "price": 1995,
            "was-price": 1995,
            "name": "Alexis Racerback Beginners Bralette",
            "url": "/hunkemoller-alexis-racerback-beginners-bralette/p/410314273_trpr",
            "offer-price": 821.37,
            "rating-count": 0,
            "cat1": "Women",
            "cat2": "Lingerie & Innerwear",
            "cat3": "Bras",
            "brand": "hunkemoller"
        },
        {
            "product-id": "410314308",
            "avg-rating": "",
            "img-url": "https://assets.ajio.com/medias/sys_master/root/20220330/eiGI/62437236f997dd03e23ae65b/-78Wx98H-410314308-pcot-MODEL.jpg",
            "price": 795,
            "was-price": 795,
            "name": "Milena Lace Brazilian Panties",
            "url": "/hunkemoller-milena-lace-brazilian-panties/p/410314308_pcot",
            "offer-price": 326.65,
            "rating-count": 0,
            "cat1": "Women",
            "cat2": "Lingerie & Innerwear",
            "cat3": "Panties",
            "brand": "hunkemoller"
        },
        {
            "product-id": "410314974",
            "avg-rating": "",
            "img-url": "https://assets.ajio.com/medias/sys_master/root/20220330/WFPB/62437356aeb26921afff36a8/-78Wx98H-410314974-nero-MODEL.jpg",
            "price": 1372,
            "was-price": 2495,
            "name": "Glam Non-Padded Underwired Bikini Top with Scallop Trims",
            "url": "/hunkemoller-glam-non-padded-underwired-bikini-top-with-scallop-trims/p/410314974_nero",
            "offer-price": 1027.28,
            "rating-count": 0,
            "cat1": "Women",
            "cat2": "Western Wear",
            "cat3": "Swimwear",
            "brand": "hunkemoller"
        },
        {
            "product-id": "410307791",
            "avg-rating": "",
            "img-url": "https://assets.ajio.com/medias/sys_master/root/20220330/YOSm/62436743f997dd03e23a5bf4/-78Wx98H-410307791-marblu-MODEL.jpg",
            "price": 1795,
            "was-price": 1795,
            "name": "Strappy Lace Cami Top",
            "url": "/hunkemoller-strappy-lace-cami-top/p/410307791_marblu",
            "offer-price": 737.76,
            "rating-count": 0,
            "cat1": "Women",
            "cat2": "Night & Lounge Wear",
            "cat3": "Tops & Tshirts",
            "brand": "hunkemoller"
        },
        {
            "product-id": "410315688",
            "avg-rating": "",
            "img-url": "https://assets.ajio.com/medias/sys_master/root/20220330/DlIt/624373dfaeb26921afff4145/-78Wx98H-410315688-blk-MODEL.jpg",
            "price": 3295,
            "was-price": 3295,
            "name": "Non-Wired The Pro Level 3 Sports Bra",
            "url": "/hunkemoller-non-wired-the-pro-level-3-sports-bra/p/410315688_blk",
            "offer-price": 1356.72,
            "rating-count": 0,
            "cat1": "Women",
            "cat2": "Lingerie & Innerwear",
            "cat3": "Bras",
            "brand": "hunkemoller"
        },
        {
            "product-id": "410316718",
            "avg-rating": "",
            "img-url": "https://assets.ajio.com/medias/sys_master/root/20220330/neLc/62435f77f997dd03e23a3a53/-78Wx98H-410316718-cvr-MODEL.jpg",
            "price": 1795,
            "was-price": 1795,
            "name": "Corby Heart Flock Bralette Bra",
            "url": "/hunkemoller-corby-heart-flock-bralette-bra/p/410316718_cvr",
            "offer-price": 737.76,
            "rating-count": 0,
            "cat1": "Women",
            "cat2": "Lingerie & Innerwear",
            "cat3": "Bras",
            "brand": "hunkemoller"
        },
        {
            "product-id": "410313044",
            "avg-rating": "",
            "img-url": "https://assets.ajio.com/medias/sys_master/root/20220330/Ycd5/624362d5f997dd03e23a48ba/-78Wx98H-410313044-kenblu-MODEL.jpg",
            "price": 2495,
            "was-price": 2495,
            "name": "Triangle Bikini Top with Scallop Trims",
            "url": "/hunkemoller-triangle-bikini-top-with-scallop-trims/p/410313044_kenblu",
            "offer-price": 1027.28,
            "rating-count": 0,
            "cat1": "Women",
            "cat2": "Western Wear",
            "cat3": "Swimwear",
            "brand": "hunkemoller"
        },
        {
            "product-id": "410307427",
            "avg-rating": "",
            "img-url": "https://assets.ajio.com/medias/sys_master/root/20220330/jTFu/6243609daeb26921affe907e/-78Wx98H-410307427-wht-MODEL.jpg",
            "price": 1812,
            "was-price": 3295,
            "name": "Non-Wired The Pro Level 3 Sports Bra",
            "url": "/hunkemoller-non-wired-the-pro-level-3-sports-bra/p/410307427_wht",
            "offer-price": 1356.72,
            "rating-count": 0,
            "cat1": "Women",
            "cat2": "Lingerie & Innerwear",
            "cat3": "Bras",
            "brand": "hunkemoller"
        },
        {
            "product-id": "410307786",
            "avg-rating": "",
            "img-url": "https://assets.ajio.com/medias/sys_master/root/20220330/WEOx/6243667faeb26921affea637/-78Wx98H-410307786-nstrose-MODEL.jpg",
            "price": 3295,
            "was-price": 3295,
            "name": "Margaret Strapless Underwired Lightly-Padded Bra",
            "url": "/hunkemoller-margaret-strapless-underwired-lightly-padded-bra/p/410307786_nstrose",
            "offer-price": 1480.27,
            "rating-count": 0,
            "cat1": "Women",
            "cat2": "Lingerie & Innerwear",
            "cat3": "Bras",
            "brand": "hunkemoller"
        },
        {
            "product-id": "410303602",
            "avg-rating": "",
            "img-url": "https://assets.ajio.com/medias/sys_master/root/20220330/ocID/62435b70f997dd03e23a26c9/-78Wx98H-410303602-cvr-MODEL.jpg",
            "price": 795,
            "was-price": 795,
            "name": "Samira Brazilian Panties",
            "url": "/hunkemoller-samira-brazilian-panties/p/410303602_cvr",
            "offer-price": 326.65,
            "rating-count": 0,
            "cat1": "Women",
            "cat2": "Lingerie & Innerwear",
            "cat3": "Panties",
            "brand": "hunkemoller"
        },
        {
            "product-id": "410315702",
            "avg-rating": "",
            "img-url": "https://assets.ajio.com/medias/sys_master/root/20220330/vQgj/62435492aeb26921affe61fd/-78Wx98H-410315702-fclvr-MODEL.jpg",
            "price": 2995,
            "was-price": 2995,
            "name": "Malika Padded Under-Wired Push-Up Bra",
            "url": "/hunkemoller-malika-padded-under-wired-push-up-bra/p/410315702_fclvr",
            "offer-price": 1233.18,
            "rating-count": 0,
            "cat1": "Women",
            "cat2": "Lingerie & Innerwear",
            "cat3": "Bras",
            "brand": "hunkemoller"
        },
        {
            "product-id": "410313259",
            "avg-rating": "",
            "img-url": "https://assets.ajio.com/medias/sys_master/root/20220330/n283/62435135aeb26921affe5684/-78Wx98H-410313259-altn-MODEL.jpg",
            "price": 2995,
            "was-price": 2995,
            "name": "HKMX The All Star Level 2 Sports Bra",
            "url": "/hunkemoller-hkmx-the-all-star-level-2-sports-bra/p/410313259_altn",
            "offer-price": 1233.18,
            "rating-count": 0,
            "cat1": "Women",
            "cat2": "Lingerie & Innerwear",
            "cat3": "Bras",
            "brand": "hunkemoller"
        },
        {
            "product-id": "410307785",
            "avg-rating": "",
            "img-url": "https://assets.ajio.com/medias/sys_master/root/20220330/RQpR/62435506f997dd03e23a0cd5/-78Wx98H-410307785-cvr-MODEL.jpg",
            "price": 795,
            "was-price": 795,
            "name": "Arla Brazilian Panties",
            "url": "/hunkemoller-arla-brazilian-panties/p/410307785_cvr",
            "offer-price": 326.65,
            "rating-count": 0,
            "cat1": "Women",
            "cat2": "Lingerie & Innerwear",
            "cat3": "Panties",
            "brand": "hunkemoller"
        },
        {
            "product-id": "410316716",
            "avg-rating": "",
            "img-url": "https://assets.ajio.com/medias/sys_master/root/20220330/95kh/624352a7f997dd03e23a0160/-78Wx98H-410316716-wmau-MODEL.jpg",
            "price": 1995,
            "was-price": 1995,
            "name": "Riki Bralette Bra",
            "url": "/hunkemoller-riki-bralette-bra/p/410316716_wmau",
            "offer-price": 896.25,
            "rating-count": 0,
            "cat1": "Women",
            "cat2": "Lingerie & Innerwear",
            "cat3": "Bras",
            "brand": "hunkemoller"
        },
        {
            "product-id": "410314306",
            "avg-rating": "",
            "img-url": "https://assets.ajio.com/medias/sys_master/root/20220330/0gJ2/624354f4aeb26921affe62bc/-78Wx98H-410314306-cvr-MODEL.jpg",
            "price": 767,
            "was-price": 1395,
            "name": "Arabella Brazilian Panties",
            "url": "/hunkemoller-arabella-brazilian-panties/p/410314306_cvr",
            "offer-price": 573.31,
            "rating-count": 0,
            "cat1": "Women",
            "cat2": "Lingerie & Innerwear",
            "cat3": "Panties",
            "brand": "hunkemoller"
        },
        {
            "product-id": "410303623",
            "avg-rating": "",
            "img-url": "https://assets.ajio.com/medias/sys_master/root/20220330/EBJl/624374c4f997dd03e23afeb2/-78Wx98H-410303623-cvr-MODEL.jpg",
            "price": 795,
            "was-price": 795,
            "name": "Bianca Boxer String Panties",
            "url": "/hunkemoller-bianca-boxer-string-panties/p/410303623_cvr",
            "offer-price": 326.65,
            "rating-count": 0,
            "cat1": "Women",
            "cat2": "Lingerie & Innerwear",
            "cat3": "Panties",
            "brand": "hunkemoller"
        },
        {
            "product-id": "410303588",
            "avg-rating": "",
            "img-url": "https://assets.ajio.com/medias/sys_master/root/20220330/iccC/624376a8aeb26921afff4cd1/-78Wx98H-410303588-oamel-MODEL.jpg",
            "price": 795,
            "was-price": 795,
            "name": "Brazilian Panties With Lace Trims",
            "url": "/hunkemoller-brazilian-panties-with-lace-trims/p/410303588_oamel",
            "offer-price": 326.65,
            "rating-count": 0,
            "cat1": "Women",
            "cat2": "Lingerie & Innerwear",
            "cat3": "Panties",
            "brand": "hunkemoller"
        },
        {
            "product-id": "410313267",
            "avg-rating": "",
            "img-url": "https://assets.ajio.com/medias/sys_master/root/20220330/RZtS/62437791f997dd03e23b0b6b/-78Wx98H-410313267-cvr-MODEL.jpg",
            "price": 2995,
            "was-price": 2995,
            "name": "Bijou Padded Maximiser Underwired Push-Up Bra",
            "url": "/hunkemoller-bijou-padded-maximiser-underwired-push-up-bra/p/410313267_cvr",
            "offer-price": 1345.49,
            "rating-count": 0,
            "cat1": "Women",
            "cat2": "Lingerie & Innerwear",
            "cat3": "Bras",
            "brand": "hunkemoller"
        },
        {
            "product-id": "410307794",
            "avg-rating": "",
            "img-url": "https://assets.ajio.com/medias/sys_master/root/20220330/run7/6243693eaeb26921affeaf72/-78Wx98H-410307794-cvr-MODEL.jpg",
            "price": 1097,
            "was-price": 1995,
            "name": "Margaret Brazilian Lace Panties",
            "url": "/hunkemoller-margaret-brazilian-lace-panties/p/410307794_cvr",
            "offer-price": 821.37,
            "rating-count": 0,
            "cat1": "Women",
            "cat2": "Lingerie & Innerwear",
            "cat3": "Panties",
            "brand": "hunkemoller"
        },
        {
            "product-id": "410307775",
            "avg-rating": "",
            "img-url": "https://assets.ajio.com/medias/sys_master/root/20220330/yLOB/62435df8aeb26921affe8567/-78Wx98H-410307775-cvr-MODEL.jpg",
            "price": 795,
            "was-price": 795,
            "name": "Jessie High-Cut Brazilian Panties",
            "url": "/hunkemoller-jessie-high-cut-brazilian-panties/p/410307775_cvr",
            "offer-price": 326.65,
            "rating-count": 0,
            "cat1": "Women",
            "cat2": "Lingerie & Innerwear",
            "cat3": "Panties",
            "brand": "hunkemoller"
        },
        {
            "product-id": "410314550",
            "avg-rating": "",
            "img-url": "https://assets.ajio.com/medias/sys_master/root/20220330/sYZg/62435f0bf997dd03e23a37c4/-78Wx98H-410314550-psdn-MODEL.jpg",
            "price": 1895,
            "was-price": 1895,
            "name": "Plunge Underwired Lightly-Padded Bra",
            "url": "/hunkemoller-plunge-underwired-lightly-padded-bra/p/410314550_psdn",
            "offer-price": 780.19,
            "rating-count": 0,
            "cat1": "Women",
            "cat2": "Lingerie & Innerwear",
            "cat3": "Bras",
            "brand": "hunkemoller"
        },
        {
            "product-id": "410303605",
            "avg-rating": "",
            "img-url": "https://assets.ajio.com/medias/sys_master/root/20220330/XTjF/62435ee3f997dd03e23a36e9/-78Wx98H-410303605-cvr-MODEL.jpg",
            "price": 795,
            "was-price": 795,
            "name": "Yvenne Brazilian Panties",
            "url": "/hunkemoller-yvenne-brazilian-panties/p/410303605_cvr",
            "offer-price": 326.65,
            "rating-count": 0,
            "cat1": "Women",
            "cat2": "Lingerie & Innerwear",
            "cat3": "Panties",
            "brand": "hunkemoller"
        },
        {
            "product-id": "410314289",
            "avg-rating": "",
            "img-url": "https://assets.ajio.com/medias/sys_master/root/20220330/J2bp/62435e81aeb26921affe87be/-78Wx98H-410314289-purpl-MODEL.jpg",
            "price": 2995,
            "was-price": 2995,
            "name": "Bessie Padded Maximizer Underwired Push-Up Bra",
            "url": "/hunkemoller-bessie-padded-maximizer-underwired-push-up-bra/p/410314289_purpl",
            "offer-price": 1345.49,
            "rating-count": 0,
            "cat1": "Women",
            "cat2": "Lingerie & Innerwear",
            "cat3": "Bras",
            "brand": "hunkemoller"
        },
        {
            "product-id": "410316704",
            "avg-rating": "",
            "img-url": "https://assets.ajio.com/medias/sys_master/root/20220330/Shp7/62435de1f997dd03e23a31f7/-78Wx98H-410316704-rprse-MODEL.jpg",
            "price": 2495,
            "was-price": 2495,
            "name": "Claire Padded Underwired Lighlty-Padded Bra",
            "url": "/hunkemoller-claire-padded-underwired-lighlty-padded-bra/p/410316704_rprse",
            "offer-price": 1027.28,
            "rating-count": 0,
            "cat1": "Women",
            "cat2": "Lingerie & Innerwear",
            "cat3": "Bras",
            "brand": "hunkemoller"
        },
        {
            "product-id": "410307409",
            "avg-rating": "",
            "img-url": "https://assets.ajio.com/medias/sys_master/root/20220330/wD5e/6243586ef997dd03e23a1bc9/-78Wx98H-410307409-chnblu-MODEL.jpg",
            "price": 2295,
            "was-price": 2295,
            "name": "Maya Underwired Lightly-Padded Bra",
            "url": "/hunkemoller-maya-underwired-lightly-padded-bra/p/410307409_chnblu",
            "offer-price": 1031.02,
            "rating-count": 0,
            "cat1": "Women",
            "cat2": "Lingerie & Innerwear",
            "cat3": "Bras",
            "brand": "hunkemoller"
        },
        {
            "product-id": "410314564",
            "avg-rating": "",
            "img-url": "https://assets.ajio.com/medias/sys_master/root/20220330/wowr/62437112f997dd03e23acd81/-78Wx98H-410314564-tan-MODEL.jpg",
            "price": 2495,
            "was-price": 2495,
            "name": "Mona Non-Wired Lightly-Padded Bra",
            "url": "/hunkemoller-mona-non-wired-lightly-padded-bra/p/410314564_tan",
            "offer-price": 1120.87,
            "rating-count": 0,
            "cat1": "Women",
            "cat2": "Lingerie & Innerwear",
            "cat3": "Bras",
            "brand": "hunkemoller"
        },
        {
            "product-id": "410302337",
            "avg-rating": "",
            "img-url": "https://assets.ajio.com/medias/sys_master/root/20220330/YTCS/6243664cf997dd03e23a5814/-78Wx98H-410302337-blk-MODEL.jpg",
            "price": 3495,
            "was-price": 3495,
            "name": "Lace V-neck Babydoll & Panty Set",
            "url": "/hunkemoller-lace-v-neck-babydoll-panty-set/p/410302337_blk",
            "offer-price": 1439.09,
            "rating-count": 0,
            "cat1": "Women",
            "cat2": "Lingerie & Innerwear",
            "cat3": "Lingerie Sets",
            "brand": "hunkemoller"
        },
        {
            "product-id": "410314303",
            "avg-rating": "",
            "img-url": "https://assets.ajio.com/medias/sys_master/root/20220330/cCwb/624372aff997dd03e23af059/-78Wx98H-410314303-cvr-MODEL.jpg",
            "price": 2995,
            "was-price": 2995,
            "name": "Arabella Longline Underwired Lightly-Padded Bra",
            "url": "/hunkemoller-arabella-longline-underwired-lightly-padded-bra/p/410314303_cvr",
            "offer-price": 1345.49,
            "rating-count": 0,
            "cat1": "Women",
            "cat2": "Lingerie & Innerwear",
            "cat3": "Bras",
            "brand": "hunkemoller"
        },
        {
            "product-id": "410314299",
            "avg-rating": "",
            "img-url": "https://assets.ajio.com/medias/sys_master/root/20220330/iTDL/6243640daeb26921affe9c54/-78Wx98H-410314299-cvr-MODEL.jpg",
            "price": 795,
            "was-price": 795,
            "name": "May Boxer Lace Boyshorts",
            "url": "/hunkemoller-may-boxer-lace-boyshorts/p/410314299_cvr",
            "offer-price": 326.65,
            "rating-count": 0,
            "cat1": "Women",
            "cat2": "Lingerie & Innerwear",
            "cat3": "Panties",
            "brand": "hunkemoller"
        },
        {
            "product-id": "410314298",
            "avg-rating": "",
            "img-url": "https://assets.ajio.com/medias/sys_master/root/20220330/jWRQ/62435317f997dd03e23a0454/-78Wx98H-410314298-wine-MODEL.jpg",
            "price": 795,
            "was-price": 795,
            "name": "Jolie Thong Boxer Panties",
            "url": "/hunkemoller-jolie-thong-boxer-panties/p/410314298_wine",
            "offer-price": 326.65,
            "rating-count": 0,
            "cat1": "Women",
            "cat2": "Lingerie & Innerwear",
            "cat3": "Panties",
            "brand": "hunkemoller"
        },
        {
            "product-id": "410303580",
            "avg-rating": "",
            "img-url": "https://assets.ajio.com/medias/sys_master/root/20220330/59t4/6243565eaeb26921affe6882/-78Wx98H-410303580-oamel-MODEL.jpg",
            "price": 795,
            "was-price": 795,
            "name": "Brazilian Panties with Lace Trims",
            "url": "/hunkemoller-brazilian-panties-with-lace-trims/p/410303580_oamel",
            "offer-price": 326.65,
            "rating-count": 0,
            "cat1": "Women",
            "cat2": "Lingerie & Innerwear",
            "cat3": "Panties",
            "brand": "hunkemoller"
        },
        {
            "product-id": "410314544",
            "avg-rating": "",
            "img-url": "https://assets.ajio.com/medias/sys_master/root/20220330/xTNP/62435acaaeb26921affe793d/-78Wx98H-410314544-grngbls-MODEL.jpg",
            "price": 2995,
            "was-price": 2995,
            "name": "Lace Pauline Non-Padded Underwired Minimiser Bra",
            "url": "/hunkemoller-lace-pauline-non-padded-underwired-minimiser-bra/p/410314544_grngbls",
            "offer-price": 1233.18,
            "rating-count": 0,
            "cat1": "Women",
            "cat2": "Lingerie & Innerwear",
            "cat3": "Bras",
            "brand": "hunkemoller"
        },
        {
            "product-id": "410314573",
            "avg-rating": "",
            "img-url": "https://assets.ajio.com/medias/sys_master/root/20220330/cKol/62436f48aeb26921affee86b/-78Wx98H-410314573-grngbls-MODEL.jpg",
            "price": 2495,
            "was-price": 2495,
            "name": "Maya Heavily Padded Underwired Push-Up Bra",
            "url": "/hunkemoller-maya-heavily-padded-underwired-push-up-bra/p/410314573_grngbls",
            "offer-price": 1027.28,
            "rating-count": 0,
            "cat1": "Women",
            "cat2": "Lingerie & Innerwear",
            "cat3": "Bras",
            "brand": "hunkemoller"
        },
        {
            "product-id": "410303507",
            "avg-rating": "",
            "img-url": "https://assets.ajio.com/medias/sys_master/root/20220330/p9gi/624359d1aeb26921affe7623/-78Wx98H-410303507-cvr-MODEL.jpg",
            "price": 767,
            "was-price": 1395,
            "name": "Raine Boxer Thong Panties",
            "url": "/hunkemoller-raine-boxer-thong-panties/p/410303507_cvr",
            "offer-price": 573.31,
            "rating-count": 0,
            "cat1": "Women",
            "cat2": "Lingerie & Innerwear",
            "cat3": "Panties",
            "brand": "hunkemoller"
        },
        {
            "product-id": "410315006",
            "avg-rating": "",
            "img-url": "https://assets.ajio.com/medias/sys_master/root/20220330/TnHp/62435131f997dd03e239fd3e/-78Wx98H-410315006-red-MODEL.jpg",
            "price": 1895,
            "was-price": 1895,
            "name": "Plunge Underwired Lightly-Padded Bra",
            "url": "/hunkemoller-plunge-underwired-lightly-padded-bra/p/410315006_red",
            "offer-price": 780.19,
            "rating-count": 0,
            "cat1": "Women",
            "cat2": "Lingerie & Innerwear",
            "cat3": "Bras",
            "brand": "hunkemoller"
        },
        {
            "product-id": "410314999",
            "avg-rating": "",
            "img-url": "https://assets.ajio.com/medias/sys_master/root/20220330/CqiX/62436c17aeb26921affeb88c/-78Wx98H-410314999-grngbls-MODEL.jpg",
            "price": 1895,
            "was-price": 1895,
            "name": "Secret Lace Underwired Lightly-Padded Bra",
            "url": "/hunkemoller-secret-lace-underwired-lightly-padded-bra/p/410314999_grngbls",
            "offer-price": 780.19,
            "rating-count": 0,
            "cat1": "Women",
            "cat2": "Lingerie & Innerwear",
            "cat3": "Bras",
            "brand": "hunkemoller"
        },
        {
            "product-id": "410316698",
            "avg-rating": "",
            "img-url": "https://assets.ajio.com/medias/sys_master/root/20220330/izGx/624367ecf997dd03e23a5f69/-78Wx98H-410316698-lvptn-MODEL.jpg",
            "price": 2995,
            "was-price": 2995,
            "name": "Amora Non-Padded Underwired Bralette Bra",
            "url": "/hunkemoller-amora-non-padded-underwired-bralette-bra/p/410316698_lvptn",
            "offer-price": 1233.18,
            "rating-count": 0,
            "cat1": "Women",
            "cat2": "Lingerie & Innerwear",
            "cat3": "Bras",
            "brand": "hunkemoller"
        },
        {
            "product-id": "410316720",
            "avg-rating": "",
            "img-url": "https://assets.ajio.com/medias/sys_master/root/20220330/eSpv/624365eef997dd03e23a5632/-78Wx98H-410316720-pcot-MODEL.jpg",
            "price": 795,
            "was-price": 795,
            "name": "V-shape Brazilian Stripe Mesh Panties",
            "url": "/hunkemoller-v-shape-brazilian-stripe-mesh-panties/p/410316720_pcot",
            "offer-price": 326.65,
            "rating-count": 0,
            "cat1": "Women",
            "cat2": "Lingerie & Innerwear",
            "cat3": "Panties",
            "brand": "hunkemoller"
        },
        {
            "product-id": "410314285",
            "avg-rating": "",
            "img-url": "https://assets.ajio.com/medias/sys_master/root/20220330/CpvZ/624364b2aeb26921affe9ed5/-78Wx98H-410314285-malaga-MODEL.jpg",
            "price": 3295,
            "was-price": 3295,
            "name": "Elissa Padded Longline Underwired Lightly-Padded Bra",
            "url": "/hunkemoller-elissa-padded-longline-underwired-lightly-padded-bra/p/410314285_malaga",
            "offer-price": 1480.27,
            "rating-count": 0,
            "cat1": "Women",
            "cat2": "Lingerie & Innerwear",
            "cat3": "Bras",
            "brand": "hunkemoller"
        },
        {
            "product-id": "410306947",
            "avg-rating": "",
            "img-url": "https://assets.ajio.com/medias/sys_master/root/20220330/ej5Y/62435f74aeb26921affe8c0f/-78Wx98H-410306947-cvr-MODEL.jpg",
            "price": 795,
            "was-price": 795,
            "name": "Aylin Brazilian Panties",
            "url": "/hunkemoller-aylin-brazilian-panties/p/410306947_cvr",
            "offer-price": 326.65,
            "rating-count": 0,
            "cat1": "Women",
            "cat2": "Lingerie & Innerwear",
            "cat3": "Panties",
            "brand": "hunkemoller"
        },
        {
            "product-id": "410306953",
            "avg-rating": "",
            "img-url": "https://assets.ajio.com/medias/sys_master/root/20220330/lJou/6243657df997dd03e23a53cd/-78Wx98H-410306953-rhdn-MODEL.jpg",
            "price": 1495,
            "was-price": 1495,
            "name": "Pack of 3 Brazilian Panties with Lace Trims",
            "url": "/hunkemoller-pack-of-3-brazilian-panties-with-lace-trims/p/410306953_rhdn",
            "offer-price": 614.42,
            "rating-count": 0,
            "cat1": "Women",
            "cat2": "Lingerie & Innerwear",
            "cat3": "Panties",
            "brand": "hunkemoller"
        },
        {
            "product-id": "410307784",
            "avg-rating": "",
            "img-url": "https://assets.ajio.com/medias/sys_master/root/20220330/2tzQ/62436211f997dd03e23a46cb/-78Wx98H-410307784-cvr-MODEL.jpg",
            "price": 795,
            "was-price": 795,
            "name": "Lace Prim Thong Panties",
            "url": "/hunkemoller-lace-prim-thong-panties/p/410307784_cvr",
            "offer-price": 326.65,
            "rating-count": 0,
            "cat1": "Women",
            "cat2": "Lingerie & Innerwear",
            "cat3": "Panties",
            "brand": "hunkemoller"
        },
        {
            "product-id": "410306967",
            "avg-rating": "",
            "img-url": "https://assets.ajio.com/medias/sys_master/root/20220330/E2k3/62437553f997dd03e23b0235/-78Wx98H-410306967-blk-MODEL.jpg",
            "price": 1795,
            "was-price": 1795,
            "name": "Romance Crew-Neck Crop T-shirt",
            "url": "/hunkemoller-romance-crew-neck-crop-t-shirt/p/410306967_blk",
            "offer-price": 737.76,
            "rating-count": 0,
            "cat1": "Women",
            "cat2": "Night & Lounge Wear",
            "cat3": "Tops & Tshirts",
            "brand": "hunkemoller"
        },
        {
            "product-id": "410314290",
            "avg-rating": "",
            "img-url": "https://assets.ajio.com/medias/sys_master/root/20220330/5fbp/624372c1f997dd03e23af1f9/-78Wx98H-410314290-purpl-MODEL.jpg",
            "price": 767,
            "was-price": 1395,
            "name": "Bessie Brazilian Panties",
            "url": "/hunkemoller-bessie-brazilian-panties/p/410314290_purpl",
            "offer-price": 573.31,
            "rating-count": 0,
            "cat1": "Women",
            "cat2": "Lingerie & Innerwear",
            "cat3": "Panties",
            "brand": "hunkemoller"
        },
        {
            "product-id": "410306964",
            "avg-rating": "",
            "img-url": "https://assets.ajio.com/medias/sys_master/root/20220330/JsLV/6243631baeb26921affe98f5/-78Wx98H-410306964-cvr-MODEL.jpg",
            "price": 1995,
            "was-price": 1995,
            "name": "Raine High-Rise Thongs",
            "url": "/hunkemoller-raine-high-rise-thongs/p/410306964_cvr",
            "offer-price": 821.37,
            "rating-count": 0,
            "cat1": "Women",
            "cat2": "Lingerie & Innerwear",
            "cat3": "Panties",
            "brand": "hunkemoller"
        },
        {
            "product-id": "410316697",
            "avg-rating": "",
            "img-url": "https://assets.ajio.com/medias/sys_master/root/20220330/Zt8K/62437972f997dd03e23b13ed/-78Wx98H-410316697-lvptn-MODEL.jpg",
            "price": 2995,
            "was-price": 2995,
            "name": "Meghan Underwired Non-Padded Bra",
            "url": "/hunkemoller-meghan-underwired-non-padded-bra/p/410316697_lvptn",
            "offer-price": 1233.18,
            "rating-count": 0,
            "cat1": "Women",
            "cat2": "Lingerie & Innerwear",
            "cat3": "Bras",
            "brand": "hunkemoller"
        },
        {
            "product-id": "410302313",
            "avg-rating": "",
            "img-url": "https://assets.ajio.com/medias/sys_master/root/20220330/4GoZ/624368f5f997dd03e23a639a/-78Wx98H-410302313-fungi-MODEL.jpg",
            "price": 2795,
            "was-price": 2795,
            "name": "Lurex Velours Crew-Neck Top",
            "url": "/hunkemoller-lurex-velours-crew-neck-top/p/410302313_fungi",
            "offer-price": 1150.82,
            "rating-count": 0,
            "cat1": "Women",
            "cat2": "Night & Lounge Wear",
            "cat3": "Tops & Tshirts",
            "brand": "hunkemoller"
        },
        {
            "product-id": "410313040",
            "avg-rating": "",
            "img-url": "https://assets.ajio.com/medias/sys_master/root/20220330/SMqK/6243788cf997dd03e23b1033/-78Wx98H-410313040-pine-MODEL.jpg",
            "price": 822,
            "was-price": 1495,
            "name": "Pinewood Rio Bikini Bottom",
            "url": "/hunkemoller-pinewood-rio-bikini-bottom/p/410313040_pine",
            "offer-price": 614.42,
            "rating-count": 0,
            "cat1": "Women",
            "cat2": "Western Wear",
            "cat3": "Swimwear",
            "brand": "hunkemoller"
        },
        {
            "product-id": "410314536",
            "avg-rating": "",
            "img-url": "https://assets.ajio.com/medias/sys_master/root/20220330/KHlZ/624366c6aeb26921affea6d6/-78Wx98H-410314536-wht-MODEL.jpg",
            "price": 1372,
            "was-price": 2495,
            "name": "Rose Non-Underwired Lightly-Padded Bra",
            "url": "/hunkemoller-rose-non-underwired-lightly-padded-bra/p/410314536_wht",
            "offer-price": 1027.28,
            "rating-count": 0,
            "cat1": "Women",
            "cat2": "Lingerie & Innerwear",
            "cat3": "Bras",
            "brand": "hunkemoller"
        },
        {
            "product-id": "410301257",
            "avg-rating": "",
            "img-url": "https://assets.ajio.com/medias/sys_master/root/20220330/cyN6/62435036aeb26921affe52cf/-78Wx98H-410301257-wht-MODEL.jpg",
            "price": 1795,
            "was-price": 1795,
            "name": "Heathered Crew-Neck T-shirt",
            "url": "/hunkemoller-heathered-crew-neck-t-shirt/p/410301257_wht",
            "offer-price": 737.76,
            "rating-count": 0,
            "cat1": "Women",
            "cat2": "Night & Lounge Wear",
            "cat3": "Tops & Tshirts",
            "brand": "hunkemoller"
        },
        {
            "product-id": "410313057",
            "avg-rating": "",
            "img-url": "https://assets.ajio.com/medias/sys_master/root/20220330/bCf8/62437140f997dd03e23ad163/-78Wx98H-410313057-grngbls-MODEL.jpg",
            "price": 822,
            "was-price": 1495,
            "name": "Reeva High-Leg Thong Panties",
            "url": "/hunkemoller-reeva-high-leg-thong-panties/p/410313057_grngbls",
            "offer-price": 614.42,
            "rating-count": 0,
            "cat1": "Women",
            "cat2": "Lingerie & Innerwear",
            "cat3": "Panties",
            "brand": "hunkemoller"
        },
        {
            "product-id": "410314980",
            "avg-rating": "",
            "img-url": "https://assets.ajio.com/medias/sys_master/root/20220330/Pj4u/624372cbf997dd03e23af2d4/-78Wx98H-410314980-blk-MODEL.jpg",
            "price": 3295,
            "was-price": 3295,
            "name": "Galibi Padded Push-Up Underwired Bikini Top",
            "url": "/hunkemoller-galibi-padded-push-up-underwired-bikini-top/p/410314980_blk",
            "offer-price": 1356.72,
            "rating-count": 0,
            "cat1": "Women",
            "cat2": "Western Wear",
            "cat3": "Swimwear",
            "brand": "hunkemoller"
        },
        {
            "product-id": "410316703",
            "avg-rating": "",
            "img-url": "https://assets.ajio.com/medias/sys_master/root/20220330/qT0q/6243602caeb26921affe8f00/-78Wx98H-410316703-rprse-MODEL.jpg",
            "price": 2795,
            "was-price": 2795,
            "name": "Claire Padded Underwired Maximizer Bra",
            "url": "/hunkemoller-claire-padded-underwired-maximizer-bra/p/410316703_rprse",
            "offer-price": 1150.82,
            "rating-count": 0,
            "cat1": "Women",
            "cat2": "Lingerie & Innerwear",
            "cat3": "Bras",
            "brand": "hunkemoller"
        },
        {
            "product-id": "410314987",
            "avg-rating": "",
            "img-url": "https://assets.ajio.com/medias/sys_master/root/20220330/58Xh/624373feaeb26921afff43a4/-78Wx98H-410314987-purpl-MODEL.jpg",
            "price": 1557,
            "was-price": 2595,
            "name": "Sophie Non-Wired Lightly-Padded Bra",
            "url": "/hunkemoller-sophie-non-wired-lightly-padded-bra/p/410314987_purpl",
            "offer-price": 1165.79,
            "rating-count": 0,
            "cat1": "Women",
            "cat2": "Lingerie & Innerwear",
            "cat3": "Bras",
            "brand": "hunkemoller"
        },
        {
            "product-id": "460931617",
            "avg-rating": "",
            "img-url": "https://assets.ajio.com/medias/sys_master/root/20220326/iz66/623e0f3af997dd03e233b096/-78Wx98H-460931617-white-MODEL.jpg",
            "price": 8999,
            "was-price": 8999,
            "name": "Superstar Lace-Up Casual Shoes",
            "url": "/adidas-originals-superstar-lace-up-casual-shoes/p/460931617_white",
            "offer-price": 5659,
            "rating-count": 0,
            "cat1": "Women",
            "cat2": "Footwear",
            "cat3": "Casual Shoes",
            "brand": "adidas-originals"
        },
        {
            "product-id": "410307063",
            "avg-rating": "",
            "img-url": "https://assets.ajio.com/medias/sys_master/root/20220330/goiy/62435bc7aeb26921affe7d27/-78Wx98H-410307063-pond-MODEL.jpg",
            "price": 3295,
            "was-price": 3295,
            "name": "Elissa Longline Underwired Lucy Hale Lightly-Padded Bra",
            "url": "/hunkemoller-elissa-longline-underwired-lucy-hale-lightly-padded-bra/p/410307063_pond",
            "offer-price": 1356.72,
            "rating-count": 0,
            "cat1": "Women",
            "cat2": "Lingerie & Innerwear",
            "cat3": "Bras",
            "brand": "hunkemoller"
        },
        {
            "product-id": "410313041",
            "avg-rating": "",
            "img-url": "https://assets.ajio.com/medias/sys_master/root/20220330/JTsA/62435131f997dd03e239fd3f/-78Wx98H-410313041-nero-MODEL.jpg",
            "price": 1495,
            "was-price": 1495,
            "name": "Scallop Glam Low Rio Bikini Bottoms",
            "url": "/hunkemoller-scallop-glam-low-rio-bikini-bottoms/p/410313041_nero",
            "offer-price": 614.42,
            "rating-count": 0,
            "cat1": "Women",
            "cat2": "Western Wear",
            "cat3": "Swimwear",
            "brand": "hunkemoller"
        },
        {
            "product-id": "410316706",
            "avg-rating": "",
            "img-url": "https://assets.ajio.com/medias/sys_master/root/20220330/Bs3i/62437182f997dd03e23ad71f/-78Wx98H-410316706-rprse-MODEL.jpg",
            "price": 767,
            "was-price": 1395,
            "name": "Claire Lace Brazilian Panties",
            "url": "/hunkemoller-claire-lace-brazilian-panties/p/410316706_rprse",
            "offer-price": 573.31,
            "rating-count": 0,
            "cat1": "Women",
            "cat2": "Lingerie & Innerwear",
            "cat3": "Panties",
            "brand": "hunkemoller"
        },
        {
            "product-id": "410313280",
            "avg-rating": "",
            "img-url": "https://assets.ajio.com/medias/sys_master/root/20220330/3U5M/62437734f997dd03e23b0aca/-78Wx98H-410313280-cvr-MODEL.jpg",
            "price": 932,
            "was-price": 1695,
            "name": "Mel Brazilian Panties",
            "url": "/hunkemoller-mel-brazilian-panties/p/410313280_cvr",
            "offer-price": 696.65,
            "rating-count": 0,
            "cat1": "Women",
            "cat2": "Lingerie & Innerwear",
            "cat3": "Panties",
            "brand": "hunkemoller"
        },
        {
            "product-id": "410307062",
            "avg-rating": "",
            "img-url": "https://assets.ajio.com/medias/sys_master/root/20220330/tKUX/6243696ef997dd03e23a65d3/-78Wx98H-410307062-cvr-MODEL.jpg",
            "price": 3295,
            "was-price": 3295,
            "name": "Elissa Longline Underwired Lucy Hale Lightly-Padded Bra",
            "url": "/hunkemoller-elissa-longline-underwired-lucy-hale-lightly-padded-bra/p/410307062_cvr",
            "offer-price": 1480.27,
            "rating-count": 0,
            "cat1": "Women",
            "cat2": "Lingerie & Innerwear",
            "cat3": "Bras",
            "brand": "hunkemoller"
        },
        {
            "product-id": "410307045",
            "avg-rating": "",
            "img-url": "https://assets.ajio.com/medias/sys_master/root/20220330/0CVc/62436342aeb26921affe9977/-78Wx98H-410307045-cvr-MODEL.jpg",
            "price": 2295,
            "was-price": 2295,
            "name": "Elissa Non-Wired Beginners Bralette",
            "url": "/hunkemoller-elissa-non-wired-beginners-bralette/p/410307045_cvr",
            "offer-price": 1031.02,
            "rating-count": 0,
            "cat1": "Women",
            "cat2": "Lingerie & Innerwear",
            "cat3": "Bras",
            "brand": "hunkemoller"
        },
        {
            "product-id": "410314305",
            "avg-rating": "",
            "img-url": "https://assets.ajio.com/medias/sys_master/root/20220330/iyJk/62436ec0aeb26921affedfd3/-78Wx98H-410314305-cvr-MODEL.jpg",
            "price": 1295,
            "was-price": 1295,
            "name": "Arabella Thong Panties",
            "url": "/hunkemoller-arabella-thong-panties/p/410314305_cvr",
            "offer-price": 532.2,
            "rating-count": 0,
            "cat1": "Women",
            "cat2": "Lingerie & Innerwear",
            "cat3": "Panties",
            "brand": "hunkemoller"
        },
        {
            "product-id": "410307401",
            "avg-rating": "",
            "img-url": "https://assets.ajio.com/medias/sys_master/root/20220330/DGz6/62435124f997dd03e239fbd2/-78Wx98H-410307401-pcot-MODEL.jpg",
            "price": 2295,
            "was-price": 2295,
            "name": "Rose Halter-Neck Beginners Bralette",
            "url": "/hunkemoller-rose-halter-neck-beginners-bralette/p/410307401_pcot",
            "offer-price": 944.91,
            "rating-count": 0,
            "cat1": "Women",
            "cat2": "Lingerie & Innerwear",
            "cat3": "Bras",
            "brand": "hunkemoller"
        },
        {
            "product-id": "410303589",
            "avg-rating": "",
            "img-url": "https://assets.ajio.com/medias/sys_master/root/20220330/iOrt/62436bf1f997dd03e23a6ff9/-78Wx98H-410303589-gryml-MODEL.jpg",
            "price": 795,
            "was-price": 795,
            "name": "Brazilian Panties With Lace Trims",
            "url": "/hunkemoller-brazilian-panties-with-lace-trims/p/410303589_gryml",
            "offer-price": 326.65,
            "rating-count": 0,
            "cat1": "Women",
            "cat2": "Lingerie & Innerwear",
            "cat3": "Panties",
            "brand": "hunkemoller"
        },
        {
            "product-id": "410315705",
            "avg-rating": "",
            "img-url": "https://assets.ajio.com/medias/sys_master/root/20220330/rph8/62435128f997dd03e239fc79/-78Wx98H-410315705-cvr-MODEL.jpg",
            "price": 2795,
            "was-price": 2795,
            "name": "Meghan Underwired Non-Padded Bra",
            "url": "/hunkemoller-meghan-underwired-non-padded-bra/p/410315705_cvr",
            "offer-price": 1150.82,
            "rating-count": 0,
            "cat1": "Women",
            "cat2": "Lingerie & Innerwear",
            "cat3": "Bras",
            "brand": "hunkemoller"
        },
        {
            "product-id": "410314309",
            "avg-rating": "",
            "img-url": "https://assets.ajio.com/medias/sys_master/root/20220330/WUjy/624357d0f997dd03e23a1966/-78Wx98H-410314309-wht-MODEL.jpg",
            "price": 795,
            "was-price": 795,
            "name": "Pixie Lace Boxer String Thong Panties",
            "url": "/hunkemoller-pixie-lace-boxer-string-thong-panties/p/410314309_wht",
            "offer-price": 326.65,
            "rating-count": 0,
            "cat1": "Women",
            "cat2": "Lingerie & Innerwear",
            "cat3": "Panties",
            "brand": "hunkemoller"
        },
        {
            "product-id": "410307766",
            "avg-rating": "",
            "img-url": "https://assets.ajio.com/medias/sys_master/root/20220330/s1tu/624372aff997dd03e23af055/-78Wx98H-410307766-cvr-MODEL.jpg",
            "price": 795,
            "was-price": 795,
            "name": "Maarya Thong Briefs",
            "url": "/hunkemoller-maarya-thong-briefs/p/410307766_cvr",
            "offer-price": 326.65,
            "rating-count": 0,
            "cat1": "Women",
            "cat2": "Lingerie & Innerwear",
            "cat3": "Panties",
            "brand": "hunkemoller"
        },
        {
            "product-id": "410316707",
            "avg-rating": "",
            "img-url": "https://assets.ajio.com/medias/sys_master/root/20220330/SjdV/6243575cf997dd03e23a16ed/-78Wx98H-410316707-red-MODEL.jpg",
            "price": 1797,
            "was-price": 2995,
            "name": "Claire Non-Wired Low Demi Plunge Lightly-Padded Bra",
            "url": "/hunkemoller-claire-non-wired-low-demi-plunge-lightly-padded-bra/p/410316707_red",
            "offer-price": 1345.49,
            "rating-count": 0,
            "cat1": "Women",
            "cat2": "Lingerie & Innerwear",
            "cat3": "Bras",
            "brand": "hunkemoller"
        },
        {
            "product-id": "410314602",
            "avg-rating": "",
            "img-url": "https://assets.ajio.com/medias/sys_master/root/20220330/Od9S/624357c6aeb26921affe6e9f/-78Wx98H-410314602-mulgra-MODEL.jpg",
            "price": 1647,
            "was-price": 2995,
            "name": "Aura Round-Neck Sports Top with Ruching",
            "url": "/hunkemoller-aura-round-neck-sports-top-with-ruching/p/410314602_mulgra",
            "offer-price": 1233.18,
            "rating-count": 0,
            "cat1": "Women",
            "cat2": "Western Wear",
            "cat3": "Tops",
            "brand": "hunkemoller"
        },
        {
            "product-id": "410315036",
            "avg-rating": "",
            "img-url": "https://assets.ajio.com/medias/sys_master/root/20220330/DzFk/6243637af997dd03e23a4b65/-78Wx98H-410315036-eprose-MODEL.jpg",
            "price": 1995,
            "was-price": 1995,
            "name": "Asana Round-Neck Top with Ruching",
            "url": "/hunkemoller-asana-round-neck-top-with-ruching/p/410315036_eprose",
            "offer-price": 821.37,
            "rating-count": 0,
            "cat1": "Women",
            "cat2": "Western Wear",
            "cat3": "Tops",
            "brand": "hunkemoller"
        },
        {
            "product-id": "410313262",
            "avg-rating": "",
            "img-url": "https://assets.ajio.com/medias/sys_master/root/20220330/AP7u/624361afaeb26921affe946c/-78Wx98H-410313262-cmrs-MODEL.jpg",
            "price": 795,
            "was-price": 795,
            "name": "V-shape Brazilian Lace Panties",
            "url": "/hunkemoller-v-shape-brazilian-lace-panties/p/410313262_cmrs",
            "offer-price": 326.65,
            "rating-count": 0,
            "cat1": "Women",
            "cat2": "Lingerie & Innerwear",
            "cat3": "Panties",
            "brand": "hunkemoller"
        },
        {
            "product-id": "410307413",
            "avg-rating": "",
            "img-url": "https://assets.ajio.com/medias/sys_master/root/20220330/32VO/62437b58aeb26921afff60b8/-78Wx98H-410307413-trpr-MODEL.jpg",
            "price": 795,
            "was-price": 795,
            "name": "Invisible Thong Striped Mesh Briefs",
            "url": "/hunkemoller-invisible-thong-striped-mesh-briefs/p/410307413_trpr",
            "offer-price": 326.65,
            "rating-count": 0,
            "cat1": "Women",
            "cat2": "Lingerie & Innerwear",
            "cat3": "Panties",
            "brand": "hunkemoller"
        },
        {
            "product-id": "410302942",
            "avg-rating": "",
            "img-url": "https://assets.ajio.com/medias/sys_master/root/20220330/o825/6243664baeb26921affea533/-78Wx98H-410302942-cvr-MODEL.jpg",
            "price": 795,
            "was-price": 795,
            "name": "Cali Brazilian Panties",
            "url": "/hunkemoller-cali-brazilian-panties/p/410302942_cvr",
            "offer-price": 326.65,
            "rating-count": 0,
            "cat1": "Women",
            "cat2": "Lingerie & Innerwear",
            "cat3": "Panties",
            "brand": "hunkemoller"
        },
        {
            "product-id": "410295428",
            "avg-rating": "",
            "img-url": "https://assets.ajio.com/medias/sys_master/root/20220330/gc8C/62437366f997dd03e23afa0c/-78Wx98H-410295428-prrt-MODEL.jpg",
            "price": 1695,
            "was-price": 1695,
            "name": "Orchid Rio Bikini Bottom",
            "url": "/hunkemoller-orchid-rio-bikini-bottom/p/410295428_prrt",
            "offer-price": 696.65,
            "rating-count": 0,
            "cat1": "Women",
            "cat2": "Western Wear",
            "cat3": "Swimwear",
            "brand": "hunkemoller"
        },
        {
            "product-id": "410313268",
            "avg-rating": "",
            "img-url": "https://assets.ajio.com/medias/sys_master/root/20220330/4KAJ/624373feaeb26921afff438a/-78Wx98H-410313268-cvr-MODEL.jpg",
            "price": 2795,
            "was-price": 2795,
            "name": "Bijou Non-Padded Underwired Minimiser Bra",
            "url": "/hunkemoller-bijou-non-padded-underwired-minimiser-bra/p/410313268_cvr",
            "offer-price": 1255.64,
            "rating-count": 0,
            "cat1": "Women",
            "cat2": "Lingerie & Innerwear",
            "cat3": "Bras",
            "brand": "hunkemoller"
        },
        {
            "product-id": "410315698",
            "avg-rating": "",
            "img-url": "https://assets.ajio.com/medias/sys_master/root/20220330/cKvl/62435652aeb26921affe681a/-78Wx98H-410315698-blk-MODEL.jpg",
            "price": 2795,
            "was-price": 2795,
            "name": "HKMX Sports Bra The All Star Level 2",
            "url": "/hunkemoller-hkmx-sports-bra-the-all-star-level-2/p/410315698_blk",
            "offer-price": 1150.82,
            "rating-count": 0,
            "cat1": "Women",
            "cat2": "Lingerie & Innerwear",
            "cat3": "Bras",
            "brand": "hunkemoller"
        },
        {
            "product-id": "410314971",
            "avg-rating": "",
            "img-url": "https://assets.ajio.com/medias/sys_master/root/20220330/2sjX/6243564ff997dd03e23a1221/-78Wx98H-410314971-yllw-MODEL.jpg",
            "price": 1262,
            "was-price": 2295,
            "name": "Striped Bikini Croptop Back Tie-Up",
            "url": "/hunkemoller-striped-bikini-croptop-back-tie-up/p/410314971_yllw",
            "offer-price": 944.91,
            "rating-count": 0,
            "cat1": "Women",
            "cat2": "Western Wear",
            "cat3": "Swimwear",
            "brand": "hunkemoller"
        },
        {
            "product-id": "410307410",
            "avg-rating": "",
            "img-url": "https://assets.ajio.com/medias/sys_master/root/20220330/QzaX/62436fa8aeb26921affef012/-78Wx98H-410307410-chnblu-MODEL.jpg",
            "price": 2495,
            "was-price": 2495,
            "name": "Maya Padded Underwired Push-Up Bra",
            "url": "/hunkemoller-maya-padded-underwired-push-up-bra/p/410307410_chnblu",
            "offer-price": 1120.87,
            "rating-count": 0,
            "cat1": "Women",
            "cat2": "Lingerie & Innerwear",
            "cat3": "Bras",
            "brand": "hunkemoller"
        },
        {
            "product-id": "410303619",
            "avg-rating": "",
            "img-url": "https://assets.ajio.com/medias/sys_master/root/20220330/AbAb/624374d0aeb26921afff46b8/-78Wx98H-410303619-dbag-MODEL.jpg",
            "price": 1395,
            "was-price": 1395,
            "name": "Shiloh Brazilian Panties",
            "url": "/hunkemoller-shiloh-brazilian-panties/p/410303619_dbag",
            "offer-price": 573.31,
            "rating-count": 0,
            "cat1": "Women",
            "cat2": "Lingerie & Innerwear",
            "cat3": "Panties",
            "brand": "hunkemoller"
        },
        {
            "product-id": "410314275",
            "avg-rating": "",
            "img-url": "https://assets.ajio.com/medias/sys_master/root/20220330/yCh6/62437321aeb26921afff3277/-78Wx98H-410314275-pond-MODEL.jpg",
            "price": 822,
            "was-price": 1495,
            "name": "Margaret Thong Panties",
            "url": "/hunkemoller-margaret-thong-panties/p/410314275_pond",
            "offer-price": 614.42,
            "rating-count": 0,
            "cat1": "Women",
            "cat2": "Lingerie & Innerwear",
            "cat3": "Panties",
            "brand": "hunkemoller"
        },
        {
            "product-id": "410306975",
            "avg-rating": "",
            "img-url": "https://assets.ajio.com/medias/sys_master/root/20220330/YPKE/62436997f997dd03e23a6674/-78Wx98H-410306975-nsblu-MODEL.jpg",
            "price": 795,
            "was-price": 795,
            "name": "Heira High-Rise Brazilian Panties",
            "url": "/hunkemoller-heira-high-rise-brazilian-panties/p/410306975_nsblu",
            "offer-price": 326.65,
            "rating-count": 0,
            "cat1": "Women",
            "cat2": "Lingerie & Innerwear",
            "cat3": "Panties",
            "brand": "hunkemoller"
        },
        {
            "product-id": "410313282",
            "avg-rating": "",
            "img-url": "https://assets.ajio.com/medias/sys_master/root/20220330/FQjj/6243797baeb26921afff5811/-78Wx98H-410313282-grngbls-MODEL.jpg",
            "price": 795,
            "was-price": 795,
            "name": "Astrid Boxer Lace Panties",
            "url": "/hunkemoller-astrid-boxer-lace-panties/p/410313282_grngbls",
            "offer-price": 326.65,
            "rating-count": 0,
            "cat1": "Women",
            "cat2": "Lingerie & Innerwear",
            "cat3": "Panties",
            "brand": "hunkemoller"
        },
        {
            "product-id": "410306972",
            "avg-rating": "",
            "img-url": "https://assets.ajio.com/medias/sys_master/root/20220330/51Va/62435575f997dd03e23a0e8b/-78Wx98H-410306972-nsblu-MODEL.jpg",
            "price": 795,
            "was-price": 795,
            "name": "Lacey Brazilian Panties",
            "url": "/hunkemoller-lacey-brazilian-panties/p/410306972_nsblu",
            "offer-price": 326.65,
            "rating-count": 0,
            "cat1": "Women",
            "cat2": "Lingerie & Innerwear",
            "cat3": "Panties",
            "brand": "hunkemoller"
        },
        {
            "product-id": "410302814",
            "avg-rating": "",
            "img-url": "https://assets.ajio.com/medias/sys_master/root/20220330/pQAA/62436779aeb26921affea9d6/-78Wx98H-410302814-rhdn-MODEL.jpg",
            "price": 4495,
            "was-price": 4495,
            "name": "Lace V-neck Bodysuits",
            "url": "/hunkemoller-lace-v-neck-bodysuits/p/410302814_rhdn",
            "offer-price": 1852.45,
            "rating-count": 0,
            "cat1": "Women",
            "cat2": "Lingerie & Innerwear",
            "cat3": "Lingerie Sets",
            "brand": "hunkemoller"
        },
        {
            "product-id": "410295424",
            "avg-rating": "",
            "img-url": "https://assets.ajio.com/medias/sys_master/root/20220330/MCNk/624369b6aeb26921affeb218/-78Wx98H-410295424-prrt-MODEL.jpg",
            "price": 1647,
            "was-price": 2995,
            "name": "Orchid Padded Underwired Bikini Top",
            "url": "/hunkemoller-orchid-padded-underwired-bikini-top/p/410295424_prrt",
            "offer-price": 1233.18,
            "rating-count": 0,
            "cat1": "Women",
            "cat2": "Western Wear",
            "cat3": "Swimwear",
            "brand": "hunkemoller"
        },
        {
            "product-id": "410314286",
            "avg-rating": "",
            "img-url": "https://assets.ajio.com/medias/sys_master/root/20220330/rnan/624375b9aeb26921afff4a1f/-78Wx98H-410314286-malaga-MODEL.jpg",
            "price": 822,
            "was-price": 1495,
            "name": "Elissa Brazilian Panties",
            "url": "/hunkemoller-elissa-brazilian-panties/p/410314286_malaga",
            "offer-price": 614.42,
            "rating-count": 0,
            "cat1": "Women",
            "cat2": "Lingerie & Innerwear",
            "cat3": "Panties",
            "brand": "hunkemoller"
        },
        {
            "product-id": "410307783",
            "avg-rating": "",
            "img-url": "https://assets.ajio.com/medias/sys_master/root/20220330/7Uky/62437340aeb26921afff34ea/-78Wx98H-410307783-nstrose-MODEL.jpg",
            "price": 795,
            "was-price": 795,
            "name": "Chloe Lace Brazilian Panties",
            "url": "/hunkemoller-chloe-lace-brazilian-panties/p/410307783_nstrose",
            "offer-price": 326.65,
            "rating-count": 0,
            "cat1": "Women",
            "cat2": "Lingerie & Innerwear",
            "cat3": "Panties",
            "brand": "hunkemoller"
        },
        {
            "product-id": "410314439",
            "avg-rating": "",
            "img-url": "https://assets.ajio.com/medias/sys_master/root/20220330/S35Y/62436440aeb26921affe9cde/-78Wx98H-410314439-blk-MODEL.jpg",
            "price": 3495,
            "was-price": 3495,
            "name": "Lace Top Lucy Hale",
            "url": "/hunkemoller-lace-top-lucy-hale/p/410314439_blk",
            "offer-price": 1439.09,
            "rating-count": 0,
            "cat1": "Women",
            "cat2": "Night & Lounge Wear",
            "cat3": "Tops & Tshirts",
            "brand": "hunkemoller"
        },
        {
            "product-id": "410314547",
            "avg-rating": "",
            "img-url": "https://assets.ajio.com/medias/sys_master/root/20220330/CEXX/62435fbff997dd03e23a3c66/-78Wx98H-410314547-cvr-MODEL.jpg",
            "price": 1797,
            "was-price": 2995,
            "name": "Kelsey Underwired Lightly-Padded Bra",
            "url": "/hunkemoller-kelsey-underwired-lightly-padded-bra/p/410314547_cvr",
            "offer-price": 1345.49,
            "rating-count": 0,
            "cat1": "Women",
            "cat2": "Lingerie & Innerwear",
            "cat3": "Bras",
            "brand": "hunkemoller"
        },
        {
            "product-id": "410314429",
            "avg-rating": "",
            "img-url": "https://assets.ajio.com/medias/sys_master/root/20220330/0Uzd/62436309f997dd03e23a4985/-78Wx98H-410314429-grngbls-MODEL.jpg",
            "price": 767,
            "was-price": 1395,
            "name": "Rose Brazilian Lace Panties",
            "url": "/hunkemoller-rose-brazilian-lace-panties/p/410314429_grngbls",
            "offer-price": 573.31,
            "rating-count": 0,
            "cat1": "Women",
            "cat2": "Lingerie & Innerwear",
            "cat3": "Panties",
            "brand": "hunkemoller"
        },
        {
            "product-id": "410170782",
            "avg-rating": "",
            "img-url": "https://assets.ajio.com/medias/sys_master/root/20220330/DBOP/6243737faeb26921afff39ae/-78Wx98H-410170782-blu-MODEL.jpg",
            "price": 2495,
            "was-price": 2495,
            "name": "Lace Heavily-Padded Push-Up Bra",
            "url": "/hunkemoller-lace-heavily-padded-push-up-bra/p/410170782_blu",
            "offer-price": 1027.28,
            "rating-count": 0,
            "cat1": "Women",
            "cat2": "Lingerie & Innerwear",
            "cat3": "Bras",
            "brand": "hunkemoller"
        }
    ],
    "ajio": [],
    "": []
}